ISO-10303-21;
HEADER;
FILE_DESCRIPTION (( 'STEP AP214' ),
    '1' );
FILE_NAME ('gb_bottom.STEP',
    '2026-02-10T21:06:42',
    ( '' ),
    ( '' ),
    'SwSTEP 2.0',
    'SolidWorks 2025',
    '' );
FILE_SCHEMA (( 'AUTOMOTIVE_DESIGN' ));
ENDSEC;

DATA;
#1 = EDGE_CURVE ( 'NONE', #2032, #60, #1827, .T. ) ;
#2 = FACE_OUTER_BOUND ( 'NONE', #432, .T. ) ;
#3 = FACE_OUTER_BOUND ( 'NONE', #242, .T. ) ;
#4 = EDGE_CURVE ( 'NONE', #54, #1862, #695, .T. ) ;
#5 = ORIENTED_EDGE ( 'NONE', *, *, #767, .F. ) ;
#6 = AXIS2_PLACEMENT_3D ( 'NONE', #1916, #1765, #1755 ) ;
#7 = CARTESIAN_POINT ( 'NONE',  ( 38.50000000000001421, 5.000000000000000000, 60.00000000000003553 ) ) ;
#8 = LINE ( 'NONE', #1004, #2018 ) ;
#9 = ORIENTED_EDGE ( 'NONE', *, *, #542, .T. ) ;
#10 = CARTESIAN_POINT ( 'NONE',  ( -42.49999999999999289, 0.000000000000000000, -63.99999999999997158 ) ) ;
#11 = ADVANCED_FACE ( 'NONE', ( #368 ), #239, .T. ) ;
#12 = ADVANCED_FACE ( 'NONE', ( #1350 ), #407, .T. ) ;
#13 = DIRECTION ( 'NONE',  ( -0.7631238019613517665, 0.000000000000000000, -0.6462523213730468896 ) ) ;
#14 = EDGE_LOOP ( 'NONE', ( #1922, #1372, #727, #1431 ) ) ;
#15 = CARTESIAN_POINT ( 'NONE',  ( 39.54784813758168838, 5.000000000000003553, 12.14373832975418033 ) ) ;
#16 = CARTESIAN_POINT ( 'NONE',  ( 42.50000000000002132, -0.4999999999999996669, 2.000000000000024425 ) ) ;
#17 = VERTEX_POINT ( 'NONE', #415 ) ;
#18 = LINE ( 'NONE', #508, #287 ) ;
#19 = LINE ( 'NONE', #664, #1102 ) ;
#20 = ADVANCED_FACE ( 'NONE', ( #728 ), #1658, .T. ) ;
#21 = CIRCLE ( 'NONE', #1218, 7.500000000000000000 ) ;
#22 = VERTEX_POINT ( 'NONE', #58 ) ;
#23 = CARTESIAN_POINT ( 'NONE',  ( 42.49996418797040576, 5.000000000000041744, -3.940744377515074337 ) ) ;
#24 = CIRCLE ( 'NONE', #1221, 7.500000000000000000 ) ;
#25 = CARTESIAN_POINT ( 'NONE',  ( -48.49999999999999289, -9.999999999999998224, -64.99999999999997158 ) ) ;
#26 = AXIS2_PLACEMENT_3D ( 'NONE', #788, #1443, #631 ) ;
#27 = VERTEX_POINT ( 'NONE', #554 ) ;
#28 = CARTESIAN_POINT ( 'NONE',  ( 41.00000000000000711, -15.00000000000000000, 62.50000000000001421 ) ) ;
#29 = EDGE_LOOP ( 'NONE', ( #2053, #272, #1958, #307 ) ) ;
#30 = CARTESIAN_POINT ( 'NONE',  ( 42.50000000000000711, 3.000000000000000000, -64.00000000000000000 ) ) ;
#31 = PRESENTATION_LAYER_ASSIGNMENT (  '', '', ( #1563 ) ) ;
#32 = ORIENTED_EDGE ( 'NONE', *, *, #295, .F. ) ;
#33 = DIRECTION ( 'NONE',  ( -1.000000000000000000, 0.000000000000000000, 0.000000000000000000 ) ) ;
#34 = LINE ( 'NONE', #725, #387 ) ;
#35 = ORIENTED_EDGE ( 'NONE', *, *, #1908, .T. ) ;
#36 = PLANE ( 'NONE',  #737 ) ;
#37 = CARTESIAN_POINT ( 'NONE',  ( 38.50000000000001421, 3.000000000000000000, -1.078964550955288093 ) ) ;
#38 = DIRECTION ( 'NONE',  ( -1.000000000000000000, 0.000000000000000000, 0.000000000000000000 ) ) ;
#39 = DIRECTION ( 'NONE',  ( -1.000000000000000000, 0.000000000000000000, 0.000000000000000000 ) ) ;
#40 = ORIENTED_EDGE ( 'NONE', *, *, #1207, .F. ) ;
#41 = CARTESIAN_POINT ( 'NONE',  ( 39.37052862490430272, 5.000000000000003553, -1.903303234526303234 ) ) ;
#42 = CIRCLE ( 'NONE', #310, 7.500000000000000000 ) ;
#43 = FACE_OUTER_BOUND ( 'NONE', #1851, .T. ) ;
#44 = EDGE_LOOP ( 'NONE', ( #1910, #642, #69, #2087, #1977 ) ) ;
#45 = DIRECTION ( 'NONE',  ( 1.000000000000000000, 0.000000000000000000, -2.244298497044992285E-14 ) ) ;
#46 = VERTEX_POINT ( 'NONE', #1192 ) ;
#47 = CARTESIAN_POINT ( 'NONE',  ( 38.50000000000001421, 3.000000000000000000, 58.00000000000002842 ) ) ;
#48 = LINE ( 'NONE', #216, #2024 ) ;
#49 = ORIENTED_EDGE ( 'NONE', *, *, #1367, .T. ) ;
#50 = CARTESIAN_POINT ( 'NONE',  ( 40.27627430135111553, 5.000000000000000888, -3.281486579062674380 ) ) ;
#51 = EDGE_CURVE ( 'NONE', #1726, #1415, #855, .T. ) ;
#52 = LINE ( 'NONE', #808, #1115 ) ;
#53 = FACE_OUTER_BOUND ( 'NONE', #1279, .T. ) ;
#54 = VERTEX_POINT ( 'NONE', #1361 ) ;
#55 = CIRCLE ( 'NONE', #327, 7.500000000000000000 ) ;
#56 = CARTESIAN_POINT ( 'NONE',  ( 0.000000000000000000, -5.000000000000000000, 0.000000000000000000 ) ) ;
#57 = ORIENTED_EDGE ( 'NONE', *, *, #641, .T. ) ;
#58 = CARTESIAN_POINT ( 'NONE',  ( 41.00000000000000711, 0.000000000000000000, 70.00000000000000000 ) ) ;
#59 = CARTESIAN_POINT ( 'NONE',  ( 43.50000000000001421, -1.999999999999998224, 5.000000000000028422 ) ) ;
#60 = VERTEX_POINT ( 'NONE', #1998 ) ;
#61 = CARTESIAN_POINT ( 'NONE',  ( 42.31073577024690735, 5.000000000000026645, -2.981106636093605822 ) ) ;
#62 = LINE ( 'NONE', #580, #632 ) ;
#63 = CARTESIAN_POINT ( 'NONE',  ( -36.50000000000000000, 3.000000000000000000, 58.00000000000003553 ) ) ;
#64 = ORIENTED_EDGE ( 'NONE', *, *, #1938, .T. ) ;
#65 = DIRECTION ( 'NONE',  ( -0.000000000000000000, 0.000000000000000000, 1.000000000000000000 ) ) ;
#66 = DIRECTION ( 'NONE',  ( -1.000000000000000000, 0.000000000000000000, 0.000000000000000000 ) ) ;
#67 = PLANE ( 'NONE',  #1144 ) ;
#68 = ADVANCED_FACE ( 'NONE', ( #1228 ), #1057, .T. ) ;
#69 = ORIENTED_EDGE ( 'NONE', *, *, #710, .F. ) ;
#70 = CARTESIAN_POINT ( 'NONE',  ( 40.08291005537272866, 5.000000000002611245, 0.2013528698402802519 ) ) ;
#71 = CARTESIAN_POINT ( 'NONE',  ( 41.50000000000000711, -5.000000000000000000, -1.999999999999971356 ) ) ;
#72 = VECTOR ( 'NONE', #1934, 1000.000000000000000 ) ;
#73 = EDGE_CURVE ( 'NONE', #1518, #333, #1511, .T. ) ;
#74 = VECTOR ( 'NONE', #1224, 1000.000000000000000 ) ;
#75 = DIRECTION ( 'NONE',  ( 0.000000000000000000, 0.000000000000000000, -1.000000000000000000 ) ) ;
#76 = ORIENTED_EDGE ( 'NONE', *, *, #77, .F. ) ;
#77 = EDGE_CURVE ( 'NONE', #1195, #252, #543, .T. ) ;
#78 = DIRECTION ( 'NONE',  ( 1.295260195396016016E-14, 0.000000000000000000, -1.000000000000000000 ) ) ;
#79 = CARTESIAN_POINT ( 'NONE',  ( 48.50000000000000711, 0.000000000000000000, -69.99999999999998579 ) ) ;
#80 = DIRECTION ( 'NONE',  ( 5.981805089575196197E-17, -0.000000000000000000, 1.000000000000000000 ) ) ;
#81 = ORIENTED_EDGE ( 'NONE', *, *, #2090, .T. ) ;
#82 = LINE ( 'NONE', #731, #817 ) ;
#83 = EDGE_CURVE ( 'NONE', #263, #1839, #330, .T. ) ;
#84 = DIRECTION ( 'NONE',  ( 3.265361837132813093E-16, -0.000000000000000000, 1.000000000000000000 ) ) ;
#85 = LINE ( 'NONE', #430, #1135 ) ;
#86 = VECTOR ( 'NONE', #1058, 1000.000000000000000 ) ;
#87 = DIRECTION ( 'NONE',  ( 0.000000000000000000, 0.000000000000000000, 1.000000000000000000 ) ) ;
#88 = EDGE_LOOP ( 'NONE', ( #1353, #2107, #1133, #1418 ) ) ;
#89 = LINE ( 'NONE', #1247, #800 ) ;
#90 = AXIS2_PLACEMENT_3D ( 'NONE', #1065, #726, #779 ) ;
#91 = DIRECTION ( 'NONE',  ( -1.000000000000000000, 0.000000000000000000, 0.000000000000000000 ) ) ;
#92 = EDGE_LOOP ( 'NONE', ( #1388, #697, #1967, #494 ) ) ;
#93 = CARTESIAN_POINT ( 'NONE',  ( 0.000000000000000000, 5.000000000000000000, 0.000000000000000000 ) ) ;
#94 = EDGE_CURVE ( 'NONE', #990, #1602, #1693, .T. ) ;
#95 = DIRECTION ( 'NONE',  ( 0.000000000000000000, 1.000000000000000000, 0.000000000000000000 ) ) ;
#96 = DIRECTION ( 'NONE',  ( -0.000000000000000000, -1.000000000000000000, -0.000000000000000000 ) ) ;
#97 = CARTESIAN_POINT ( 'NONE',  ( 40.50000000000000711, 5.000000000000000000, -62.00000000000000000 ) ) ;
#98 = ORIENTED_EDGE ( 'NONE', *, *, #1207, .T. ) ;
#99 = LINE ( 'NONE', #1087, #1592 ) ;
#100 = DIRECTION ( 'NONE',  ( 1.445602896647338917E-16, 0.000000000000000000, -1.000000000000000000 ) ) ;
#101 = EDGE_CURVE ( 'NONE', #1489, #17, #1184, .T. ) ;
#102 = EDGE_LOOP ( 'NONE', ( #1236, #1635, #1452, #1802 ) ) ;
#103 = DIRECTION ( 'NONE',  ( -1.000000000000000000, 0.000000000000000000, 0.000000000000000000 ) ) ;
#104 = DIRECTION ( 'NONE',  ( -0.000000000000000000, 1.000000000000000000, -0.000000000000000000 ) ) ;
#105 = CARTESIAN_POINT ( 'NONE',  ( 39.79250464274608134, 3.000000000000054623, 0.4472830529673905153 ) ) ;
#106 = DIRECTION ( 'NONE',  ( -1.000000000000000000, 0.000000000000000000, -1.445602896647338917E-16 ) ) ;
#107 = ORIENTED_EDGE ( 'NONE', *, *, #1370, .T. ) ;
#108 = VECTOR ( 'NONE', #1083, 1000.000000000000000 ) ;
#109 = VECTOR ( 'NONE', #500, 1000.000000000000000 ) ;
#110 = CARTESIAN_POINT ( 'NONE',  ( 42.48814535785673030, 4.999999999999992006, 13.76248453190869903 ) ) ;
#111 = DIRECTION ( 'NONE',  ( 0.000000000000000000, 0.000000000000000000, 1.000000000000000000 ) ) ;
#112 = ORIENTED_EDGE ( 'NONE', *, *, #1903, .T. ) ;
#113 = DIRECTION ( 'NONE',  ( 1.901066822988281703E-16, -0.000000000000000000, 1.000000000000000000 ) ) ;
#114 = VECTOR ( 'NONE', #172, 1000.000000000000000 ) ;
#115 = ADVANCED_FACE ( 'NONE', ( #888 ), #1035, .T. ) ;
#116 = CARTESIAN_POINT ( 'NONE',  ( -37.50000000000000000, -5.000000000000000000, 59.00000000000002842 ) ) ;
#117 = LINE ( 'NONE', #1549, #1758 ) ;
#118 = ORIENTED_EDGE ( 'NONE', *, *, #271, .F. ) ;
#119 = CARTESIAN_POINT ( 'NONE',  ( 40.44204553504941657, 5.000000000000001776, 13.70214539786780961 ) ) ;
#120 = DIRECTION ( 'NONE',  ( 0.000000000000000000, -0.000000000000000000, -1.000000000000000000 ) ) ;
#121 = VECTOR ( 'NONE', #974, 1000.000000000000000 ) ;
#122 = ORIENTED_EDGE ( 'NONE', *, *, #1360, .T. ) ;
#123 = CARTESIAN_POINT ( 'NONE',  ( 37.50000000000001421, 5.000000000000000000, 64.00000000000000000 ) ) ;
#124 = FACE_OUTER_BOUND ( 'NONE', #1889, .T. ) ;
#125 = LINE ( 'NONE', #601, #501 ) ;
#126 = ORIENTED_EDGE ( 'NONE', *, *, #1225, .T. ) ;
#127 = CARTESIAN_POINT ( 'NONE',  ( 42.50000000000000711, 5.000000000000000000, 14.00000000000002665 ) ) ;
#128 = DIRECTION ( 'NONE',  ( 0.000000000000000000, -1.000000000000000000, 0.000000000000000000 ) ) ;
#129 = EDGE_LOOP ( 'NONE', ( #813, #1894, #824, #1046 ) ) ;
#130 = CARTESIAN_POINT ( 'NONE',  ( 41.00000000000000711, -15.00000000000000000, -62.49999999999997868 ) ) ;
#131 = CARTESIAN_POINT ( 'NONE',  ( 40.50000000000000711, 5.000000000000000000, 62.00000000000000000 ) ) ;
#132 = ADVANCED_FACE ( 'NONE', ( #2021 ), #566, .F. ) ;
#133 = CARTESIAN_POINT ( 'NONE',  ( -40.99999999999999289, -15.00000000000000000, 62.50000000000001421 ) ) ;
#134 = EDGE_LOOP ( 'NONE', ( #478, #340, #1264, #2077 ) ) ;
#135 = EDGE_CURVE ( 'NONE', #1689, #17, #1254, .T. ) ;
#136 = DIRECTION ( 'NONE',  ( 0.000000000000000000, 0.000000000000000000, 1.000000000000000000 ) ) ;
#137 = CARTESIAN_POINT ( 'NONE',  ( 41.00000000000000711, -15.00000000000000000, 70.00000000000000000 ) ) ;
#138 = VECTOR ( 'NONE', #997, 1000.000000000000000 ) ;
#139 =( BOUNDED_SURFACE ( )  B_SPLINE_SURFACE ( 2, 3, ( 
 ( #930, #464, #1436, #1727 ),
 ( #957, #766, #777, #1606 ),
 ( #1409, #1907, #607, #444 ) ),
 .UNSPECIFIED., .F., .F., .F. ) 
 B_SPLINE_SURFACE_WITH_KNOTS ( ( 3, 3 ),
 ( 4, 4 ),
 ( 0.000000000000000000, 1.000000000000000000 ),
 ( -0.005499999999999999681, 0.0005000000000000000104 ),
 .UNSPECIFIED. ) 
 GEOMETRIC_REPRESENTATION_ITEM ( )  RATIONAL_B_SPLINE_SURFACE ( (
 ( 1.000000000000000000, 1.000000000000000000, 1.000000000000000000, 1.000000000000000000),
 ( 0.4242640687119284548, 0.4242640687119284548, 0.4242640687119284548, 0.4242640687119284548),
 ( 1.000000000000000000, 1.000000000000000000, 1.000000000000000000, 1.000000000000000000) ) ) 
 REPRESENTATION_ITEM ( '' )  SURFACE ( )  );
#140 = VERTEX_POINT ( 'NONE', #1911 ) ;
#141 = FACE_OUTER_BOUND ( 'NONE', #645, .T. ) ;
#142 = CARTESIAN_POINT ( 'NONE',  ( 48.50000000000000711, -15.00000000000000000, 62.50000000000002842 ) ) ;
#143 = EDGE_CURVE ( 'NONE', #1473, #507, #89, .T. ) ;
#144 = DIRECTION ( 'NONE',  ( -1.000000000000000000, 0.000000000000000000, 0.000000000000000000 ) ) ;
#145 = ORIENTED_EDGE ( 'NONE', *, *, #1519, .F. ) ;
#146 = CARTESIAN_POINT ( 'NONE',  ( 40.27627430135272135, 5.000000000000004441, 13.28148657906304919 ) ) ;
#147 = DIRECTION ( 'NONE',  ( 1.000000000000000000, 0.000000000000000000, 0.000000000000000000 ) ) ;
#148 = ORIENTED_EDGE ( 'NONE', *, *, #699, .T. ) ;
#149 = LINE ( 'NONE', #1457, #1653 ) ;
#150 =( BOUNDED_CURVE ( )  B_SPLINE_CURVE ( 3, ( #185, #1646, #1322, #1157 ),
 .UNSPECIFIED., .F., .T. ) 
 B_SPLINE_CURVE_WITH_KNOTS ( ( 4, 4 ),
 ( 4.712388980384689674, 6.283185307179586232 ),
 .UNSPECIFIED. ) 
 CURVE ( )  GEOMETRIC_REPRESENTATION_ITEM ( )  RATIONAL_B_SPLINE_CURVE ( ( 1.000000000000000000, 0.8047378541243649375, 0.8047378541243649375, 1.000000000000000000 ) ) 
 REPRESENTATION_ITEM ( '' )  );
#151 = LINE ( 'NONE', #600, #856 ) ;
#152 = VECTOR ( 'NONE', #1045, 1000.000000000000000 ) ;
#153 = ORIENTED_EDGE ( 'NONE', *, *, #647, .T. ) ;
#154 = CARTESIAN_POINT ( 'NONE',  ( -42.49999999999999289, 3.000000000000000000, 64.00000000000002842 ) ) ;
#155 = ADVANCED_FACE ( 'NONE', ( #902 ), #435, .T. ) ;
#156 = CLOSED_SHELL ( 'NONE', ( #427, #1069, #1590, #388, #452, #1146, #155, #1143, #673, #609, #480, #617, #302, #921, #1256, #1339, #583, #1429, #670, #608, #1286, #233, #1524, #959, #1349, #1651, #691, #1806, #1314, #528, #1304, #994, #12, #230, #431, #922, #1078, #132, #324, #1440, #1738, #459, #1728, #115, #2059, #2061, #1746, #68, #1783, #1964, #514, #163, #1059, #173, #1432, #758, #559, #1959, #2104, #203, #394, #20, #11, #1776, #1194, #897 ) ) ;
#157 = DIRECTION ( 'NONE',  ( -1.000000000000000000, 0.000000000000000000, 0.000000000000000000 ) ) ;
#158 = VERTEX_POINT ( 'NONE', #450 ) ;
#159 = EDGE_CURVE ( 'NONE', #990, #877, #623, .T. ) ;
#160 = CARTESIAN_POINT ( 'NONE',  ( 40.86462890093252298, 2.999999999999359623, 10.60044696939289466 ) ) ;
#161 = CARTESIAN_POINT ( 'NONE',  ( -43.50000000000000000, -5.000000000000000000, -64.99999999999997158 ) ) ;
#162 = ORIENTED_EDGE ( 'NONE', *, *, #1809, .T. ) ;
#163 = ADVANCED_FACE ( 'NONE', ( #1752 ), #1904, .T. ) ;
#164 = DIRECTION ( 'NONE',  ( 1.000000000000000000, 0.000000000000000000, 0.000000000000000000 ) ) ;
#165 = CARTESIAN_POINT ( 'NONE',  ( 42.50000000000000711, 0.000000000000000000, 64.00000000000000000 ) ) ;
#166 = EDGE_CURVE ( 'NONE', #2103, #1021, #99, .T. ) ;
#167 = ORIENTED_EDGE ( 'NONE', *, *, #396, .F. ) ;
#168 = CARTESIAN_POINT ( 'NONE',  ( 40.47989249602685646, 5.000000000000003553, -3.849518152160031903 ) ) ;
#169 = DIRECTION ( 'NONE',  ( 0.000000000000000000, 1.000000000000000000, -3.469446951953614189E-15 ) ) ;
#170 = ORIENTED_EDGE ( 'NONE', *, *, #384, .T. ) ;
#171 = LINE ( 'NONE', #954, #1997 ) ;
#172 = DIRECTION ( 'NONE',  ( 0.000000000000000000, 0.000000000000000000, -1.000000000000000000 ) ) ;
#173 = ADVANCED_FACE ( 'NONE', ( #288 ), #1476, .T. ) ;
#174 = VERTEX_POINT ( 'NONE', #376 ) ;
#175 = AXIS2_PLACEMENT_3D ( 'NONE', #598, #476, #2058 ) ;
#176 = VECTOR ( 'NONE', #637, 1000.000000000000000 ) ;
#177 = DIRECTION ( 'NONE',  ( 0.000000000000000000, 0.000000000000000000, -1.000000000000000000 ) ) ;
#178 = ORIENTED_EDGE ( 'NONE', *, *, #210, .T. ) ;
#179 = CARTESIAN_POINT ( 'NONE',  ( 40.49981983912689998, 4.999999999999999112, -3.990399140036721359 ) ) ;
#180 = LINE ( 'NONE', #1462, #1171 ) ;
#181 = ORIENTED_EDGE ( 'NONE', *, *, #1869, .T. ) ;
#182 = AXIS2_PLACEMENT_3D ( 'NONE', #1362, #2022, #1248 ) ;
#183 = PLANE ( 'NONE',  #1210 ) ;
#184 = VERTEX_POINT ( 'NONE', #1139 ) ;
#185 = CARTESIAN_POINT ( 'NONE',  ( -38.50000000000000711, 5.000000000000000000, -59.99999999999998579 ) ) ;
#186 = CARTESIAN_POINT ( 'NONE',  ( 42.50000000000000000, 3.000000000000023981, -1.845562688752401925 ) ) ;
#187 = AXIS2_PLACEMENT_3D ( 'NONE', #653, #1616, #1786 ) ;
#188 = ORIENTED_EDGE ( 'NONE', *, *, #679, .F. ) ;
#189 = CARTESIAN_POINT ( 'NONE',  ( 40.50000000000000711, 3.000000000000000000, 0.000000000000000000 ) ) ;
#190 = VECTOR ( 'NONE', #1593, 1000.000000000000000 ) ;
#191 = ORIENTED_EDGE ( 'NONE', *, *, #1034, .F. ) ;
#192 = DIRECTION ( 'NONE',  ( 0.000000000000000000, 0.000000000000000000, -1.000000000000000000 ) ) ;
#193 = CARTESIAN_POINT ( 'NONE',  ( 42.50000000000000711, 0.000000000000000000, 14.00000000000002665 ) ) ;
#194 =( GEOMETRIC_REPRESENTATION_CONTEXT ( 3 ) GLOBAL_UNCERTAINTY_ASSIGNED_CONTEXT ( ( #1828 ) ) GLOBAL_UNIT_ASSIGNED_CONTEXT ( ( #1937, #318, #960 ) ) REPRESENTATION_CONTEXT ( 'NONE', 'WORKASPACE' ) );
#195 = CARTESIAN_POINT ( 'NONE',  ( 40.50000000000000711, 5.000000000000000000, 0.000000000000000000 ) ) ;
#196 = ORIENTED_EDGE ( 'NONE', *, *, #1154, .F. ) ;
#197 = CARTESIAN_POINT ( 'NONE',  ( 42.49359341643704369, 5.000000000000005329, -3.828315123717118240 ) ) ;
#198 = DIRECTION ( 'NONE',  ( -1.000000000000000000, 0.000000000000000000, 0.000000000000000000 ) ) ;
#199 = ORIENTED_EDGE ( 'NONE', *, *, #94, .F. ) ;
#200 = EDGE_CURVE ( 'NONE', #694, #1203, #171, .T. ) ;
#201 = CARTESIAN_POINT ( 'NONE',  ( -40.99999999999999289, 0.000000000000000000, -69.99999999999998579 ) ) ;
#202 = VERTEX_POINT ( 'NONE', #1344 ) ;
#203 = ADVANCED_FACE ( 'NONE', ( #796 ), #1603, .T. ) ;
#204 = DIRECTION ( 'NONE',  ( 0.000000000000000000, 0.000000000000000000, -1.000000000000000000 ) ) ;
#205 = FACE_OUTER_BOUND ( 'NONE', #1819, .T. ) ;
#206 = ORIENTED_EDGE ( 'NONE', *, *, #1566, .T. ) ;
#207 = CARTESIAN_POINT ( 'NONE',  ( 42.41528766708221809, 4.999999999999869438, -3.340750364362750968 ) ) ;
#208 = AXIS2_PLACEMENT_3D ( 'NONE', #1125, #1326, #157 ) ;
#209 = AXIS2_PLACEMENT_3D ( 'NONE', #520, #348, #1174 ) ;
#210 = EDGE_CURVE ( 'NONE', #184, #252, #1296, .T. ) ;
#211 = CARTESIAN_POINT ( 'NONE',  ( -38.50000000000000711, 5.000000000000000000, -59.99999999999998579 ) ) ;
#212 = ORIENTED_EDGE ( 'NONE', *, *, #396, .T. ) ;
#213 = FACE_OUTER_BOUND ( 'NONE', #1364, .T. ) ;
#214 = VECTOR ( 'NONE', #383, 1000.000000000000000 ) ;
#215 = DIRECTION ( 'NONE',  ( -0.000000000000000000, 0.000000000000000000, -1.000000000000000000 ) ) ;
#216 = CARTESIAN_POINT ( 'NONE',  ( 36.50000000000001421, -4.999999999999998224, 2.000000000000027978 ) ) ;
#217 = ORIENTED_EDGE ( 'NONE', *, *, #1277, .F. ) ;
#218 = CARTESIAN_POINT ( 'NONE',  ( 42.50000000000000711, 0.000000000000000000, 64.00000000000000000 ) ) ;
#219 = SURFACE_STYLE_USAGE ( .BOTH. , #1687 ) ;
#220 = CARTESIAN_POINT ( 'NONE',  ( 42.50000000000000711, 3.000000000000000000, 64.00000000000000000 ) ) ;
#221 =( BOUNDED_CURVE ( )  B_SPLINE_CURVE ( 2, ( #506, #1163, #1954 ),
 .UNSPECIFIED., .F., .F. ) 
 B_SPLINE_CURVE_WITH_KNOTS ( ( 3, 3 ),
 ( 0.000000000000000000, 0.005301400822217068251 ),
 .UNSPECIFIED. ) 
 CURVE ( )  GEOMETRIC_REPRESENTATION_ITEM ( )  RATIONAL_B_SPLINE_CURVE ( ( 0.7176234124578304563, 0.6723728612915449432, 1.000000000000000000 ) ) 
 REPRESENTATION_ITEM ( '' )  );
#222 = ORIENTED_EDGE ( 'NONE', *, *, #1875, .T. ) ;
#223 = CIRCLE ( 'NONE', #1621, 2.000000000000000000 ) ;
#224 = EDGE_CURVE ( 'NONE', #1943, #60, #52, .T. ) ;
#225 = LINE ( 'NONE', #562, #152 ) ;
#226 = ORIENTED_EDGE ( 'NONE', *, *, #586, .F. ) ;
#227 = CARTESIAN_POINT ( 'NONE',  ( 41.00000000000000711, -7.500000000000000000, 0.000000000000000000 ) ) ;
#228 = PLANE ( 'NONE',  #941 ) ;
#229 = APPLICATION_PROTOCOL_DEFINITION ( 'draft international standard', 'automotive_design', 1998, #1402 ) ;
#230 = ADVANCED_FACE ( 'NONE', ( #2 ), #335, .T. ) ;
#231 = ORIENTED_EDGE ( 'NONE', *, *, #1360, .F. ) ;
#232 = CARTESIAN_POINT ( 'NONE',  ( 41.10599521725596617, 5.000000000000260236, -0.8868951271679584858 ) ) ;
#233 = ADVANCED_FACE ( 'NONE', ( #495 ), #1152, .T. ) ;
#234 = CARTESIAN_POINT ( 'NONE',  ( 42.50000000000000711, 3.000000000000000000, -64.00000000000000000 ) ) ;
#235 = DIRECTION ( 'NONE',  ( 0.000000000000000000, -1.000000000000000000, 0.000000000000000000 ) ) ;
#236 = ORIENTED_EDGE ( 'NONE', *, *, #549, .T. ) ;
#237 = CARTESIAN_POINT ( 'NONE',  ( 41.00000000000000711, 0.000000000000000000, -62.49999999999997868 ) ) ;
#238 = VERTEX_POINT ( 'NONE', #1794 ) ;
#239 = CYLINDRICAL_SURFACE ( 'NONE', #365, 2.000000000000001776 ) ;
#240 = CARTESIAN_POINT ( 'NONE',  ( 48.50000000000001421, -1.999999999999998224, 8.000000000000035527 ) ) ;
#241 = EDGE_CURVE ( 'NONE', #158, #1733, #988, .T. ) ;
#242 = EDGE_LOOP ( 'NONE', ( #2001, #751, #1369, #1632, #49, #1772, #1684, #1835, #1879, #1562, #320, #199, #325, #107, #821, #1785, #1008, #1329, #1799, #1357, #1778, #381 ) ) ;
#243 = CARTESIAN_POINT ( 'NONE',  ( 39.79250464274606003, 4.999999999999995559, 0.4472830529673441635 ) ) ;
#244 = PLANE ( 'NONE',  #733 ) ;
#245 = AXIS2_PLACEMENT_3D ( 'NONE', #1368, #1652, #1855 ) ;
#246 = CARTESIAN_POINT ( 'NONE',  ( 39.79250464274610977, 2.999999999999936051, 9.552716947032534378 ) ) ;
#247 =( GEOMETRIC_REPRESENTATION_CONTEXT ( 3 ) GLOBAL_UNCERTAINTY_ASSIGNED_CONTEXT ( ( #530 ) ) GLOBAL_UNIT_ASSIGNED_CONTEXT ( ( #1946, #1787, #1630 ) ) REPRESENTATION_CONTEXT ( 'NONE', 'WORKASPACE' ) );
#248 = CARTESIAN_POINT ( 'NONE',  ( 38.50000000000001421, 5.000000000000000000, -60.00000000000000000 ) ) ;
#249 = ORIENTED_EDGE ( 'NONE', *, *, #1716, .T. ) ;
#250 = CARTESIAN_POINT ( 'NONE',  ( 42.48414380290787307, 3.000000000000015099, 13.72663358763621133 ) ) ;
#251 = CARTESIAN_POINT ( 'NONE',  ( 41.50000000000000711, 0.000000000000000000, -1.999999999999971356 ) ) ;
#252 = VERTEX_POINT ( 'NONE', #1770 ) ;
#253 = CARTESIAN_POINT ( 'NONE',  ( 42.46273736301535706, 2.999999999999969802, -3.573471877979662370 ) ) ;
#254 = FACE_OUTER_BOUND ( 'NONE', #490, .T. ) ;
#255 = LINE ( 'NONE', #1731, #108 ) ;
#256 = LINE ( 'NONE', #1093, #701 ) ;
#257 = ORIENTED_EDGE ( 'NONE', *, *, #453, .T. ) ;
#258 = VECTOR ( 'NONE', #104, 1000.000000000000000 ) ;
#259 = CARTESIAN_POINT ( 'NONE',  ( 40.47127226783495502, 5.000000000000001776, 13.81249502654520889 ) ) ;
#260 = FACE_OUTER_BOUND ( 'NONE', #1164, .T. ) ;
#261 = APPLICATION_PROTOCOL_DEFINITION ( 'draft international standard', 'automotive_design', 1998, #527 ) ;
#262 = VECTOR ( 'NONE', #1385, 1000.000000000000000 ) ;
#263 = VERTEX_POINT ( 'NONE', #967 ) ;
#264 = DIRECTION ( 'NONE',  ( 0.000000000000000000, 3.577867169202164632E-14, 1.000000000000000000 ) ) ;
#265 = DIRECTION ( 'NONE',  ( 1.000000000000000000, -0.000000000000000000, -3.265361837132813093E-16 ) ) ;
#266 = CARTESIAN_POINT ( 'NONE',  ( 36.50000000000001421, 0.000000000000000000, 58.00000000000002842 ) ) ;
#267 = CARTESIAN_POINT ( 'NONE',  ( -42.49999999999999289, 3.000000000000000000, -63.99999999999997158 ) ) ;
#268 = ORIENTED_EDGE ( 'NONE', *, *, #1459, .F. ) ;
#269 = CARTESIAN_POINT ( 'NONE',  ( 40.49999877058878894, 5.000000000000000000, 13.99518494616139286 ) ) ;
#270 = PLANE ( 'NONE',  #1580 ) ;
#271 = EDGE_CURVE ( 'NONE', #1839, #1489, #1833, .T. ) ;
#272 = ORIENTED_EDGE ( 'NONE', *, *, #1751, .T. ) ;
#273 = DIRECTION ( 'NONE',  ( -1.000000000000000000, 0.000000000000000000, 0.000000000000000000 ) ) ;
#274 = DIRECTION ( 'NONE',  ( 0.000000000000000000, -1.000000000000000000, 0.000000000000000000 ) ) ;
#275 = PRODUCT_DEFINITION ( 'UNKNOWN', '', #1438, #1023 ) ;
#276 = CARTESIAN_POINT ( 'NONE',  ( 42.50000000000000711, 3.000000000000000000, -64.00000000000000000 ) ) ;
#277 = ORIENTED_EDGE ( 'NONE', *, *, #802, .T. ) ;
#278 = DIRECTION ( 'NONE',  ( 0.000000000000000000, -0.000000000000000000, -1.000000000000000000 ) ) ;
#279 = CARTESIAN_POINT ( 'NONE',  ( -40.99999999999999289, 0.000000000000000000, 62.50000000000001421 ) ) ;
#280 = ORIENTED_EDGE ( 'NONE', *, *, #357, .F. ) ;
#281 = LINE ( 'NONE', #755, #447 ) ;
#282 = AXIS2_PLACEMENT_3D ( 'NONE', #1417, #1891, #1596 ) ;
#283 = DIRECTION ( 'NONE',  ( -1.000000000000000000, -0.000000000000000000, 0.000000000000000000 ) ) ;
#284 = B_SPLINE_CURVE_WITH_KNOTS ( 'NONE', 3,
 ( #1987, #1773, #312, #799, #488, #1142, #1204, #416, #1229, #1512 ),
 .UNSPECIFIED., .F., .F.,
 ( 4, 2, 2, 2, 4 ),
 ( 0.000000000000000000, 0.2499999999999996669, 0.4999999999999997780, 0.7499999999999998890, 1.000000000000000000 ),
 .UNSPECIFIED. ) ;
#285 = DIRECTION ( 'NONE',  ( -1.000000000000000000, 0.000000000000000000, 0.000000000000000000 ) ) ;
#286 = EDGE_LOOP ( 'NONE', ( #833, #1769, #998, #851 ) ) ;
#287 = VECTOR ( 'NONE', #992, 1000.000000000000000 ) ;
#288 = FACE_OUTER_BOUND ( 'NONE', #1175, .T. ) ;
#289 = CARTESIAN_POINT ( 'NONE',  ( 42.50000000000000711, 5.000000000000000000, 64.00000000000000000 ) ) ;
#290 = ORIENTED_EDGE ( 'NONE', *, *, #2095, .T. ) ;
#291 = PLANE ( 'NONE',  #720 ) ;
#292 = VECTOR ( 'NONE', #1537, 1000.000000000000000 ) ;
#293 = EDGE_CURVE ( 'NONE', #333, #2103, #896, .T. ) ;
#294 = DIRECTION ( 'NONE',  ( -1.000000000000000000, 0.000000000000000000, 0.000000000000000000 ) ) ;
#295 = EDGE_CURVE ( 'NONE', #409, #1648, #2035, .T. ) ;
#296 = VECTOR ( 'NONE', #1272, 1000.000000000000000 ) ;
#297 = DIRECTION ( 'NONE',  ( 1.000000000000000000, -0.000000000000000000, -9.505334114941408517E-17 ) ) ;
#298 = ORIENTED_EDGE ( 'NONE', *, *, #1583, .F. ) ;
#299 = CARTESIAN_POINT ( 'NONE',  ( 38.73023610909403658, 4.999999999999994671, 11.27394028390805047 ) ) ;
#300 = DIRECTION ( 'NONE',  ( 0.000000000000000000, 0.000000000000000000, 1.000000000000000000 ) ) ;
#301 = ORIENTED_EDGE ( 'NONE', *, *, #474, .F. ) ;
#302 = ADVANCED_FACE ( 'NONE', ( #1208 ), #244, .F. ) ;
#303 = DIRECTION ( 'NONE',  ( 1.000000000000000000, 0.000000000000000000, -0.000000000000000000 ) ) ;
#304 = DIRECTION ( 'NONE',  ( 1.000000000000000000, 0.000000000000000000, 0.000000000000000000 ) ) ;
#305 = CARTESIAN_POINT ( 'NONE',  ( 43.50000000000001421, -4.999999999999998224, 8.000000000000031974 ) ) ;
#306 = DIRECTION ( 'NONE',  ( -0.000000000000000000, 0.000000000000000000, -1.000000000000000000 ) ) ;
#307 = ORIENTED_EDGE ( 'NONE', *, *, #928, .T. ) ;
#308 = CARTESIAN_POINT ( 'NONE',  ( 41.10599521725505667, 4.999999999999095834, 10.88689512716611318 ) ) ;
#309 = CARTESIAN_POINT ( 'NONE',  ( 42.50000000000000711, 3.500000000000000000, -3.999999999999976019 ) ) ;
#310 = AXIS2_PLACEMENT_3D ( 'NONE', #971, #1064, #1710 ) ;
#311 = ORIENTED_EDGE ( 'NONE', *, *, #2041, .T. ) ;
#312 = CARTESIAN_POINT ( 'NONE',  ( 42.44794535333663532, 3.523495768718561294, -3.999999999999975131 ) ) ;
#313 = EDGE_CURVE ( 'NONE', #692, #1332, #1052, .T. ) ;
#314 = CARTESIAN_POINT ( 'NONE',  ( -37.32842712474619162, 5.000000000000000000, 58.82842712474622715 ) ) ;
#315 = VECTOR ( 'NONE', #411, 1000.000000000000000 ) ;
#316 = EDGE_CURVE ( 'NONE', #1203, #1426, #1223, .T. ) ;
#317 = ORIENTED_EDGE ( 'NONE', *, *, #1817, .T. ) ;
#318 =( NAMED_UNIT ( * ) PLANE_ANGLE_UNIT ( ) SI_UNIT ( $, .RADIAN. ) );
#319 = LINE ( 'NONE', #25, #1694 ) ;
#320 = ORIENTED_EDGE ( 'NONE', *, *, #471, .T. ) ;
#321 = EDGE_CURVE ( 'NONE', #46, #1267, #62, .T. ) ;
#322 = CARTESIAN_POINT ( 'NONE',  ( 39.90302235657821228, 5.000000000000003553, 12.62522234341952476 ) ) ;
#323 = CARTESIAN_POINT ( 'NONE',  ( 36.50000000000001421, 4.171572875253809265, -57.99999999999998579 ) ) ;
#324 = ADVANCED_FACE ( 'NONE', ( #1709 ), #756, .F. ) ;
#325 = ORIENTED_EDGE ( 'NONE', *, *, #159, .T. ) ;
#326 = CARTESIAN_POINT ( 'NONE',  ( 41.72909343994984255, 4.599333684796361510, 14.00000000000003020 ) ) ;
#327 = AXIS2_PLACEMENT_3D ( 'NONE', #794, #1643, #144 ) ;
#328 = ORIENTED_EDGE ( 'NONE', *, *, #612, .F. ) ;
#329 = CARTESIAN_POINT ( 'NONE',  ( 40.49678587056908441, 5.000000000000000888, -3.952411160748349861 ) ) ;
#330 = CIRCLE ( 'NONE', #911, 2.000000000000000000 ) ;
#331 = EDGE_CURVE ( 'NONE', #1618, #1089, #908, .T. ) ;
#332 = LINE ( 'NONE', #1283, #1657 ) ;
#333 = VERTEX_POINT ( 'NONE', #2026 ) ;
#334 = B_SPLINE_CURVE_WITH_KNOTS ( 'NONE', 3,
 ( #438, #1090, #1737, #2071, #326, #822, #811, #1131, #980, #1968 ),
 .UNSPECIFIED., .F., .F.,
 ( 4, 2, 2, 2, 4 ),
 ( 0.000000000000000000, 0.2500000000000000000, 0.5000000000000000000, 0.7500000000000000000, 1.000000000000000000 ),
 .UNSPECIFIED. ) ;
#335 = PLANE ( 'NONE',  #1793 ) ;
#336 = CARTESIAN_POINT ( 'NONE',  ( 36.50000000000001421, 3.000000000000000000, -57.99999999999999289 ) ) ;
#337 = ORIENTED_EDGE ( 'NONE', *, *, #1086, .F. ) ;
#338 = CARTESIAN_POINT ( 'NONE',  ( -1.926563483908359582E-14, 0.000000000000000000, -58.99999999999999289 ) ) ;
#339 = CYLINDRICAL_SURFACE ( 'NONE', #209, 7.500000000000000000 ) ;
#340 = ORIENTED_EDGE ( 'NONE', *, *, #293, .F. ) ;
#341 = LINE ( 'NONE', #1811, #1642 ) ;
#342 = VERTEX_POINT ( 'NONE', #1558 ) ;
#343 = CARTESIAN_POINT ( 'NONE',  ( 37.50000000000001421, 0.000000000000000000, 0.000000000000000000 ) ) ;
#344 = ORIENTED_EDGE ( 'NONE', *, *, #1225, .F. ) ;
#345 = AXIS2_PLACEMENT_3D ( 'NONE', #1493, #33, #1990 ) ;
#346 = AXIS2_PLACEMENT_3D ( 'NONE', #757, #748, #421 ) ;
#347 = LINE ( 'NONE', #1003, #1484 ) ;
#348 = DIRECTION ( 'NONE',  ( -0.000000000000000000, 0.000000000000000000, 1.000000000000000000 ) ) ;
#349 = VECTOR ( 'NONE', #96, 1000.000000000000000 ) ;
#350 = EDGE_LOOP ( 'NONE', ( #1173, #212, #1747, #1582 ) ) ;
#351 = CARTESIAN_POINT ( 'NONE',  ( 40.50000000000000711, 5.000000000000000000, -3.999999999999976019 ) ) ;
#352 = ORIENTED_EDGE ( 'NONE', *, *, #716, .F. ) ;
#353 = CARTESIAN_POINT ( 'NONE',  ( 40.41875961636286263, 4.999999999999992895, 13.63165911438878375 ) ) ;
#354 = ORIENTED_EDGE ( 'NONE', *, *, #1459, .T. ) ;
#355 = CARTESIAN_POINT ( 'NONE',  ( 42.50000000000000711, 0.9999999999999995559, 14.00000000000002665 ) ) ;
#356 = DIRECTION ( 'NONE',  ( -0.000000000000000000, 1.000000000000000000, 0.000000000000000000 ) ) ;
#357 = EDGE_CURVE ( 'NONE', #577, #1598, #734, .T. ) ;
#358 = VECTOR ( 'NONE', #719, 1000.000000000000000 ) ;
#359 = ORIENTED_EDGE ( 'NONE', *, *, #2090, .F. ) ;
#360 = DIRECTION ( 'NONE',  ( 1.000000000000000000, -0.000000000000000000, 1.445602896647338917E-16 ) ) ;
#361 = EDGE_CURVE ( 'NONE', #1423, #807, #724, .T. ) ;
#362 =( BOUNDED_SURFACE ( )  B_SPLINE_SURFACE ( 2, 3, ( 
 ( #819, #309, #1128, #968 ),
 ( #1931, #2106, #1444, #16 ),
 ( #1965, #2094, #1319, #473 ) ),
 .UNSPECIFIED., .F., .F., .F. ) 
 B_SPLINE_SURFACE_WITH_KNOTS ( ( 3, 3 ),
 ( 4, 4 ),
 ( 0.000000000000000000, 1.000000000000000000 ),
 ( -0.0005000000000000000104, 0.005499999999999999681 ),
 .UNSPECIFIED. ) 
 GEOMETRIC_REPRESENTATION_ITEM ( )  RATIONAL_B_SPLINE_SURFACE ( (
 ( 1.000000000000000000, 1.000000000000000000, 1.000000000000000000, 1.000000000000000000),
 ( 0.4242640687119284548, 0.4242640687119284548, 0.4242640687119284548, 0.4242640687119284548),
 ( 1.000000000000000000, 1.000000000000000000, 1.000000000000000000, 1.000000000000000000) ) ) 
 REPRESENTATION_ITEM ( '' )  SURFACE ( )  );
#363 = VECTOR ( 'NONE', #621, 1000.000000000000000 ) ;
#364 = CARTESIAN_POINT ( 'NONE',  ( -37.50000000000000711, 5.000000000000000000, 59.00000000000002842 ) ) ;
#365 = AXIS2_PLACEMENT_3D ( 'NONE', #1500, #397, #718 ) ;
#366 = ORIENTED_EDGE ( 'NONE', *, *, #1892, .T. ) ;
#367 = DIRECTION ( 'NONE',  ( -2.244298497044991970E-14, 0.000000000000000000, -1.000000000000000000 ) ) ;
#368 = FACE_OUTER_BOUND ( 'NONE', #498, .T. ) ;
#369 = DIRECTION ( 'NONE',  ( 0.000000000000000000, 0.000000000000000000, 1.000000000000000000 ) ) ;
#370 = AXIS2_PLACEMENT_3D ( 'NONE', #1898, #439, #1251 ) ;
#371 = CARTESIAN_POINT ( 'NONE',  ( 43.50000000000001421, -4.999999999999998224, 5.000000000000031974 ) ) ;
#372 = EDGE_CURVE ( 'NONE', #1332, #816, #1082, .T. ) ;
#373 = VECTOR ( 'NONE', #793, 1000.000000000000000 ) ;
#374 = ORIENTED_EDGE ( 'NONE', *, *, #1298, .T. ) ;
#375 = CARTESIAN_POINT ( 'NONE',  ( -38.50000000000000711, 5.000000000000000000, 2.302994959486451029E-15 ) ) ;
#376 = CARTESIAN_POINT ( 'NONE',  ( 42.50000000000000711, 0.000000000000000000, -64.00000000000000000 ) ) ;
#377 = DIRECTION ( 'NONE',  ( 0.000000000000000000, 0.000000000000000000, 1.000000000000000000 ) ) ;
#378 =( BOUNDED_CURVE ( )  B_SPLINE_CURVE ( 2, ( #1480, #186, #676 ),
 .UNSPECIFIED., .F., .F. ) 
 B_SPLINE_CURVE_WITH_KNOTS ( ( 3, 3 ),
 ( -5.999999998287920884E-08, 0.005361172200988154057 ),
 .UNSPECIFIED. ) 
 CURVE ( )  GEOMETRIC_REPRESENTATION_ITEM ( )  RATIONAL_B_SPLINE_CURVE ( ( 1.000000000000000000, 0.6723728612915440550, 0.7176234124578307894 ) ) 
 REPRESENTATION_ITEM ( '' )  );
#379 = EDGE_LOOP ( 'NONE', ( #1070, #112, #1211, #2005 ) ) ;
#380 = PLANE ( 'NONE',  #603 ) ;
#381 = ORIENTED_EDGE ( 'NONE', *, *, #820, .F. ) ;
#382 = DIRECTION ( 'NONE',  ( 0.000000000000000000, -1.000000000000000000, 0.000000000000000000 ) ) ;
#383 = DIRECTION ( 'NONE',  ( 0.000000000000000000, 1.000000000000000000, 0.000000000000000000 ) ) ;
#384 = EDGE_CURVE ( 'NONE', #1715, #1066, #1233, .T. ) ;
#385 = ORIENTED_EDGE ( 'NONE', *, *, #1745, .F. ) ;
#386 = CARTESIAN_POINT ( 'NONE',  ( 42.48414363838654850, 4.999999999999989342, -3.726633608313342005 ) ) ;
#387 = VECTOR ( 'NONE', #1814, 1000.000000000000000 ) ;
#388 = ADVANCED_FACE ( 'NONE', ( #254 ), #1400, .T. ) ;
#389 = CARTESIAN_POINT ( 'NONE',  ( -7.228014483236727124E-16, -1.999999999999998224, 5.000000000000023093 ) ) ;
#390 = CYLINDRICAL_SURFACE ( 'NONE', #963, 2.000000000000001776 ) ;
#391 = ORIENTED_EDGE ( 'NONE', *, *, #2041, .F. ) ;
#392 = CARTESIAN_POINT ( 'NONE',  ( -42.49999999999999289, 3.000000000000000000, -63.99999999999997158 ) ) ;
#393 = ORIENTED_EDGE ( 'NONE', *, *, #83, .T. ) ;
#394 = ADVANCED_FACE ( 'NONE', ( #1843 ), #589, .T. ) ;
#395 = CIRCLE ( 'NONE', #182, 4.000000000000000000 ) ;
#396 = EDGE_CURVE ( 'NONE', #1473, #810, #1528, .T. ) ;
#397 = DIRECTION ( 'NONE',  ( -5.981805089575196197E-17, 0.000000000000000000, -1.000000000000000000 ) ) ;
#398 = DIRECTION ( 'NONE',  ( -0.000000000000000000, 1.000000000000000000, -0.000000000000000000 ) ) ;
#399 = ORIENTED_EDGE ( 'NONE', *, *, #769, .F. ) ;
#400 = CARTESIAN_POINT ( 'NONE',  ( 42.08156854508427358, 2.999999999999597211, -2.418200800145351437 ) ) ;
#401 = DIRECTION ( 'NONE',  ( 0.000000000000000000, 0.000000000000000000, -1.000000000000000000 ) ) ;
#402 = MANIFOLD_SOLID_BREP ( 'Fillet7', #156 ) ;
#403 = DIRECTION ( 'NONE',  ( 0.000000000000000000, 0.000000000000000000, -1.000000000000000000 ) ) ;
#404 = VERTEX_POINT ( 'NONE', #131 ) ;
#405 = EDGE_CURVE ( 'NONE', #1586, #842, #1366, .T. ) ;
#406 = DIRECTION ( 'NONE',  ( 1.000000000000000000, 0.000000000000000000, -3.265361837132813093E-16 ) ) ;
#407 = PLANE ( 'NONE',  #1557 ) ;
#408 = DIRECTION ( 'NONE',  ( 0.000000000000000000, 0.000000000000000000, -1.000000000000000000 ) ) ;
#409 = VERTEX_POINT ( 'NONE', #1926 ) ;
#410 = CARTESIAN_POINT ( 'NONE',  ( 42.46273728009886383, 4.999999999999971578, -3.573471893297690549 ) ) ;
#411 = DIRECTION ( 'NONE',  ( 0.000000000000000000, 1.000000000000000000, 0.000000000000000000 ) ) ;
#412 = DIRECTION ( 'NONE',  ( 0.000000000000000000, 0.000000000000000000, -1.000000000000000000 ) ) ;
#413 = FACE_OUTER_BOUND ( 'NONE', #423, .T. ) ;
#414 = VERTEX_POINT ( 'NONE', #2072 ) ;
#415 = CARTESIAN_POINT ( 'NONE',  ( 38.75056999684970549, 0.000000000000000000, 0.9052770363215114635 ) ) ;
#416 = CARTESIAN_POINT ( 'NONE',  ( 41.02349576871856840, 4.947945353336631769, -3.999999999999975131 ) ) ;
#417 = ORIENTED_EDGE ( 'NONE', *, *, #1277, .T. ) ;
#418 = CARTESIAN_POINT ( 'NONE',  ( 39.35588490230833969, 5.000000000000000888, -1.915486678319258784 ) ) ;
#419 = DIRECTION ( 'NONE',  ( 1.000000000000000000, 0.000000000000000000, -3.265361837132813093E-16 ) ) ;
#420 = AXIS2_PLACEMENT_3D ( 'NONE', #1665, #885, #377 ) ;
#421 = DIRECTION ( 'NONE',  ( -3.469446951953614189E-15, -1.000000000000000000, 0.000000000000000000 ) ) ;
#422 = DIRECTION ( 'NONE',  ( -5.782411586589356653E-16, 0.000000000000000000, 1.000000000000000000 ) ) ;
#423 = EDGE_LOOP ( 'NONE', ( #1671, #848, #1678, #290, #522, #226, #1075, #57, #1308, #2096, #148, #482, #830, #1936 ) ) ;
#424 = CARTESIAN_POINT ( 'NONE',  ( 42.43501092041080369, 5.000000000000000000, 13.42338770303645390 ) ) ;
#425 = CARTESIAN_POINT ( 'NONE',  ( 48.50000000000000711, -7.500000000000000000, 62.50000000000001421 ) ) ;
#426 = VERTEX_POINT ( 'NONE', #154 ) ;
#427 = ADVANCED_FACE ( 'NONE', ( #1589 ), #1779, .T. ) ;
#428 = PLANE ( 'NONE',  #1541 ) ;
#429 = DIRECTION ( 'NONE',  ( -1.000000000000000000, 0.000000000000000000, 3.265361837132813093E-16 ) ) ;
#430 = CARTESIAN_POINT ( 'NONE',  ( 41.00000000000000000, -15.00000000000000000, -69.99999999999998579 ) ) ;
#431 = ADVANCED_FACE ( 'NONE', ( #124 ), #1111, .T. ) ;
#432 = EDGE_LOOP ( 'NONE', ( #454, #1299, #1105, #2081, #2069, #2074, #597, #1141, #458 ) ) ;
#433 = VECTOR ( 'NONE', #2038, 1000.000000000000000 ) ;
#434 = CIRCLE ( 'NONE', #90, 4.000000000000000000 ) ;
#435 = PLANE ( 'NONE',  #1759 ) ;
#436 = CARTESIAN_POINT ( 'NONE',  ( 36.50000000000001421, 3.000000000000000000, -57.99999999999998579 ) ) ;
#437 = ORIENTED_EDGE ( 'NONE', *, *, #1903, .F. ) ;
#438 = CARTESIAN_POINT ( 'NONE',  ( 40.50000000000000711, 5.000000000000000000, 14.00000000000003020 ) ) ;
#439 = DIRECTION ( 'NONE',  ( 1.000000000000000000, -3.469446951953611033E-15, 1.880790961315658331E-29 ) ) ;
#440 = CARTESIAN_POINT ( 'NONE',  ( -2.891205793294682172E-15, -1.999999999999998224, 5.000000000000007105 ) ) ;
#441 = ORIENTED_EDGE ( 'NONE', *, *, #2040, .F. ) ;
#442 = CARTESIAN_POINT ( 'NONE',  ( 40.49981983912692129, 5.000000000000009770, 13.99039914003680529 ) ) ;
#443 = ORIENTED_EDGE ( 'NONE', *, *, #1869, .F. ) ;
#444 = CARTESIAN_POINT ( 'NONE',  ( 36.50000000000001421, 5.500000000000000000, 8.000000000000026645 ) ) ;
#445 = DIRECTION ( 'NONE',  ( 1.000000000000000000, 0.000000000000000000, 0.000000000000000000 ) ) ;
#446 = EDGE_CURVE ( 'NONE', #1170, #140, #843, .T. ) ;
#447 = VECTOR ( 'NONE', #303, 1000.000000000000000 ) ;
#448 = LINE ( 'NONE', #942, #190 ) ;
#449 = ORIENTED_EDGE ( 'NONE', *, *, #641, .F. ) ;
#450 = CARTESIAN_POINT ( 'NONE',  ( -40.49999999999999289, 5.000000000000000000, -61.99999999999997158 ) ) ;
#451 = DIRECTION ( 'NONE',  ( -0.000000000000000000, -0.000000000000000000, 1.000000000000000000 ) ) ;
#452 = ADVANCED_FACE ( 'NONE', ( #1292 ), #1439, .T. ) ;
#453 = EDGE_CURVE ( 'NONE', #602, #1060, #932, .T. ) ;
#454 = ORIENTED_EDGE ( 'NONE', *, *, #1803, .F. ) ;
#455 = DIRECTION ( 'NONE',  ( 1.000000000000000000, 0.000000000000000000, -1.901066822988281703E-16 ) ) ;
#456 = CARTESIAN_POINT ( 'NONE',  ( 41.00000000000000711, -7.500000000000000000, -62.49999999999997868 ) ) ;
#457 = LINE ( 'NONE', #1909, #1051 ) ;
#458 = ORIENTED_EDGE ( 'NONE', *, *, #384, .F. ) ;
#459 = ADVANCED_FACE ( 'NONE', ( #1448 ), #1917, .T. ) ;
#460 = CIRCLE ( 'NONE', #1756, 2.000000000000000000 ) ;
#461 = CARTESIAN_POINT ( 'NONE',  ( 41.78208542364115630, 5.000000000000657252, 11.84156459673556228 ) ) ;
#462 = FACE_OUTER_BOUND ( 'NONE', #674, .T. ) ;
#463 = ORIENTED_EDGE ( 'NONE', *, *, #1973, .F. ) ;
#464 = CARTESIAN_POINT ( 'NONE',  ( 42.50000000000000711, 1.500000000000001332, 14.00000000000002665 ) ) ;
#465 = VECTOR ( 'NONE', #845, 1000.000000000000000 ) ;
#466 = DIRECTION ( 'NONE',  ( 0.000000000000000000, -1.000000000000000000, 0.000000000000000000 ) ) ;
#467 = LINE ( 'NONE', #627, #296 ) ;
#468 = CIRCLE ( 'NONE', #745, 7.500000000000000000 ) ;
#469 = LINE ( 'NONE', #965, #1336 ) ;
#470 = VERTEX_POINT ( 'NONE', #2060 ) ;
#471 = EDGE_CURVE ( 'NONE', #22, #1602, #468, .T. ) ;
#472 = CARTESIAN_POINT ( 'NONE',  ( 41.56383216447250817, 3.000000000000474287, 11.50755157725665434 ) ) ;
#473 = CARTESIAN_POINT ( 'NONE',  ( 36.50000000000001421, -0.4999999999999995559, 2.000000000000024425 ) ) ;
#474 = EDGE_CURVE ( 'NONE', #1456, #1149, #467, .T. ) ;
#475 = ORIENTED_EDGE ( 'NONE', *, *, #699, .F. ) ;
#476 = DIRECTION ( 'NONE',  ( -1.000000000000000000, 0.000000000000000000, 0.000000000000000000 ) ) ;
#477 = CARTESIAN_POINT ( 'NONE',  ( 37.50000000000001421, -4.999999999999998224, 12.00000000000003197 ) ) ;
#478 = ORIENTED_EDGE ( 'NONE', *, *, #1062, .F. ) ;
#479 = LINE ( 'NONE', #1134, #1202 ) ;
#480 = ADVANCED_FACE ( 'NONE', ( #1281 ), #1124, .T. ) ;
#481 = CARTESIAN_POINT ( 'NONE',  ( 36.50000000000001421, 3.000000000000000000, -1.078964550955288093 ) ) ;
#482 = ORIENTED_EDGE ( 'NONE', *, *, #767, .T. ) ;
#483 = CARTESIAN_POINT ( 'NONE',  ( 38.50000000000000711, 4.999999999999994671, 11.07896455095523613 ) ) ;
#484 = DIRECTION ( 'NONE',  ( 0.000000000000000000, -0.000000000000000000, -1.000000000000000000 ) ) ;
#485 = CIRCLE ( 'NONE', #1676, 2.000000000000000000 ) ;
#486 = AXIS2_PLACEMENT_3D ( 'NONE', #1467, #1025, #532 ) ;
#487 = VERTEX_POINT ( 'NONE', #116 ) ;
#488 = CARTESIAN_POINT ( 'NONE',  ( 42.09933368479639171, 4.229093439949831001, -3.999999999999976463 ) ) ;
#489 = EDGE_CURVE ( 'NONE', #414, #470, #1767, .T. ) ;
#490 = EDGE_LOOP ( 'NONE', ( #1246, #301, #1573, #1033 ) ) ;
#491 = DIRECTION ( 'NONE',  ( -1.000000000000000000, 0.000000000000000000, 0.000000000000000000 ) ) ;
#492 = AXIS2_PLACEMENT_3D ( 'NONE', #624, #1276, #1266 ) ;
#493 = LINE ( 'NONE', #2091, #619 ) ;
#494 = ORIENTED_EDGE ( 'NONE', *, *, #612, .T. ) ;
#495 = FACE_OUTER_BOUND ( 'NONE', #92, .T. ) ;
#496 = EDGE_CURVE ( 'NONE', #1943, #184, #479, .T. ) ;
#497 = CARTESIAN_POINT ( 'NONE',  ( 40.27764376854063499, 5.000000000000008882, 13.28440311177643984 ) ) ;
#498 = EDGE_LOOP ( 'NONE', ( #1638, #1611, #399, #1044 ) ) ;
#499 = DIRECTION ( 'NONE',  ( 0.000000000000000000, 0.000000000000000000, -1.000000000000000000 ) ) ;
#500 = DIRECTION ( 'NONE',  ( 1.000000000000000000, -0.000000000000000000, -0.000000000000000000 ) ) ;
#501 = VECTOR ( 'NONE', #2073, 1000.000000000000000 ) ;
#502 = EDGE_LOOP ( 'NONE', ( #449, #1712, #2012, #1525, #298 ) ) ;
#503 = CARTESIAN_POINT ( 'NONE',  ( 38.50000000000001421, 5.000000000000000000, -1.078964550955332946 ) ) ;
#504 = CARTESIAN_POINT ( 'NONE',  ( 42.50000000000000711, 0.000000000000000000, 14.00000000000002665 ) ) ;
#505 = ORIENTED_EDGE ( 'NONE', *, *, #83, .F. ) ;
#506 = CARTESIAN_POINT ( 'NONE',  ( 39.79250464274610977, 2.999999999999936051, 9.552716947032534378 ) ) ;
#507 = VERTEX_POINT ( 'NONE', #10 ) ;
#508 = CARTESIAN_POINT ( 'NONE',  ( 43.50000000000001421, -15.00000000000000000, 65.00000000000000000 ) ) ;
#509 = DIRECTION ( 'NONE',  ( -0.000000000000000000, -1.000000000000000000, -0.000000000000000000 ) ) ;
#510 = ORIENTED_EDGE ( 'NONE', *, *, #740, .F. ) ;
#511 = CARTESIAN_POINT ( 'NONE',  ( 42.50000000000001421, 5.000000000000000888, -3.999999999999975575 ) ) ;
#512 = CARTESIAN_POINT ( 'NONE',  ( 38.50000000000001421, 3.000000000000000000, 11.07896455095524679 ) ) ;
#513 = ORIENTED_EDGE ( 'NONE', *, *, #1498, .T. ) ;
#514 = ADVANCED_FACE ( 'NONE', ( #523 ), #983, .T. ) ;
#515 = CARTESIAN_POINT ( 'NONE',  ( 37.50000000000001421, 0.000000000000000000, -1.999999999999971356 ) ) ;
#516 = ORIENTED_EDGE ( 'NONE', *, *, #73, .T. ) ;
#517 = EDGE_CURVE ( 'NONE', #1435, #252, #341, .T. ) ;
#518 = CIRCLE ( 'NONE', #785, 7.500000000000000000 ) ;
#519 = CARTESIAN_POINT ( 'NONE',  ( 40.99999999999997158, 0.000000000000000000, -69.99999999999998579 ) ) ;
#520 = CARTESIAN_POINT ( 'NONE',  ( -40.99999999999999289, -7.500000000000000000, 0.000000000000000000 ) ) ;
#521 = EDGE_CURVE ( 'NONE', #1535, #1423, #1262, .T. ) ;
#522 = ORIENTED_EDGE ( 'NONE', *, *, #1571, .F. ) ;
#523 = FACE_OUTER_BOUND ( 'NONE', #1628, .T. ) ;
#524 = CARTESIAN_POINT ( 'NONE',  ( -42.49999999999999289, 4.171572875253810153, 64.00000000000002842 ) ) ;
#525 = ORIENTED_EDGE ( 'NONE', *, *, #101, .F. ) ;
#526 = CARTESIAN_POINT ( 'NONE',  ( 38.50000000000001421, 3.000000000000000000, -1.078964550955332946 ) ) ;
#527 = APPLICATION_CONTEXT ( 'automotive_design' ) ;
#528 = ADVANCED_FACE ( 'NONE', ( #1832 ), #814, .T. ) ;
#529 = CARTESIAN_POINT ( 'NONE',  ( 38.50000000000002842, 0.000000000000000000, -1.078964550955288093 ) ) ;
#530 = UNCERTAINTY_MEASURE_WITH_UNIT (LENGTH_MEASURE( 1.000000000000000082E-05 ), #1946, 'distance_accuracy_value', 'NONE');
#531 = DIRECTION ( 'NONE',  ( 0.000000000000000000, -1.000000000000000000, 0.000000000000000000 ) ) ;
#532 = DIRECTION ( 'NONE',  ( 1.000000000000000000, 0.000000000000000000, 0.000000000000000000 ) ) ;
#533 = ORIENTED_EDGE ( 'NONE', *, *, #1872, .F. ) ;
#534 = CARTESIAN_POINT ( 'NONE',  ( 42.49532166312156534, 4.999999999999999112, -3.852154634356340868 ) ) ;
#535 = VECTOR ( 'NONE', #548, 1000.000000000000000 ) ;
#536 = PRODUCT_DEFINITION_SHAPE ( 'NONE', 'NONE',  #275 ) ;
#537 = CARTESIAN_POINT ( 'NONE',  ( 40.33926041845499810, 5.000000000000005329, 13.41811175321190142 ) ) ;
#538 = FACE_OUTER_BOUND ( 'NONE', #102, .T. ) ;
#539 = AXIS2_PLACEMENT_3D ( 'NONE', #1106, #604, #914 ) ;
#540 = VERTEX_POINT ( 'NONE', #1504 ) ;
#541 = CARTESIAN_POINT ( 'NONE',  ( 42.50000000000000711, 3.000000000000000000, -3.999999999999976019 ) ) ;
#542 = EDGE_CURVE ( 'NONE', #622, #1094, #1316, .T. ) ;
#543 = LINE ( 'NONE', #1849, #1826 ) ;
#544 = LINE ( 'NONE', #1193, #214 ) ;
#545 = EDGE_CURVE ( 'NONE', #414, #2112, #931, .T. ) ;
#546 = ORIENTED_EDGE ( 'NONE', *, *, #647, .F. ) ;
#547 = DIRECTION ( 'NONE',  ( -1.000000000000000000, 0.000000000000000000, 3.265361837132813093E-16 ) ) ;
#548 = DIRECTION ( 'NONE',  ( 0.000000000000000000, 0.000000000000000000, -1.000000000000000000 ) ) ;
#549 = EDGE_CURVE ( 'NONE', #1060, #1726, #1972, .T. ) ;
#550 = DIRECTION ( 'NONE',  ( 0.000000000000000000, 1.000000000000000000, 0.000000000000000000 ) ) ;
#551 = EDGE_LOOP ( 'NONE', ( #860, #249, #1129 ) ) ;
#552 = EDGE_CURVE ( 'NONE', #1066, #238, #1168, .T. ) ;
#553 = CARTESIAN_POINT ( 'NONE',  ( -36.50000000000000000, 5.000000000000000000, 58.00000000000003553 ) ) ;
#554 = CARTESIAN_POINT ( 'NONE',  ( 37.50000000000001421, -5.000000000000000000, 12.00000000000003197 ) ) ;
#555 = CARTESIAN_POINT ( 'NONE',  ( 41.00000000000000711, -7.500000000000000000, 62.50000000000001421 ) ) ;
#556 = AXIS2_PLACEMENT_3D ( 'NONE', #189, #1006, #491 ) ;
#557 = VERTEX_POINT ( 'NONE', #1482 ) ;
#558 = CARTESIAN_POINT ( 'NONE',  ( 38.73023610909726244, 4.999999999999995559, -1.273940283908254090 ) ) ;
#559 = ADVANCED_FACE ( 'NONE', ( #1160 ), #1683, .T. ) ;
#560 = CARTESIAN_POINT ( 'NONE',  ( 36.50000000000001421, 5.000000000000000000, -1.078964550955290091 ) ) ;
#561 = ORIENTED_EDGE ( 'NONE', *, *, #361, .T. ) ;
#562 = CARTESIAN_POINT ( 'NONE',  ( 39.79250464274622345, -1.167937231085507028E-15, 9.552716947032379835 ) ) ;
#563 = B_SPLINE_CURVE_WITH_KNOTS ( 'NONE', 3,
 ( #2056, #585, #926, #1238, #1882, #1288, #353, #977, #497, #1310, #809, #1297, #1001, #1771 ),
 .UNSPECIFIED., .F., .F.,
 ( 4, 2, 2, 2, 2, 2, 4 ),
 ( 0.000000000000000000, 0.0001132909109616270357, 0.0002265818219232540714, 0.0004531636438465134554, 0.0009063272876930395959, 0.001812654575386096539, 0.003625309150772209991 ),
 .UNSPECIFIED. ) ;
#564 = ORIENTED_EDGE ( 'NONE', *, *, #1690, .F. ) ;
#565 = AXIS2_PLACEMENT_3D ( 'NONE', #279, #1921, #937 ) ;
#566 = PLANE ( 'NONE',  #1453 ) ;
#567 = DIRECTION ( 'NONE',  ( 1.000000000000000000, 0.000000000000000000, 0.000000000000000000 ) ) ;
#568 = VERTEX_POINT ( 'NONE', #895 ) ;
#569 = CARTESIAN_POINT ( 'NONE',  ( 40.33926041845498389, 4.999999999999993783, -3.418111753213376680 ) ) ;
#570 = CIRCLE ( 'NONE', #732, 2.999999999999999112 ) ;
#571 = DIRECTION ( 'NONE',  ( -0.000000000000000000, 1.000000000000000000, 0.000000000000000000 ) ) ;
#572 = CARTESIAN_POINT ( 'NONE',  ( 38.50000000000001421, 0.000000000000000000, 11.07896455095524679 ) ) ;
#573 = AXIS2_PLACEMENT_3D ( 'NONE', #1637, #797, #147 ) ;
#574 = DIRECTION ( 'NONE',  ( 0.000000000000000000, -0.000000000000000000, -1.000000000000000000 ) ) ;
#575 = CARTESIAN_POINT ( 'NONE',  ( 48.50000000000000711, -15.00000000000000000, 65.00000000000000000 ) ) ;
#576 = CARTESIAN_POINT ( 'NONE',  ( -43.50000000000000000, -15.00000000000000000, 70.00000000000000000 ) ) ;
#577 = VERTEX_POINT ( 'NONE', #1206 ) ;
#578 = VECTOR ( 'NONE', #265, 1000.000000000000000 ) ;
#579 = PLANE ( 'NONE',  #618 ) ;
#580 = CARTESIAN_POINT ( 'NONE',  ( -40.99999999999999289, -15.00000000000000000, -69.99999999999998579 ) ) ;
#581 = CYLINDRICAL_SURFACE ( 'NONE', #1038, 2.000000000000001776 ) ;
#582 = DIRECTION ( 'NONE',  ( -0.000000000000000000, 0.000000000000000000, -1.000000000000000000 ) ) ;
#583 = ADVANCED_FACE ( 'NONE', ( #1399 ), #428, .F. ) ;
#584 = DIRECTION ( 'NONE',  ( -0.000000000000000000, -1.000000000000000000, -0.000000000000000000 ) ) ;
#585 = CARTESIAN_POINT ( 'NONE',  ( 40.50000000000000000, 5.000000000000000888, 13.96163217825582237 ) ) ;
#586 = EDGE_CURVE ( 'NONE', #202, #487, #82, .T. ) ;
#587 = EDGE_LOOP ( 'NONE', ( #1324, #916, #1109 ) ) ;
#588 = DIRECTION ( 'NONE',  ( 0.000000000000000000, -1.000000000000000000, -0.000000000000000000 ) ) ;
#589 = CYLINDRICAL_SURFACE ( 'NONE', #1494, 2.000000000000001776 ) ;
#590 = VECTOR ( 'NONE', #1291, 1000.000000000000000 ) ;
#591 = LINE ( 'NONE', #142, #1542 ) ;
#592 = CYLINDRICAL_SURFACE ( 'NONE', #1114, 3.000000000000000000 ) ;
#593 = ORIENTED_EDGE ( 'NONE', *, *, #1583, .T. ) ;
#594 = DIRECTION ( 'NONE',  ( -1.000000000000000000, 0.000000000000000000, -5.782411586589355667E-16 ) ) ;
#595 = LINE ( 'NONE', #289, #764 ) ;
#596 = EDGE_CURVE ( 'NONE', #1404, #174, #1196, .T. ) ;
#597 = ORIENTED_EDGE ( 'NONE', *, *, #545, .T. ) ;
#598 = CARTESIAN_POINT ( 'NONE',  ( 36.50000000000001421, 5.000000000000000000, 58.00000000000002842 ) ) ;
#599 = CARTESIAN_POINT ( 'NONE',  ( 41.00000000000000711, 0.000000000000000000, 62.50000000000001421 ) ) ;
#600 = CARTESIAN_POINT ( 'NONE',  ( 48.50000000000001421, -4.999999999999998224, 8.000000000000035527 ) ) ;
#601 = CARTESIAN_POINT ( 'NONE',  ( -37.50000000000000711, 5.000000000000000000, -58.99999999999997868 ) ) ;
#602 = VERTEX_POINT ( 'NONE', #871 ) ;
#603 = AXIS2_PLACEMENT_3D ( 'NONE', #1867, #2028, #887 ) ;
#604 = DIRECTION ( 'NONE',  ( -1.000000000000000000, 0.000000000000000000, 3.265361837132813093E-16 ) ) ;
#605 = LINE ( 'NONE', #436, #1748 ) ;
#606 = ORIENTED_EDGE ( 'NONE', *, *, #1097, .F. ) ;
#607 = CARTESIAN_POINT ( 'NONE',  ( 36.50000000000001421, 3.499999999999997335, 8.000000000000026645 ) ) ;
#608 = ADVANCED_FACE ( 'NONE', ( #1526 ), #579, .T. ) ;
#609 = ADVANCED_FACE ( 'NONE', ( #616 ), #791, .F. ) ;
#610 = CARTESIAN_POINT ( 'NONE',  ( -48.49999999999999289, -7.500000000000000000, -62.49999999999997868 ) ) ;
#611 = VERTEX_POINT ( 'NONE', #1568 ) ;
#612 = EDGE_CURVE ( 'NONE', #1862, #677, #281, .T. ) ;
#613 = DIRECTION ( 'NONE',  ( 1.000000000000000000, 0.000000000000000000, 5.782411586589355667E-16 ) ) ;
#614 = CYLINDRICAL_SURFACE ( 'NONE', #492, 2.000000000000000000 ) ;
#615 = ORIENTED_EDGE ( 'NONE', *, *, #1614, .T. ) ;
#616 = FACE_OUTER_BOUND ( 'NONE', #1260, .T. ) ;
#617 = ADVANCED_FACE ( 'NONE', ( #141 ), #291, .T. ) ;
#618 = AXIS2_PLACEMENT_3D ( 'NONE', #712, #113, #455 ) ;
#619 = VECTOR ( 'NONE', #829, 1000.000000000000000 ) ;
#620 = VECTOR ( 'NONE', #1013, 1000.000000000000000 ) ;
#621 = DIRECTION ( 'NONE',  ( -1.000000000000000000, 0.000000000000000000, -0.000000000000000000 ) ) ;
#622 = VERTEX_POINT ( 'NONE', #1268 ) ;
#623 = LINE ( 'NONE', #2075, #1861 ) ;
#624 = CARTESIAN_POINT ( 'NONE',  ( 38.50000000000001421, 2.499999999999997780, 11.07896455095524679 ) ) ;
#625 = VERTEX_POINT ( 'NONE', #1923 ) ;
#626 = LINE ( 'NONE', #1120, #72 ) ;
#627 = CARTESIAN_POINT ( 'NONE',  ( 48.50000000000000711, -15.00000000000000000, -62.49999999999997868 ) ) ;
#628 = CARTESIAN_POINT ( 'NONE',  ( -48.49999999999999289, -15.00000000000000000, 70.00000000000000000 ) ) ;
#629 = ORIENTED_EDGE ( 'NONE', *, *, #1498, .F. ) ;
#630 = VECTOR ( 'NONE', #1695, 1000.000000000000000 ) ;
#631 = DIRECTION ( 'NONE',  ( 0.000000000000000000, -0.000000000000000000, -1.000000000000000000 ) ) ;
#632 = VECTOR ( 'NONE', #1876, 1000.000000000000000 ) ;
#633 = CARTESIAN_POINT ( 'NONE',  ( -40.99999999999999289, -7.500000000000000000, 62.50000000000001421 ) ) ;
#634 = ORIENTED_EDGE ( 'NONE', *, *, #935, .F. ) ;
#635 = PLANE ( 'NONE',  #175 ) ;
#636 = DIRECTION ( 'NONE',  ( -0.000000000000000000, 1.000000000000000000, -0.000000000000000000 ) ) ;
#637 = DIRECTION ( 'NONE',  ( -0.000000000000000000, -1.000000000000000000, -0.000000000000000000 ) ) ;
#638 = ORIENTED_EDGE ( 'NONE', *, *, #736, .T. ) ;
#639 = CARTESIAN_POINT ( 'NONE',  ( 39.79250464274611687, 4.999999999999994671, 9.552716947032466877 ) ) ;
#640 = CARTESIAN_POINT ( 'NONE',  ( 48.50000000000000711, 0.000000000000000000, -62.49999999999997868 ) ) ;
#641 = EDGE_CURVE ( 'NONE', #27, #790, #2015, .T. ) ;
#642 = ORIENTED_EDGE ( 'NONE', *, *, #1, .F. ) ;
#643 = SPHERICAL_SURFACE ( 'NONE', #187, 2.000000000000000000 ) ;
#644 = CARTESIAN_POINT ( 'NONE',  ( 41.00000000000000711, -7.500000000000000000, 62.50000000000001421 ) ) ;
#645 = EDGE_LOOP ( 'NONE', ( #2008, #126, #64, #1847 ) ) ;
#646 = DIRECTION ( 'NONE',  ( 1.000000000000000000, -0.000000000000000000, -0.000000000000000000 ) ) ;
#647 = EDGE_CURVE ( 'NONE', #140, #22, #949, .T. ) ;
#648 = CARTESIAN_POINT ( 'NONE',  ( 42.50000000000000000, -1.151356621882672416E-15, 11.84556291916486792 ) ) ;
#649 = ORIENTED_EDGE ( 'NONE', *, *, #1534, .T. ) ;
#650 = CARTESIAN_POINT ( 'NONE',  ( 42.17679122610545051, 4.999999999999481304, 12.62155831234942127 ) ) ;
#651 = DIRECTION ( 'NONE',  ( 0.000000000000000000, 1.000000000000000000, 0.000000000000000000 ) ) ;
#652 = ORIENTED_EDGE ( 'NONE', *, *, #1449, .F. ) ;
#653 = CARTESIAN_POINT ( 'NONE',  ( 38.50000000000004263, 2.999999999999997335, 11.07896455095524324 ) ) ;
#654 = CARTESIAN_POINT ( 'NONE',  ( -37.50000000000000000, -5.000000000000000000, -58.99999999999997868 ) ) ;
#655 = ORIENTED_EDGE ( 'NONE', *, *, #166, .T. ) ;
#656 = CARTESIAN_POINT ( 'NONE',  ( 40.47128324328082982, 5.000000000000004441, -3.812541065526143580 ) ) ;
#657 = VECTOR ( 'NONE', #451, 1000.000000000000000 ) ;
#658 = DIRECTION ( 'NONE',  ( -0.6462523213730465566, 0.000000000000000000, 0.7631238019613518775 ) ) ;
#659 = ORIENTED_EDGE ( 'NONE', *, *, #1028, .F. ) ;
#660 = DIRECTION ( 'NONE',  ( 0.000000000000000000, 5.421010862427522170E-15, 1.000000000000000000 ) ) ;
#661 = CARTESIAN_POINT ( 'NONE',  ( 41.50000000000000711, -4.999999999999998224, 2.000000000000028866 ) ) ;
#662 = ORIENTED_EDGE ( 'NONE', *, *, #241, .T. ) ;
#663 = CARTESIAN_POINT ( 'NONE',  ( 41.50000000000000711, -4.999999999999998224, 8.000000000000031974 ) ) ;
#664 = CARTESIAN_POINT ( 'NONE',  ( -1.926563483908359582E-14, -5.000000000000000000, -58.99999999999999289 ) ) ;
#665 = CIRCLE ( 'NONE', #1961, 7.499999999999992895 ) ;
#666 = ORIENTED_EDGE ( 'NONE', *, *, #1614, .F. ) ;
#667 = CARTESIAN_POINT ( 'NONE',  ( 40.49932013663698172, 4.999999999999999112, -3.980855668005117476 ) ) ;
#668 = CYLINDRICAL_SURFACE ( 'NONE', #2054, 7.499999999999992895 ) ;
#669 = EDGE_LOOP ( 'NONE', ( #2043, #1722, #268, #1284 ) ) ;
#670 = ADVANCED_FACE ( 'NONE', ( #1587 ), #635, .T. ) ;
#671 = AXIS2_PLACEMENT_3D ( 'NONE', #1428, #283, #768 ) ;
#672 = DIRECTION ( 'NONE',  ( 1.000000000000000000, -0.000000000000000000, -0.000000000000000000 ) ) ;
#673 = ADVANCED_FACE ( 'NONE', ( #1446 ), #139, .T. ) ;
#674 = EDGE_LOOP ( 'NONE', ( #145, #1481, #634, #170, #1831, #277 ) ) ;
#675 = CARTESIAN_POINT ( 'NONE',  ( 42.50000000000000711, 3.000000000000000000, 64.00000000000000000 ) ) ;
#676 = CARTESIAN_POINT ( 'NONE',  ( 39.79250464274608134, 3.000000000000054623, 0.4472830529673905153 ) ) ;
#677 = VERTEX_POINT ( 'NONE', #130 ) ;
#678 = CARTESIAN_POINT ( 'NONE',  ( 40.27635404257775065, 5.000000000000007994, -3.281656230686216702 ) ) ;
#679 = EDGE_CURVE ( 'NONE', #1598, #263, #1913, .T. ) ;
#680 = PLANE ( 'NONE',  #1576 ) ;
#681 = EDGE_LOOP ( 'NONE', ( #1002, #1906, #739, #1550 ) ) ;
#682 = CARTESIAN_POINT ( 'NONE',  ( 42.50000000000000711, 0.000000000000000000, -64.00000000000000000 ) ) ;
#683 = DIRECTION ( 'NONE',  ( 0.000000000000000000, 1.000000000000000000, -3.580270288570932286E-14 ) ) ;
#684 = AXIS2_PLACEMENT_3D ( 'NONE', #1472, #13, #658 ) ;
#685 = LINE ( 'NONE', #338, #1282 ) ;
#686 = CYLINDRICAL_SURFACE ( 'NONE', #486, 2.000000000000001776 ) ;
#687 = AXIS2_PLACEMENT_3D ( 'NONE', #2000, #1230, #1725 ) ;
#688 = ORIENTED_EDGE ( 'NONE', *, *, #1215, .T. ) ;
#689 = CARTESIAN_POINT ( 'NONE',  ( 40.49898653957001216, 5.000000000000000888, -3.976098972282136046 ) ) ;
#690 = CARTESIAN_POINT ( 'NONE',  ( 41.00000000000000711, -7.500000000000000000, -62.49999999999997868 ) ) ;
#691 = ADVANCED_FACE ( 'NONE', ( #2088 ), #1427, .T. ) ;
#692 = VERTEX_POINT ( 'NONE', #2078 ) ;
#693 = DIRECTION ( 'NONE',  ( 0.000000000000000000, 0.000000000000000000, 1.000000000000000000 ) ) ;
#694 = VERTEX_POINT ( 'NONE', #1290 ) ;
#695 = LINE ( 'NONE', #868, #1897 ) ;
#696 = DIRECTION ( 'NONE',  ( 0.000000000000000000, 8.673617379884038430E-16, 1.000000000000000000 ) ) ;
#697 = ORIENTED_EDGE ( 'NONE', *, *, #2030, .T. ) ;
#698 = DIRECTION ( 'NONE',  ( 0.000000000000000000, 0.000000000000000000, -1.000000000000000000 ) ) ;
#699 = EDGE_CURVE ( 'NONE', #568, #1094, #626, .T. ) ;
#700 = PRODUCT ( 'gb_bottom', 'gb_bottom', '', ( #1706 ) ) ;
#701 = VECTOR ( 'NONE', #106, 1000.000000000000000 ) ;
#702 = DIRECTION ( 'NONE',  ( 0.000000000000000000, 0.000000000000000000, -1.000000000000000000 ) ) ;
#703 = SPHERICAL_SURFACE ( 'NONE', #2085, 7.500000000000000000 ) ;
#704 = AXIS2_PLACEMENT_3D ( 'NONE', #1515, #1953, #660 ) ;
#705 = ORIENTED_EDGE ( 'NONE', *, *, #1298, .F. ) ;
#706 = CARTESIAN_POINT ( 'NONE',  ( 42.50000000000000711, 5.000000000000000000, 59.00000000000000711 ) ) ;
#707 = ORIENTED_EDGE ( 'NONE', *, *, #496, .T. ) ;
#708 = CARTESIAN_POINT ( 'NONE',  ( -42.49999999999999289, 5.000000000000000000, 64.00000000000002842 ) ) ;
#709 = SHAPE_DEFINITION_REPRESENTATION ( #536, #1627 ) ;
#710 = EDGE_CURVE ( 'NONE', #1841, #2032, #460, .T. ) ;
#711 = ORIENTED_EDGE ( 'NONE', *, *, #293, .T. ) ;
#712 = CARTESIAN_POINT ( 'NONE',  ( 36.50000000000001421, 5.000000000000000000, -57.99999999999999289 ) ) ;
#713 = CARTESIAN_POINT ( 'NONE',  ( 43.50000000000001421, -4.999999999999998224, 2.000000000000028866 ) ) ;
#714 = FACE_OUTER_BOUND ( 'NONE', #1156, .T. ) ;
#715 = EDGE_LOOP ( 'NONE', ( #775, #1249, #1641, #2023 ) ) ;
#716 = EDGE_CURVE ( 'NONE', #1257, #557, #334, .T. ) ;
#717 = CARTESIAN_POINT ( 'NONE',  ( 42.50000000000000711, 2.000000000000000444, -3.999999999999976019 ) ) ;
#718 = DIRECTION ( 'NONE',  ( -1.000000000000000000, 0.000000000000000000, 5.981805089575185104E-17 ) ) ;
#719 = DIRECTION ( 'NONE',  ( -0.000000000000000000, -1.000000000000000000, -0.000000000000000000 ) ) ;
#720 = AXIS2_PLACEMENT_3D ( 'NONE', #123, #103, #1280 ) ;
#721 = VECTOR ( 'NONE', #235, 1000.000000000000000 ) ;
#722 = ORIENTED_EDGE ( 'NONE', *, *, #1495, .T. ) ;
#723 = CARTESIAN_POINT ( 'NONE',  ( 41.56383216127166236, 4.999999999999741540, -1.507551579615962645 ) ) ;
#724 = LINE ( 'NONE', #747, #1450 ) ;
#725 = CARTESIAN_POINT ( 'NONE',  ( 43.50000000000001421, -5.000000000000000888, -69.99999999999998579 ) ) ;
#726 = DIRECTION ( 'NONE',  ( -0.000000000000000000, 1.000000000000000000, -0.000000000000000000 ) ) ;
#727 = ORIENTED_EDGE ( 'NONE', *, *, #1825, .F. ) ;
#728 = FACE_OUTER_BOUND ( 'NONE', #1054, .T. ) ;
#729 = CARTESIAN_POINT ( 'NONE',  ( 37.50000000000001421, -5.000000000000000000, -59.00000000000000711 ) ) ;
#730 = ORIENTED_EDGE ( 'NONE', *, *, #872, .F. ) ;
#731 = CARTESIAN_POINT ( 'NONE',  ( 1.926563483908360529E-14, -5.000000000000000000, 59.00000000000001421 ) ) ;
#732 = AXIS2_PLACEMENT_3D ( 'NONE', #59, #1544, #696 ) ;
#733 = AXIS2_PLACEMENT_3D ( 'NONE', #1381, #84, #419 ) ;
#734 = LINE ( 'NONE', #560, #258 ) ;
#735 = DIRECTION ( 'NONE',  ( -0.000000000000000000, -1.000000000000000000, -0.000000000000000000 ) ) ;
#736 = EDGE_CURVE ( 'NONE', #1267, #798, #2108, .T. ) ;
#737 = AXIS2_PLACEMENT_3D ( 'NONE', #706, #1824, #406 ) ;
#738 = FACE_OUTER_BOUND ( 'NONE', #1741, .T. ) ;
#739 = ORIENTED_EDGE ( 'NONE', *, *, #1739, .F. ) ;
#740 = EDGE_CURVE ( 'NONE', #611, #568, #18, .T. ) ;
#741 = CARTESIAN_POINT ( 'NONE',  ( 42.49996418797023523, 4.999999999999968914, 13.94074437751528350 ) ) ;
#742 = CARTESIAN_POINT ( 'NONE',  ( 41.50000000000000711, 0.000000000000000000, 8.000000000000031974 ) ) ;
#743 =( BOUNDED_CURVE ( )  B_SPLINE_CURVE ( 3, ( #336, #323, #831, #1475 ),
 .UNSPECIFIED., .F., .T. ) 
 B_SPLINE_CURVE_WITH_KNOTS ( ( 4, 4 ),
 ( 3.141592653589793116, 4.712388980384689674 ),
 .UNSPECIFIED. ) 
 CURVE ( )  GEOMETRIC_REPRESENTATION_ITEM ( )  RATIONAL_B_SPLINE_CURVE ( ( 1.000000000000000000, 0.8047378541243649375, 0.8047378541243649375, 1.000000000000000000 ) ) 
 REPRESENTATION_ITEM ( '' )  );
#744 = ORIENTED_EDGE ( 'NONE', *, *, #1151, .F. ) ;
#745 = AXIS2_PLACEMENT_3D ( 'NONE', #599, #2089, #1420 ) ;
#746 = CARTESIAN_POINT ( 'NONE',  ( 42.48414380290784464, 2.999999999999989342, -3.726633587635874267 ) ) ;
#747 = CARTESIAN_POINT ( 'NONE',  ( 40.50000000000000711, 5.000000000000000000, 0.000000000000000000 ) ) ;
#748 = DIRECTION ( 'NONE',  ( -1.000000000000000000, 3.469446951953611033E-15, -1.880790961315656650E-29 ) ) ;
#749 = EDGE_CURVE ( 'NONE', #602, #342, #2051, .T. ) ;
#750 = DIRECTION ( 'NONE',  ( -0.7631238019613550971, 7.622361561403903396E-15, 0.6462523213730428928 ) ) ;
#751 = ORIENTED_EDGE ( 'NONE', *, *, #918, .T. ) ;
#752 = CARTESIAN_POINT ( 'NONE',  ( 42.49834447576968444, 3.000000000000007994, 13.90988989097627559 ) ) ;
#753 = LINE ( 'NONE', #137, #1043 ) ;
#754 = ORIENTED_EDGE ( 'NONE', *, *, #517, .T. ) ;
#755 = CARTESIAN_POINT ( 'NONE',  ( 48.50000000000000711, -15.00000000000000000, -62.49999999999997868 ) ) ;
#756 = CYLINDRICAL_SURFACE ( 'NONE', #1620, 3.000000000000000000 ) ;
#757 = CARTESIAN_POINT ( 'NONE',  ( 38.50000000000000711, 2.999999999999998224, -1.078964550955322066 ) ) ;
#758 = ADVANCED_FACE ( 'NONE', ( #1478 ), #643, .T. ) ;
#759 = DIRECTION ( 'NONE',  ( 0.000000000000000000, -1.000000000000000000, 0.000000000000000000 ) ) ;
#760 = ORIENTED_EDGE ( 'NONE', *, *, #1679, .F. ) ;
#761 = EDGE_CURVE ( 'NONE', #1586, #816, #685, .T. ) ;
#762 = CARTESIAN_POINT ( 'NONE',  ( 42.46273736301538548, 2.999999999999994671, 13.57347187797975963 ) ) ;
#763 = FACE_OUTER_BOUND ( 'NONE', #44, .T. ) ;
#764 = VECTOR ( 'NONE', #947, 1000.000000000000000 ) ;
#765 = ORIENTED_EDGE ( 'NONE', *, *, #1534, .F. ) ;
#766 = CARTESIAN_POINT ( 'NONE',  ( 42.50000000000002132, 1.499999999999995115, 8.000000000001760370 ) ) ;
#767 = EDGE_CURVE ( 'NONE', #1094, #1203, #1312, .T. ) ;
#768 = DIRECTION ( 'NONE',  ( 0.000000000000000000, 0.000000000000000000, -1.000000000000000000 ) ) ;
#769 = EDGE_CURVE ( 'NONE', #1726, #1195, #150, .T. ) ;
#770 = CARTESIAN_POINT ( 'NONE',  ( 48.50000000000001421, -4.999999999999998224, 5.000000000000034639 ) ) ;
#771 = EDGE_LOOP ( 'NONE', ( #76, #1948, #1460, #178 ) ) ;
#772 = VECTOR ( 'NONE', #1784, 1000.000000000000000 ) ;
#773 = CARTESIAN_POINT ( 'NONE',  ( 42.31073578941965252, 3.000000000000152323, 12.98110662895186884 ) ) ;
#774 = PLANE ( 'NONE',  #1108 ) ;
#775 = ORIENTED_EDGE ( 'NONE', *, *, #357, .T. ) ;
#776 = EDGE_CURVE ( 'NONE', #948, #557, #1101, .T. ) ;
#777 = CARTESIAN_POINT ( 'NONE',  ( 42.50000000000002132, 3.500000000000005773, 8.000000000001760370 ) ) ;
#778 = CARTESIAN_POINT ( 'NONE',  ( 5.703200468964848808E-15, 5.000000000000000000, 60.00000000000004263 ) ) ;
#779 = DIRECTION ( 'NONE',  ( 0.000000000000000000, 0.000000000000000000, -1.000000000000000000 ) ) ;
#780 = ORIENTED_EDGE ( 'NONE', *, *, #2070, .T. ) ;
#781 = CARTESIAN_POINT ( 'NONE',  ( 42.49834345088699195, 5.000000000000019540, 13.90988994465373096 ) ) ;
#782 = CARTESIAN_POINT ( 'NONE',  ( 0.000000000000000000, -9.999999999999998224, 0.000000000000000000 ) ) ;
#783 = ORIENTED_EDGE ( 'NONE', *, *, #143, .T. ) ;
#784 = DIRECTION ( 'NONE',  ( 0.000000000000000000, 1.000000000000000000, -3.580270288570932286E-14 ) ) ;
#785 = AXIS2_PLACEMENT_3D ( 'NONE', #690, #1007, #75 ) ;
#786 = CARTESIAN_POINT ( 'NONE',  ( 38.50000000000001421, 5.000000000000000000, -1.078964550955332946 ) ) ;
#787 = VERTEX_POINT ( 'NONE', #675 ) ;
#788 = CARTESIAN_POINT ( 'NONE',  ( 0.000000000000000000, -15.00000000000000000, 0.000000000000000000 ) ) ;
#789 = CARTESIAN_POINT ( 'NONE',  ( 36.50000000000001421, 5.000000000000000000, -57.99999999999999289 ) ) ;
#790 = VERTEX_POINT ( 'NONE', #663 ) ;
#791 = PLANE ( 'NONE',  #2084 ) ;
#792 = LINE ( 'NONE', #910, #74 ) ;
#793 = DIRECTION ( 'NONE',  ( 0.000000000000000000, -1.000000000000000000, 0.000000000000000000 ) ) ;
#794 = CARTESIAN_POINT ( 'NONE',  ( 41.00000000000000711, -7.500000000000000000, -62.49999999999997868 ) ) ;
#795 = EDGE_LOOP ( 'NONE', ( #1513, #839, #564, #1335 ) ) ;
#796 = FACE_OUTER_BOUND ( 'NONE', #901, .T. ) ;
#797 = DIRECTION ( 'NONE',  ( 0.000000000000000000, 0.000000000000000000, 1.000000000000000000 ) ) ;
#798 = VERTEX_POINT ( 'NONE', #519 ) ;
#799 = CARTESIAN_POINT ( 'NONE',  ( 42.24757277670852318, 4.007237960741798055, -3.999999999999976019 ) ) ;
#800 = VECTOR ( 'NONE', #584, 1000.000000000000000 ) ;
#801 = CYLINDRICAL_SURFACE ( 'NONE', #2086, 2.000000000000000000 ) ;
#802 = EDGE_CURVE ( 'NONE', #238, #1692, #347, .T. ) ;
#803 = EDGE_LOOP ( 'NONE', ( #1764, #1315, #705 ) ) ;
#804 = CARTESIAN_POINT ( 'NONE',  ( 42.50000000000000711, 3.000000000000000000, -3.999999999999976019 ) ) ;
#805 =( BOUNDED_CURVE ( )  B_SPLINE_CURVE ( 3, ( #1983, #524, #2049, #1132 ),
 .UNSPECIFIED., .F., .F. ) 
 B_SPLINE_CURVE_WITH_KNOTS ( ( 4, 4 ),
 ( 0.000000000000000000, 1.570796326794896558 ),
 .UNSPECIFIED. ) 
 CURVE ( )  GEOMETRIC_REPRESENTATION_ITEM ( )  RATIONAL_B_SPLINE_CURVE ( ( 1.000000000000000000, 0.8047378541243649375, 0.8047378541243649375, 1.000000000000000000 ) ) 
 REPRESENTATION_ITEM ( '' )  );
#806 = CARTESIAN_POINT ( 'NONE',  ( 37.50000000000001421, -5.000000000000000000, -1.999999999999971356 ) ) ;
#807 = VERTEX_POINT ( 'NONE', #834 ) ;
#808 = CARTESIAN_POINT ( 'NONE',  ( 36.50000000000001421, 0.000000000000000000, 58.00000000000002842 ) ) ;
#809 = CARTESIAN_POINT ( 'NONE',  ( 39.90631914148521275, 4.999999999999992006, 12.62998500786666156 ) ) ;
#810 = VERTEX_POINT ( 'NONE', #30 ) ;
#811 = CARTESIAN_POINT ( 'NONE',  ( 42.24757277670852318, 4.007237960741798943, 14.00000000000003020 ) ) ;
#812 = DIRECTION ( 'NONE',  ( 0.000000000000000000, 0.000000000000000000, -1.000000000000000000 ) ) ;
#813 = ORIENTED_EDGE ( 'NONE', *, *, #1410, .T. ) ;
#814 = PLANE ( 'NONE',  #345 ) ;
#815 = LINE ( 'NONE', #1928, #176 ) ;
#816 = VERTEX_POINT ( 'NONE', #1330 ) ;
#817 = VECTOR ( 'NONE', #547, 1000.000000000000000 ) ;
#818 = CARTESIAN_POINT ( 'NONE',  ( -40.49999999999999289, 5.000000000000000000, 64.00000000000002842 ) ) ;
#819 = CARTESIAN_POINT ( 'NONE',  ( 42.50000000000000711, 5.500000000000000000, -3.999999999999976019 ) ) ;
#820 = EDGE_CURVE ( 'NONE', #1489, #1404, #1969, .T. ) ;
#821 = ORIENTED_EDGE ( 'NONE', *, *, #331, .T. ) ;
#822 = CARTESIAN_POINT ( 'NONE',  ( 42.09933368479638460, 4.229093439949831001, 14.00000000000002665 ) ) ;
#823 = CARTESIAN_POINT ( 'NONE',  ( 38.50000000000001421, 5.000000000000000000, 58.00000000000002842 ) ) ;
#824 = ORIENTED_EDGE ( 'NONE', *, *, #837, .F. ) ;
#825 = CARTESIAN_POINT ( 'NONE',  ( 48.50000000000001421, -1.999999999999998224, 2.000000000000029310 ) ) ;
#826 = EDGE_CURVE ( 'NONE', #238, #1485, #1387, .T. ) ;
#827 = VECTOR ( 'NONE', #2045, 1000.000000000000000 ) ;
#828 = EDGE_CURVE ( 'NONE', #470, #568, #149, .T. ) ;
#829 = DIRECTION ( 'NONE',  ( 0.000000000000000000, 0.000000000000000000, -1.000000000000000000 ) ) ;
#830 = ORIENTED_EDGE ( 'NONE', *, *, #316, .T. ) ;
#831 = CARTESIAN_POINT ( 'NONE',  ( 37.32842712474620583, 5.000000000000000000, -58.82842712474619162 ) ) ;
#832 = AXIS2_PLACEMENT_3D ( 'NONE', #1501, #38, #1340 ) ;
#833 = ORIENTED_EDGE ( 'NONE', *, *, #1118, .F. ) ;
#834 = CARTESIAN_POINT ( 'NONE',  ( 40.50000000000000711, 5.000000000000000000, -62.00000000000000000 ) ) ;
#835 = FACE_OUTER_BOUND ( 'NONE', #1056, .T. ) ;
#836 = VECTOR ( 'NONE', #1667, 1000.000000000000000 ) ;
#837 = EDGE_CURVE ( 'NONE', #2017, #1423, #284, .T. ) ;
#838 = AXIS2_PLACEMENT_3D ( 'NONE', #529, #382, #1858 ) ;
#839 = ORIENTED_EDGE ( 'NONE', *, *, #1966, .T. ) ;
#840 = CARTESIAN_POINT ( 'NONE',  ( 40.49366723992204697, 5.000000000000002665, -3.924090806227763295 ) ) ;
#841 = CARTESIAN_POINT ( 'NONE',  ( 48.50000000000001421, 0.000000000000000000, 2.000000000000029310 ) ) ;
#842 = VERTEX_POINT ( 'NONE', #729 ) ;
#843 = CIRCLE ( 'NONE', #671, 7.500000000000000000 ) ;
#844 = LINE ( 'NONE', #1337, #1155 ) ;
#845 = DIRECTION ( 'NONE',  ( -0.000000000000000000, -1.000000000000000000, -0.000000000000000000 ) ) ;
#846 = CARTESIAN_POINT ( 'NONE',  ( 42.50000000000000711, 0.000000000000000000, -3.999999999999976019 ) ) ;
#847 = CARTESIAN_POINT ( 'NONE',  ( -48.49999999999999289, 0.000000000000000000, 62.50000000000001421 ) ) ;
#848 = ORIENTED_EDGE ( 'NONE', *, *, #295, .T. ) ;
#849 = CARTESIAN_POINT ( 'NONE',  ( 40.50000000000000000, 5.000000000000000000, -3.961476738528520780 ) ) ;
#850 = CARTESIAN_POINT ( 'NONE',  ( 43.50000000000001421, -5.000000000000000888, 2.000000000000029310 ) ) ;
#851 = ORIENTED_EDGE ( 'NONE', *, *, #517, .F. ) ;
#852 = DIRECTION ( 'NONE',  ( -0.000000000000000000, 1.000000000000000000, -0.000000000000000000 ) ) ;
#853 = ORIENTED_EDGE ( 'NONE', *, *, #991, .F. ) ;
#854 = EDGE_CURVE ( 'NONE', #1195, #1750, #1048, .T. ) ;
#855 = LINE ( 'NONE', #880, #1624 ) ;
#856 = VECTOR ( 'NONE', #636, 1000.000000000000000 ) ;
#857 = CARTESIAN_POINT ( 'NONE',  ( 48.50000000000000711, -15.00000000000000000, -69.99999999999998579 ) ) ;
#858 = SPHERICAL_SURFACE ( 'NONE', #1375, 7.500000000000000000 ) ;
#859 = VECTOR ( 'NONE', #39, 1000.000000000000000 ) ;
#860 = ORIENTED_EDGE ( 'NONE', *, *, #2031, .T. ) ;
#861 = CARTESIAN_POINT ( 'NONE',  ( 40.06798402988055585, 5.000000000000000888, -2.880436563010493334 ) ) ;
#862 = CARTESIAN_POINT ( 'NONE',  ( 40.35300157501812635, 3.000000000000524469, 10.05611149491699230 ) ) ;
#863 = CARTESIAN_POINT ( 'NONE',  ( -40.49999999999999289, 5.000000000000000000, 62.00000000000002842 ) ) ;
#864 = ORIENTED_EDGE ( 'NONE', *, *, #200, .F. ) ;
#865 = EDGE_CURVE ( 'NONE', #1750, #184, #1217, .T. ) ;
#866 = LINE ( 'NONE', #392, #836 ) ;
#867 = ORIENTED_EDGE ( 'NONE', *, *, #865, .F. ) ;
#868 = CARTESIAN_POINT ( 'NONE',  ( -40.99999999999999289, -15.00000000000000000, -69.99999999999998579 ) ) ;
#869 = DIRECTION ( 'NONE',  ( 0.000000000000000000, 0.000000000000000000, 1.000000000000000000 ) ) ;
#870 = ORIENTED_EDGE ( 'NONE', *, *, #51, .T. ) ;
#871 = CARTESIAN_POINT ( 'NONE',  ( 38.50000000000001421, 5.000000000000000000, 60.00000000000003553 ) ) ;
#872 = EDGE_CURVE ( 'NONE', #426, #1049, #1705, .T. ) ;
#873 = VECTOR ( 'NONE', #1939, 1000.000000000000000 ) ;
#874 = CARTESIAN_POINT ( 'NONE',  ( 39.79250464274608134, 3.000000000000054623, 0.4472830529673905153 ) ) ;
#875 = DIRECTION ( 'NONE',  ( 1.000000000000000000, 0.000000000000000000, -1.901066822988281703E-16 ) ) ;
#876 = AXIS2_PLACEMENT_3D ( 'NONE', #1564, #1890, #1920 ) ;
#877 = VERTEX_POINT ( 'NONE', #742 ) ;
#878 = CARTESIAN_POINT ( 'NONE',  ( 36.50000000000001421, 3.000000000000000000, -57.99999999999999289 ) ) ;
#879 = VERTEX_POINT ( 'NONE', #240 ) ;
#880 = CARTESIAN_POINT ( 'NONE',  ( 36.50000000000001421, 5.000000000000000000, -60.00000000000000000 ) ) ;
#881 = CARTESIAN_POINT ( 'NONE',  ( 48.50000000000000711, 0.000000000000000000, -69.99999999999998579 ) ) ;
#882 = ORIENTED_EDGE ( 'NONE', *, *, #1130, .F. ) ;
#883 = CARTESIAN_POINT ( 'NONE',  ( 41.10599521405615064, 3.000000000000234035, -0.8868951295284519531 ) ) ;
#884 = CARTESIAN_POINT ( 'NONE',  ( -48.49999999999999289, -15.00000000000000000, 62.50000000000001421 ) ) ;
#885 = DIRECTION ( 'NONE',  ( -1.000000000000000000, 0.000000000000000000, 0.000000000000000000 ) ) ;
#886 = ORIENTED_EDGE ( 'NONE', *, *, #542, .F. ) ;
#887 = DIRECTION ( 'NONE',  ( 1.000000000000000000, 0.000000000000000000, -3.265361837132813093E-16 ) ) ;
#888 = FACE_OUTER_BOUND ( 'NONE', #1615, .T. ) ;
#889 = CARTESIAN_POINT ( 'NONE',  ( 41.50000000000000711, -4.999999999999998224, 12.00000000000003197 ) ) ;
#890 =( BOUNDED_CURVE ( )  B_SPLINE_CURVE ( 2, ( #504, #648, #1634 ),
 .UNSPECIFIED., .F., .T. ) 
 B_SPLINE_CURVE_WITH_KNOTS ( ( 3, 3 ),
 ( 0.000000000000000000, 0.5690579610277171074 ),
 .UNSPECIFIED. ) 
 CURVE ( )  GEOMETRIC_REPRESENTATION_ITEM ( )  RATIONAL_B_SPLINE_CURVE ( ( 1.000000000000000000, 0.6723728848508767619, 0.7176234059499909668 ) ) 
 REPRESENTATION_ITEM ( '' )  );
#891 = VECTOR ( 'NONE', #2037, 1000.000000000000000 ) ;
#892 = CIRCLE ( 'NONE', #894, 7.500000000000000000 ) ;
#893 = VERTEX_POINT ( 'NONE', #1552 ) ;
#894 = AXIS2_PLACEMENT_3D ( 'NONE', #1121, #1234, #1925 ) ;
#895 = CARTESIAN_POINT ( 'NONE',  ( 43.50000000000001421, -5.000000000000000000, 65.00000000000000000 ) ) ;
#896 = LINE ( 'NONE', #884, #1488 ) ;
#897 = ADVANCED_FACE ( 'NONE', ( #1850 ), #1829, .T. ) ;
#898 = LINE ( 'NONE', #1548, #1508 ) ;
#899 = EDGE_CURVE ( 'NONE', #2112, #1066, #570, .T. ) ;
#900 = FACE_OUTER_BOUND ( 'NONE', #129, .T. ) ;
#901 = EDGE_LOOP ( 'NONE', ( #1701, #393, #1675 ) ) ;
#902 = FACE_OUTER_BOUND ( 'NONE', #1623, .T. ) ;
#903 = DIRECTION ( 'NONE',  ( -1.000000000000000000, -0.000000000000000000, -1.445602896647338917E-16 ) ) ;
#904 = EDGE_LOOP ( 'NONE', ( #655, #1815, #516, #711 ) ) ;
#905 = CARTESIAN_POINT ( 'NONE',  ( 38.94710658538253512, 5.000000000000000888, -1.480575311835600205 ) ) ;
#906 = EDGE_CURVE ( 'NONE', #1021, #1518, #1386, .T. ) ;
#907 = AXIS2_PLACEMENT_3D ( 'NONE', #251, #398, #2034 ) ;
#908 = CIRCLE ( 'NONE', #1180, 2.000000000000000000 ) ;
#909 = CARTESIAN_POINT ( 'NONE',  ( 1.926563483908360529E-14, 0.000000000000000000, 59.00000000000001421 ) ) ;
#910 = CARTESIAN_POINT ( 'NONE',  ( 37.50000000000001421, 0.000000000000000000, 0.000000000000000000 ) ) ;
#911 = AXIS2_PLACEMENT_3D ( 'NONE', #37, #683, #1338 ) ;
#912 = LINE ( 'NONE', #1422, #1893 ) ;
#913 = ORIENTED_EDGE ( 'NONE', *, *, #927, .F. ) ;
#914 = DIRECTION ( 'NONE',  ( 3.265361837132814079E-16, 0.000000000000000000, 1.000000000000000000 ) ) ;
#915 = CARTESIAN_POINT ( 'NONE',  ( 43.50000000000001421, -1.999999999999998224, 2.000000000000028866 ) ) ;
#916 = ORIENTED_EDGE ( 'NONE', *, *, #710, .T. ) ;
#917 = CARTESIAN_POINT ( 'NONE',  ( 38.50000000000003553, 2.999999999999999112, 11.07896455095524857 ) ) ;
#918 = EDGE_CURVE ( 'NONE', #17, #893, #1822, .T. ) ;
#919 = DIRECTION ( 'NONE',  ( 0.000000000000000000, 0.000000000000000000, -1.000000000000000000 ) ) ;
#920 = FACE_OUTER_BOUND ( 'NONE', #986, .T. ) ;
#921 = ADVANCED_FACE ( 'NONE', ( #1352 ), #1182, .T. ) ;
#922 = ADVANCED_FACE ( 'NONE', ( #2010 ), #228, .T. ) ;
#923 = FACE_OUTER_BOUND ( 'NONE', #1788, .T. ) ;
#924 = ORIENTED_EDGE ( 'NONE', *, *, #1973, .T. ) ;
#925 = CARTESIAN_POINT ( 'NONE',  ( 42.49359341643706500, 5.000000000000006217, 13.82831512371727101 ) ) ;
#926 = CARTESIAN_POINT ( 'NONE',  ( 40.49370835936508684, 5.000000000000004441, 13.92439430085461538 ) ) ;
#927 = EDGE_CURVE ( 'NONE', #1170, #1018, #21, .T. ) ;
#928 = EDGE_CURVE ( 'NONE', #1079, #948, #1523, .T. ) ;
#929 = ORIENTED_EDGE ( 'NONE', *, *, #1661, .T. ) ;
#930 = CARTESIAN_POINT ( 'NONE',  ( 42.50000000000000711, -0.4999999999999995559, 14.00000000000002665 ) ) ;
#931 = CIRCLE ( 'NONE', #1470, 2.999999999999999112 ) ;
#932 = LINE ( 'NONE', #778, #950 ) ;
#933 = CARTESIAN_POINT ( 'NONE',  ( 43.50000000000001421, -5.000000000000000000, -64.99999999999997158 ) ) ;
#934 = ORIENTED_EDGE ( 'NONE', *, *, #1991, .F. ) ;
#935 = EDGE_CURVE ( 'NONE', #1715, #409, #48, .T. ) ;
#936 = CARTESIAN_POINT ( 'NONE',  ( 42.35403057976154884, 2.999999999999829914, 13.10946570840921233 ) ) ;
#937 = DIRECTION ( 'NONE',  ( 0.000000000000000000, 0.000000000000000000, -1.000000000000000000 ) ) ;
#938 = VECTOR ( 'NONE', #869, 1000.000000000000000 ) ;
#939 = ORIENTED_EDGE ( 'NONE', *, *, #991, .T. ) ;
#940 = DIRECTION ( 'NONE',  ( 0.000000000000000000, 0.000000000000000000, 1.000000000000000000 ) ) ;
#941 = AXIS2_PLACEMENT_3D ( 'NONE', #576, #567, #1860 ) ;
#942 = CARTESIAN_POINT ( 'NONE',  ( -2.891205793294710374E-16, 0.000000000000000000, 2.000000000000022649 ) ) ;
#943 = ORIENTED_EDGE ( 'NONE', *, *, #761, .F. ) ;
#944 = AXIS2_PLACEMENT_3D ( 'NONE', #553, #1200, #2019 ) ;
#945 = VECTOR ( 'NONE', #1986, 1000.000000000000000 ) ;
#946 = CARTESIAN_POINT ( 'NONE',  ( 42.49359372147004166, 2.999999999999997335, 13.82831509846884366 ) ) ;
#947 = DIRECTION ( 'NONE',  ( -0.000000000000000000, -1.000000000000000000, -0.000000000000000000 ) ) ;
#948 = VERTEX_POINT ( 'NONE', #1024 ) ;
#949 = LINE ( 'NONE', #1599, #1100 ) ;
#950 = VECTOR ( 'NONE', #1609, 1000.000000000000000 ) ;
#951 = DIRECTION ( 'NONE',  ( -1.000000000000000000, 0.000000000000000000, 0.000000000000000000 ) ) ;
#952 = CARTESIAN_POINT ( 'NONE',  ( 37.50000000000001421, 0.000000000000000000, -1.999999999999971356 ) ) ;
#953 = ORIENTED_EDGE ( 'NONE', *, *, #1631, .F. ) ;
#954 = CARTESIAN_POINT ( 'NONE',  ( -43.50000000000000000, -15.00000000000000000, -64.99999999999997158 ) ) ;
#955 = CARTESIAN_POINT ( 'NONE',  ( -40.49999999999999289, 5.000000000000000000, -61.99999999999997158 ) ) ;
#956 = ORIENTED_EDGE ( 'NONE', *, *, #521, .T. ) ;
#957 = CARTESIAN_POINT ( 'NONE',  ( 42.50000000000002132, -0.4999999999999996669, 8.000000000000026645 ) ) ;
#958 = LINE ( 'NONE', #477, #349 ) ;
#959 = ADVANCED_FACE ( 'NONE', ( #205 ), #67, .F. ) ;
#960 =( NAMED_UNIT ( * ) SI_UNIT ( $, .STERADIAN. ) SOLID_ANGLE_UNIT ( ) );
#961 =( BOUNDED_CURVE ( )  B_SPLINE_CURVE ( 3, ( #1166, #1331, #993, #1979 ),
 .UNSPECIFIED., .F., .F. ) 
 B_SPLINE_CURVE_WITH_KNOTS ( ( 4, 4 ),
 ( 4.712388980384689674, 6.283185307179586232 ),
 .UNSPECIFIED. ) 
 CURVE ( )  GEOMETRIC_REPRESENTATION_ITEM ( )  RATIONAL_B_SPLINE_CURVE ( ( 1.000000000000000000, 0.8047378541243649375, 0.8047378541243649375, 1.000000000000000000 ) ) 
 REPRESENTATION_ITEM ( '' )  );
#962 = EDGE_CURVE ( 'NONE', #1810, #1426, #544, .T. ) ;
#963 = AXIS2_PLACEMENT_3D ( 'NONE', #1834, #875, #1529 ) ;
#964 = CIRCLE ( 'NONE', #1306, 7.500000000000000000 ) ;
#965 = CARTESIAN_POINT ( 'NONE',  ( 37.50000000000001421, -5.000000000000000000, 0.000000000000000000 ) ) ;
#966 = ORIENTED_EDGE ( 'NONE', *, *, #1295, .T. ) ;
#967 = CARTESIAN_POINT ( 'NONE',  ( 38.50000000000000711, 3.000000000000071498, 0.9210354490446949205 ) ) ;
#968 = CARTESIAN_POINT ( 'NONE',  ( 42.50000000000000711, -0.4999999999999995559, -3.999999999999976019 ) ) ;
#969 = ORIENTED_EDGE ( 'NONE', *, *, #1680, .T. ) ;
#970 = DIRECTION ( 'NONE',  ( 0.000000000000000000, 0.000000000000000000, 1.000000000000000000 ) ) ;
#971 = CARTESIAN_POINT ( 'NONE',  ( -40.99999999999999289, 0.000000000000000000, -62.49999999999997868 ) ) ;
#972 = ORIENTED_EDGE ( 'NONE', *, *, #241, .F. ) ;
#973 = EDGE_CURVE ( 'NONE', #1149, #1692, #1682, .T. ) ;
#974 = DIRECTION ( 'NONE',  ( 1.000000000000000000, -0.000000000000000000, -3.265361837132813093E-16 ) ) ;
#975 = ORIENTED_EDGE ( 'NONE', *, *, #545, .F. ) ;
#976 = CARTESIAN_POINT ( 'NONE',  ( -36.50000000000000000, 0.000000000000000000, 58.00000000000003553 ) ) ;
#977 = CARTESIAN_POINT ( 'NONE',  ( 40.34025442752464841, 4.999999999999993783, 13.42049134620756767 ) ) ;
#978 = VECTOR ( 'NONE', #1816, 1000.000000000000000 ) ;
#979 = ORIENTED_EDGE ( 'NONE', *, *, #586, .T. ) ;
#980 = CARTESIAN_POINT ( 'NONE',  ( 42.50000000000000711, 3.261799387799149574, 14.00000000000002665 ) ) ;
#981 = VECTOR ( 'NONE', #1474, 1000.000000000000000 ) ;
#982 = ORIENTED_EDGE ( 'NONE', *, *, #927, .T. ) ;
#983 = CYLINDRICAL_SURFACE ( 'NONE', #556, 2.000000000000001776 ) ;
#984 = EDGE_CURVE ( 'NONE', #1618, #1666, #395, .T. ) ;
#985 = LINE ( 'NONE', #1950, #873 ) ;
#986 = EDGE_LOOP ( 'NONE', ( #317, #972, #2057, #231 ) ) ;
#987 = EDGE_CURVE ( 'NONE', #1473, #158, #2065, .T. ) ;
#988 = LINE ( 'NONE', #818, #1222 ) ;
#989 = CARTESIAN_POINT ( 'NONE',  ( 41.50000000000000711, -4.999999999999998224, -1.999999999999971356 ) ) ;
#990 = VERTEX_POINT ( 'NONE', #1425 ) ;
#991 = EDGE_CURVE ( 'NONE', #1485, #879, #1852, .T. ) ;
#992 = DIRECTION ( 'NONE',  ( 0.000000000000000000, 1.000000000000000000, 0.000000000000000000 ) ) ;
#993 = CARTESIAN_POINT ( 'NONE',  ( 42.50000000000001421, 4.171572875253810153, 64.00000000000000000 ) ) ;
#994 = ADVANCED_FACE ( 'NONE', ( #1724 ), #774, .F. ) ;
#995 = ORIENTED_EDGE ( 'NONE', *, *, #1122, .F. ) ;
#996 = CARTESIAN_POINT ( 'NONE',  ( 38.96071275969345749, 4.999999999999999112, -1.469119712768979680 ) ) ;
#997 = DIRECTION ( 'NONE',  ( 0.000000000000000000, 0.000000000000000000, -1.000000000000000000 ) ) ;
#998 = ORIENTED_EDGE ( 'NONE', *, *, #77, .T. ) ;
#999 = AXIS2_PLACEMENT_3D ( 'NONE', #1419, #784, #264 ) ;
#1000 = CIRCLE ( 'NONE', #1036, 7.500000000000000000 ) ;
#1001 = CARTESIAN_POINT ( 'NONE',  ( 38.95982542922607905, 5.000000000000000000, 11.46836827588156993 ) ) ;
#1002 = ORIENTED_EDGE ( 'NONE', *, *, #1836, .F. ) ;
#1003 = CARTESIAN_POINT ( 'NONE',  ( 48.50000000000001421, -4.999999999999998224, 2.000000000000029310 ) ) ;
#1004 = CARTESIAN_POINT ( 'NONE',  ( 42.50000000000000711, 5.000000000000000000, -64.00000000000000000 ) ) ;
#1005 = ORIENTED_EDGE ( 'NONE', *, *, #224, .T. ) ;
#1006 = DIRECTION ( 'NONE',  ( 0.000000000000000000, 0.000000000000000000, -1.000000000000000000 ) ) ;
#1007 = DIRECTION ( 'NONE',  ( 0.000000000000000000, -1.000000000000000000, 0.000000000000000000 ) ) ;
#1008 = ORIENTED_EDGE ( 'NONE', *, *, #928, .F. ) ;
#1009 = CARTESIAN_POINT ( 'NONE',  ( -36.50000000000000711, 3.000000000000000000, -57.99999999999997868 ) ) ;
#1010 = VECTOR ( 'NONE', #80, 1000.000000000000000 ) ;
#1011 = ORIENTED_EDGE ( 'NONE', *, *, #1872, .T. ) ;
#1012 = CARTESIAN_POINT ( 'NONE',  ( 39.79279469887835319, -6.043293256580651283E-16, 0.4476240850240613689 ) ) ;
#1013 = DIRECTION ( 'NONE',  ( -0.000000000000000000, -0.000000000000000000, 1.000000000000000000 ) ) ;
#1014 = AXIS2_PLACEMENT_3D ( 'NONE', #1358, #1677, #693 ) ;
#1015 = ORIENTED_EDGE ( 'NONE', *, *, #1745, .T. ) ;
#1016 = CARTESIAN_POINT ( 'NONE',  ( 42.49834345088696352, 4.999999999999999112, -3.909889944653548888 ) ) ;
#1017 = LINE ( 'NONE', #1516, #1270 ) ;
#1018 = VERTEX_POINT ( 'NONE', #425 ) ;
#1019 = AXIS2_PLACEMENT_3D ( 'NONE', #2048, #95, #1730 ) ;
#1020 = CARTESIAN_POINT ( 'NONE',  ( 38.50000000000002842, 0.000000000000000000, -1.078964550955288093 ) ) ;
#1021 = VERTEX_POINT ( 'NONE', #2083 ) ;
#1022 = CARTESIAN_POINT ( 'NONE',  ( 36.50000000000001421, 5.000000000000000000, 11.07896455095524324 ) ) ;
#1023 = PRODUCT_DEFINITION_CONTEXT ( 'detailed design', #1402, 'design' ) ;
#1024 = CARTESIAN_POINT ( 'NONE',  ( 42.50000000000000711, 0.000000000000000000, 14.00000000000002665 ) ) ;
#1025 = DIRECTION ( 'NONE',  ( 0.000000000000000000, 0.000000000000000000, 1.000000000000000000 ) ) ;
#1026 = ORIENTED_EDGE ( 'NONE', *, *, #1363, .T. ) ;
#1027 = CARTESIAN_POINT ( 'NONE',  ( 40.50000000000000711, 5.000000000000001776, -3.999999999999973355 ) ) ;
#1028 = EDGE_CURVE ( 'NONE', #1598, #1301, #605, .T. ) ;
#1029 = DIRECTION ( 'NONE',  ( 0.000000000000000000, 1.000000000000000000, -0.000000000000000000 ) ) ;
#1030 = DIRECTION ( 'NONE',  ( 0.000000000000000000, 0.000000000000000000, -1.000000000000000000 ) ) ;
#1031 = ORIENTED_EDGE ( 'NONE', *, *, #313, .T. ) ;
#1032 = FACE_OUTER_BOUND ( 'NONE', #379, .T. ) ;
#1033 = ORIENTED_EDGE ( 'NONE', *, *, #1883, .F. ) ;
#1034 = EDGE_CURVE ( 'NONE', #1415, #1535, #1743, .T. ) ;
#1035 = CYLINDRICAL_SURFACE ( 'NONE', #2101, 7.500000000000000000 ) ;
#1036 = AXIS2_PLACEMENT_3D ( 'NONE', #1570, #2062, #1244 ) ;
#1037 = DIRECTION ( 'NONE',  ( 0.000000000000000000, 0.000000000000000000, -1.000000000000000000 ) ) ;
#1038 = AXIS2_PLACEMENT_3D ( 'NONE', #1447, #1559, #304 ) ;
#1039 = ORIENTED_EDGE ( 'NONE', *, *, #1527, .T. ) ;
#1040 = CARTESIAN_POINT ( 'NONE',  ( 40.49021969347155903, 4.999999999999996447, -3.905424330975733493 ) ) ;
#1041 = FILL_AREA_STYLE_COLOUR ( '', #1664 ) ;
#1042 = CYLINDRICAL_SURFACE ( 'NONE', #420, 7.500000000000000000 ) ;
#1043 = VECTOR ( 'NONE', #300, 1000.000000000000000 ) ;
#1044 = ORIENTED_EDGE ( 'NONE', *, *, #549, .F. ) ;
#1045 = DIRECTION ( 'NONE',  ( 0.000000000000000000, 1.000000000000000000, 0.000000000000000000 ) ) ;
#1046 = ORIENTED_EDGE ( 'NONE', *, *, #1809, .F. ) ;
#1047 = DIRECTION ( 'NONE',  ( -0.000000000000000000, -1.000000000000000000, -0.000000000000000000 ) ) ;
#1048 = LINE ( 'NONE', #1871, #1010 ) ;
#1049 = VERTEX_POINT ( 'NONE', #1088 ) ;
#1050 = CARTESIAN_POINT ( 'NONE',  ( 40.35300157534516785, 4.999999999999483080, -0.05611149460516835774 ) ) ;
#1051 = VECTOR ( 'NONE', #87, 1000.000000000000000 ) ;
#1052 = LINE ( 'NONE', #909, #1081 ) ;
#1053 = CARTESIAN_POINT ( 'NONE',  ( -37.50000000000000000, 5.000000000000000000, 64.00000000000002842 ) ) ;
#1054 = EDGE_LOOP ( 'NONE', ( #374, #191, #1654, #659 ) ) ;
#1055 = CARTESIAN_POINT ( 'NONE',  ( 42.50000000000000711, 1.000000000000000888, -3.999999999999976019 ) ) ;
#1056 = EDGE_LOOP ( 'NONE', ( #982, #924, #1792 ) ) ;
#1057 = CYLINDRICAL_SURFACE ( 'NONE', #1729, 7.500000000000000000 ) ;
#1058 = DIRECTION ( 'NONE',  ( -0.000000000000000000, -1.000000000000000000, -0.000000000000000000 ) ) ;
#1059 = ADVANCED_FACE ( 'NONE', ( #763 ), #614, .T. ) ;
#1060 = VERTEX_POINT ( 'NONE', #1905 ) ;
#1061 = CARTESIAN_POINT ( 'NONE',  ( 42.47168414885310028, 5.000000000000025757, -3.627495071053224773 ) ) ;
#1062 = EDGE_CURVE ( 'NONE', #2103, #1539, #1413, .T. ) ;
#1063 = CARTESIAN_POINT ( 'NONE',  ( -48.49999999999999289, -5.000000000000000888, -64.99999999999997158 ) ) ;
#1064 = DIRECTION ( 'NONE',  ( -0.000000000000000000, 1.000000000000000000, -0.000000000000000000 ) ) ;
#1065 = CARTESIAN_POINT ( 'NONE',  ( 41.50000000000000711, 0.000000000000000000, 12.00000000000003197 ) ) ;
#1066 = VERTEX_POINT ( 'NONE', #915 ) ;
#1067 = CARTESIAN_POINT ( 'NONE',  ( 40.49780808507190244, 5.000000000000000888, 13.96186079247256195 ) ) ;
#1068 = CARTESIAN_POINT ( 'NONE',  ( -36.50000000000000000, 5.000000000000000000, 58.00000000000003553 ) ) ;
#1069 = ADVANCED_FACE ( 'NONE', ( #260 ), #1585, .T. ) ;
#1070 = ORIENTED_EDGE ( 'NONE', *, *, #1092, .F. ) ;
#1071 = CARTESIAN_POINT ( 'NONE',  ( 41.56383216447154894, 2.999999999999845013, -1.507551577255423103 ) ) ;
#1072 = DIRECTION ( 'NONE',  ( 0.000000000000000000, -1.000000000000000000, 0.000000000000000000 ) ) ;
#1073 = CARTESIAN_POINT ( 'NONE',  ( -38.50000000000000000, 5.000000000000000000, 60.00000000000004263 ) ) ;
#1074 = CARTESIAN_POINT ( 'NONE',  ( 48.50000000000000711, -7.500000000000000000, -62.49999999999997868 ) ) ;
#1075 = ORIENTED_EDGE ( 'NONE', *, *, #1690, .T. ) ;
#1076 = CARTESIAN_POINT ( 'NONE',  ( 40.47988476572470518, 5.000000000000000000, 13.84948113239126499 ) ) ;
#1077 = DIRECTION ( 'NONE',  ( 0.000000000000000000, 0.000000000000000000, -1.000000000000000000 ) ) ;
#1078 = ADVANCED_FACE ( 'NONE', ( #462 ), #270, .F. ) ;
#1079 = VERTEX_POINT ( 'NONE', #1735 ) ;
#1080 = CARTESIAN_POINT ( 'NONE',  ( 40.47127226783520371, 5.000000000000001776, -3.812495026545176025 ) ) ;
#1081 = VECTOR ( 'NONE', #429, 1000.000000000000000 ) ;
#1082 = LINE ( 'NONE', #1864, #535 ) ;
#1083 = DIRECTION ( 'NONE',  ( -1.000000000000000000, 0.000000000000000000, 3.265361837132813093E-16 ) ) ;
#1084 = CARTESIAN_POINT ( 'NONE',  ( 41.67157287525381548, 5.000000000000000000, -63.17157287525381548 ) ) ;
#1085 = ORIENTED_EDGE ( 'NONE', *, *, #749, .F. ) ;
#1086 = EDGE_CURVE ( 'NONE', #790, #470, #1117, .T. ) ;
#1087 = CARTESIAN_POINT ( 'NONE',  ( -48.49999999999999289, 0.000000000000000000, 70.00000000000000000 ) ) ;
#1088 = CARTESIAN_POINT ( 'NONE',  ( -42.49999999999999289, 0.000000000000000000, 64.00000000000002842 ) ) ;
#1089 = VERTEX_POINT ( 'NONE', #1753 ) ;
#1090 = CARTESIAN_POINT ( 'NONE',  ( 40.76179938779916512, 4.999999999999999112, 14.00000000000002842 ) ) ;
#1091 = DIRECTION ( 'NONE',  ( 0.000000000000000000, 0.000000000000000000, 1.000000000000000000 ) ) ;
#1092 = EDGE_CURVE ( 'NONE', #787, #1079, #595, .T. ) ;
#1093 = CARTESIAN_POINT ( 'NONE',  ( 43.50000000000001421, -4.999999999999998224, 5.000000000000028422 ) ) ;
#1094 = VERTEX_POINT ( 'NONE', #1763 ) ;
#1095 = CARTESIAN_POINT ( 'NONE',  ( 40.49323392101452868, 4.999999999999997335, 13.92414942389547150 ) ) ;
#1096 = CARTESIAN_POINT ( 'NONE',  ( -41.67157287525379417, 5.000000000000000000, -63.17157287525377996 ) ) ;
#1097 = EDGE_CURVE ( 'NONE', #677, #1170, #753, .T. ) ;
#1098 = ORIENTED_EDGE ( 'NONE', *, *, #2031, .F. ) ;
#1099 = DIRECTION ( 'NONE',  ( 1.000000000000000000, 0.000000000000000000, -3.265361837132813093E-16 ) ) ;
#1100 = VECTOR ( 'NONE', #2097, 1000.000000000000000 ) ;
#1101 = B_SPLINE_CURVE_WITH_KNOTS ( 'NONE', 3,
 ( #193, #355, #1945, #1797 ),
 .UNSPECIFIED., .F., .F.,
 ( 4, 4 ),
 ( 0.000000000000000000, 0.6000000000000000888 ),
 .UNSPECIFIED. ) ;
#1102 = VECTOR ( 'NONE', #1300, 1000.000000000000000 ) ;
#1103 = CARTESIAN_POINT ( 'NONE',  ( -48.49999999999999289, -15.00000000000000000, -64.99999999999997158 ) ) ;
#1104 = DIRECTION ( 'NONE',  ( 0.6462523213730426708, 0.000000000000000000, 0.7631238019613550971 ) ) ;
#1105 = ORIENTED_EDGE ( 'NONE', *, *, #1517, .T. ) ;
#1106 = CARTESIAN_POINT ( 'NONE',  ( -2.024524339022343556E-14, 3.000000000000000000, -61.99999999999998579 ) ) ;
#1107 = DIRECTION ( 'NONE',  ( 1.000000000000000000, 0.000000000000000000, 5.782411586589355667E-16 ) ) ;
#1108 = AXIS2_PLACEMENT_3D ( 'NONE', #782, #128, #120 ) ;
#1109 = ORIENTED_EDGE ( 'NONE', *, *, #1661, .F. ) ;
#1110 = CARTESIAN_POINT ( 'NONE',  ( 42.50000000000000711, 5.000000000000000000, 64.00000000000000000 ) ) ;
#1111 = PLANE ( 'NONE',  #1395 ) ;
#1112 = CARTESIAN_POINT ( 'NONE',  ( 42.50000000000000711, 0.000000000000000000, -3.999999999999976019 ) ) ;
#1113 = ORIENTED_EDGE ( 'NONE', *, *, #1278, .T. ) ;
#1114 = AXIS2_PLACEMENT_3D ( 'NONE', #440, #1721, #422 ) ;
#1115 = VECTOR ( 'NONE', #702, 1000.000000000000000 ) ;
#1116 = CARTESIAN_POINT ( 'NONE',  ( 40.35300157534836529, 5.000000000000645706, 10.05611149460634479 ) ) ;
#1117 = LINE ( 'NONE', #1406, #1685 ) ;
#1118 = EDGE_CURVE ( 'NONE', #1301, #1435, #1604, .T. ) ;
#1119 = ORIENTED_EDGE ( 'NONE', *, *, #1449, .T. ) ;
#1120 = CARTESIAN_POINT ( 'NONE',  ( 48.50000000000000711, -5.000000000000000888, 65.00000000000000000 ) ) ;
#1121 = CARTESIAN_POINT ( 'NONE',  ( -40.99999999999999289, -7.500000000000000000, 62.50000000000000000 ) ) ;
#1122 = EDGE_CURVE ( 'NONE', #1257, #625, #563, .T. ) ;
#1123 = AXIS2_PLACEMENT_3D ( 'NONE', #2079, #1619, #1091 ) ;
#1124 = PLANE ( 'NONE',  #1932 ) ;
#1125 = CARTESIAN_POINT ( 'NONE',  ( -40.99999999999999289, -7.500000000000000000, -62.49999999999997868 ) ) ;
#1126 = ORIENTED_EDGE ( 'NONE', *, *, #1719, .F. ) ;
#1127 = CARTESIAN_POINT ( 'NONE',  ( 41.56383216127284896, 5.000000000000911271, 11.50755157961770436 ) ) ;
#1128 = CARTESIAN_POINT ( 'NONE',  ( 42.50000000000000711, 1.499999999999998668, -3.999999999999976019 ) ) ;
#1129 = ORIENTED_EDGE ( 'NONE', *, *, #1566, .F. ) ;
#1130 = EDGE_CURVE ( 'NONE', #692, #1666, #1656, .T. ) ;
#1131 = CARTESIAN_POINT ( 'NONE',  ( 42.44794535333664243, 3.523495768718561294, 14.00000000000003197 ) ) ;
#1132 = CARTESIAN_POINT ( 'NONE',  ( -40.49999999999999289, 5.000000000000000000, 62.00000000000002842 ) ) ;
#1133 = ORIENTED_EDGE ( 'NONE', *, *, #271, .T. ) ;
#1134 = CARTESIAN_POINT ( 'NONE',  ( 36.50000000000001421, 0.000000000000000000, 58.00000000000002842 ) ) ;
#1135 = VECTOR ( 'NONE', #735, 1000.000000000000000 ) ;
#1136 = CIRCLE ( 'NONE', #1271, 7.500000000000000000 ) ;
#1137 = DIRECTION ( 'NONE',  ( 0.000000000000000000, 0.000000000000000000, -1.000000000000000000 ) ) ;
#1138 = ORIENTED_EDGE ( 'NONE', *, *, #984, .T. ) ;
#1139 = CARTESIAN_POINT ( 'NONE',  ( -36.50000000000000000, 0.000000000000000000, 58.00000000000003553 ) ) ;
#1140 = LINE ( 'NONE', #661, #772 ) ;
#1141 = ORIENTED_EDGE ( 'NONE', *, *, #899, .T. ) ;
#1142 = CARTESIAN_POINT ( 'NONE',  ( 41.72909343994983544, 4.599333684796360622, -3.999999999999975131 ) ) ;
#1143 = ADVANCED_FACE ( 'NONE', ( #1942 ), #362, .T. ) ;
#1144 = AXIS2_PLACEMENT_3D ( 'NONE', #857, #1999, #1840 ) ;
#1145 = EDGE_LOOP ( 'NONE', ( #1113, #98, #1796, #1162 ) ) ;
#1146 = ADVANCED_FACE ( 'NONE', ( #3 ), #183, .F. ) ;
#1147 = CARTESIAN_POINT ( 'NONE',  ( 42.48814535785670898, 4.999999999999992006, -3.762484531908371732 ) ) ;
#1148 = PLANE ( 'NONE',  #1982 ) ;
#1149 = VERTEX_POINT ( 'NONE', #640 ) ;
#1150 = B_SPLINE_CURVE_WITH_KNOTS ( 'NONE', 3,
 ( #541, #717, #1055, #1702 ),
 .UNSPECIFIED., .F., .F.,
 ( 4, 4 ),
 ( 0.3999999999999999667, 1.000000000000000000 ),
 .UNSPECIFIED. ) ;
#1151 = EDGE_CURVE ( 'NONE', #333, #54, #2068, .T. ) ;
#1152 = PLANE ( 'NONE',  #26 ) ;
#1153 = CARTESIAN_POINT ( 'NONE',  ( 0.000000000000000000, 0.000000000000000000, 0.000000000000000000 ) ) ;
#1154 = EDGE_CURVE ( 'NONE', #893, #409, #1140, .T. ) ;
#1155 = VECTOR ( 'NONE', #1846, 1000.000000000000000 ) ;
#1156 = EDGE_LOOP ( 'NONE', ( #391, #765, #1205, #437 ) ) ;
#1157 = CARTESIAN_POINT ( 'NONE',  ( -36.50000000000000711, 3.000000000000000000, -57.99999999999997868 ) ) ;
#1158 = DIRECTION ( 'NONE',  ( -1.000000000000000000, 0.000000000000000000, 3.265361837132813093E-16 ) ) ;
#1159 = EDGE_LOOP ( 'NONE', ( #1466, #1736, #744, #1975 ) ) ;
#1160 = FACE_OUTER_BOUND ( 'NONE', #1408, .T. ) ;
#1161 = CARTESIAN_POINT ( 'NONE',  ( 36.50000000000001421, 0.000000000000000000, 58.00000000000002842 ) ) ;
#1162 = ORIENTED_EDGE ( 'NONE', *, *, #1560, .T. ) ;
#1163 = CARTESIAN_POINT ( 'NONE',  ( 42.50000000000001421, 2.999999999999971134, 11.84556268875229357 ) ) ;
#1164 = EDGE_LOOP ( 'NONE', ( #1492, #546, #463, #1902 ) ) ;
#1165 = CARTESIAN_POINT ( 'NONE',  ( 37.32842712474620583, 4.999999999999999112, 58.82842712474622715 ) ) ;
#1166 = CARTESIAN_POINT ( 'NONE',  ( 40.50000000000000711, 5.000000000000000000, 62.00000000000000000 ) ) ;
#1167 = ORIENTED_EDGE ( 'NONE', *, *, #94, .T. ) ;
#1168 = LINE ( 'NONE', #825, #1812 ) ;
#1169 = CYLINDRICAL_SURFACE ( 'NONE', #245, 2.000000000000001776 ) ;
#1170 = VERTEX_POINT ( 'NONE', #28 ) ;
#1171 = VECTOR ( 'NONE', #306, 1000.000000000000000 ) ;
#1172 = VECTOR ( 'NONE', #1988, 1000.000000000000000 ) ;
#1173 = ORIENTED_EDGE ( 'NONE', *, *, #143, .F. ) ;
#1174 = DIRECTION ( 'NONE',  ( 1.000000000000000000, 0.000000000000000000, 0.000000000000000000 ) ) ;
#1175 = EDGE_LOOP ( 'NONE', ( #1384, #40, #760, #995 ) ) ;
#1176 = DIRECTION ( 'NONE',  ( 0.000000000000000000, 0.000000000000000000, 1.000000000000000000 ) ) ;
#1177 = CARTESIAN_POINT ( 'NONE',  ( -40.99999999999999289, -7.500000000000000000, -62.49999999999997868 ) ) ;
#1178 = ORIENTED_EDGE ( 'NONE', *, *, #1588, .T. ) ;
#1179 = DIRECTION ( 'NONE',  ( 1.000000000000000000, 0.000000000000000000, 0.000000000000000000 ) ) ;
#1180 = AXIS2_PLACEMENT_3D ( 'NONE', #1718, #2003, #401 ) ;
#1181 = CARTESIAN_POINT ( 'NONE',  ( 0.000000000000000000, -7.500000000000000000, 62.50000000000001421 ) ) ;
#1182 = PLANE ( 'NONE',  #2098 ) ;
#1183 = FACE_OUTER_BOUND ( 'NONE', #1159, .T. ) ;
#1184 = CIRCLE ( 'NONE', #838, 2.000000000000000000 ) ;
#1185 = ORIENTED_EDGE ( 'NONE', *, *, #2030, .F. ) ;
#1186 = CARTESIAN_POINT ( 'NONE',  ( 42.49359372147002745, 2.999999999999997335, -3.828315098468694444 ) ) ;
#1187 = DIRECTION ( 'NONE',  ( -0.000000000000000000, -0.000000000000000000, 1.000000000000000000 ) ) ;
#1188 = LINE ( 'NONE', #364, #721 ) ;
#1189 = ORIENTED_EDGE ( 'NONE', *, *, #826, .T. ) ;
#1190 = EDGE_CURVE ( 'NONE', #1301, #1415, #743, .T. ) ;
#1191 = FACE_OUTER_BOUND ( 'NONE', #1873, .T. ) ;
#1192 = CARTESIAN_POINT ( 'NONE',  ( -40.99999999999999289, -7.500000000000000000, -69.99999999999998579 ) ) ;
#1193 = CARTESIAN_POINT ( 'NONE',  ( 43.50000000000001421, -15.00000000000000000, -64.99999999999997158 ) ) ;
#1194 = ADVANCED_FACE ( 'NONE', ( #1626 ), #1486, .T. ) ;
#1195 = VERTEX_POINT ( 'NONE', #1009 ) ;
#1196 = LINE ( 'NONE', #218, #891 ) ;
#1197 = SURFACE_STYLE_FILL_AREA ( #1569 ) ;
#1198 = LINE ( 'NONE', #1700, #1608 ) ;
#1199 = ORIENTED_EDGE ( 'NONE', *, *, #521, .F. ) ;
#1200 = DIRECTION ( 'NONE',  ( -1.000000000000000000, 0.000000000000000000, 5.981805089575196197E-17 ) ) ;
#1201 = ORIENTED_EDGE ( 'NONE', *, *, #1883, .T. ) ;
#1202 = VECTOR ( 'NONE', #1800, 1000.000000000000000 ) ;
#1203 = VERTEX_POINT ( 'NONE', #161 ) ;
#1204 = CARTESIAN_POINT ( 'NONE',  ( 41.50723796074181138, 4.747572776708516074, -3.999999999999974243 ) ) ;
#1205 = ORIENTED_EDGE ( 'NONE', *, *, #1817, .F. ) ;
#1206 = CARTESIAN_POINT ( 'NONE',  ( 36.50000000000001421, 0.000000000000000000, -1.078964550955290091 ) ) ;
#1207 = EDGE_CURVE ( 'NONE', #1841, #557, #221, .T. ) ;
#1208 = FACE_OUTER_BOUND ( 'NONE', #350, .T. ) ;
#1209 = DIRECTION ( 'NONE',  ( 0.000000000000000000, 1.000000000000000000, -0.000000000000000000 ) ) ;
#1210 = AXIS2_PLACEMENT_3D ( 'NONE', #1153, #1613, #484 ) ;
#1211 = ORIENTED_EDGE ( 'NONE', *, *, #872, .T. ) ;
#1212 = CARTESIAN_POINT ( 'NONE',  ( 48.50000000000000711, -9.999999999999998224, 65.00000000000000000 ) ) ;
#1213 = EDGE_LOOP ( 'NONE', ( #5, #886, #222, #1838 ) ) ;
#1214 = EDGE_CURVE ( 'NONE', #540, #54, #665, .T. ) ;
#1215 = EDGE_CURVE ( 'NONE', #22, #1539, #1465, .T. ) ;
#1216 = CARTESIAN_POINT ( 'NONE',  ( 36.50000000000001421, -4.999999999999998224, 8.000000000000028422 ) ) ;
#1217 = LINE ( 'NONE', #1068, #86 ) ;
#1218 = AXIS2_PLACEMENT_3D ( 'NONE', #555, #1714, #1377 ) ;
#1219 = ORIENTED_EDGE ( 'NONE', *, *, #1517, .F. ) ;
#1220 = CARTESIAN_POINT ( 'NONE',  ( 40.44204553504886945, 5.000000000000001776, -3.702145397867706134 ) ) ;
#1221 = AXIS2_PLACEMENT_3D ( 'NONE', #237, #852, #78 ) ;
#1222 = VECTOR ( 'NONE', #1187, 1000.000000000000000 ) ;
#1223 = LINE ( 'NONE', #1063, #433 ) ;
#1224 = DIRECTION ( 'NONE',  ( 0.000000000000000000, 0.000000000000000000, -1.000000000000000000 ) ) ;
#1225 = EDGE_CURVE ( 'NONE', #1648, #1689, #1976, .T. ) ;
#1226 = FACE_OUTER_BOUND ( 'NONE', #29, .T. ) ;
#1227 = AXIS2_PLACEMENT_3D ( 'NONE', #456, #1757, #294 ) ;
#1228 = FACE_OUTER_BOUND ( 'NONE', #1398, .T. ) ;
#1229 = CARTESIAN_POINT ( 'NONE',  ( 40.76179938779916512, 5.000000000000000000, -3.999999999999974243 ) ) ;
#1230 = DIRECTION ( 'NONE',  ( 0.000000000000000000, 0.000000000000000000, 1.000000000000000000 ) ) ;
#1231 = ORIENTED_EDGE ( 'NONE', *, *, #1505, .F. ) ;
#1232 = CARTESIAN_POINT ( 'NONE',  ( 41.78208540764661905, 3.000000000000870859, -1.841564605043095826 ) ) ;
#1233 = LINE ( 'NONE', #713, #315 ) ;
#1234 = DIRECTION ( 'NONE',  ( 0.000000000000000000, -1.000000000000000000, 0.000000000000000000 ) ) ;
#1235 = DIRECTION ( 'NONE',  ( -1.000000000000000000, 0.000000000000000000, 0.000000000000000000 ) ) ;
#1236 = ORIENTED_EDGE ( 'NONE', *, *, #1190, .T. ) ;
#1237 = CARTESIAN_POINT ( 'NONE',  ( 0.000000000000000000, 0.000000000000000000, 0.000000000000000000 ) ) ;
#1238 = CARTESIAN_POINT ( 'NONE',  ( 40.48001794347997162, 5.000000000000006217, 13.85011738139071191 ) ) ;
#1239 = AXIS2_PLACEMENT_3D ( 'NONE', #1674, #1209, #1496 ) ;
#1240 = ORIENTED_EDGE ( 'NONE', *, *, #1938, .F. ) ;
#1241 = CARTESIAN_POINT ( 'NONE',  ( 42.08156853708651113, 4.999999999999674039, -2.418200804299058593 ) ) ;
#1242 = CARTESIAN_POINT ( 'NONE',  ( 5.703200468964848808E-15, 3.000000000000000000, 60.00000000000004263 ) ) ;
#1243 = EDGE_CURVE ( 'NONE', #174, #507, #1711, .T. ) ;
#1244 = DIRECTION ( 'NONE',  ( 0.000000000000000000, 0.000000000000000000, 1.000000000000000000 ) ) ;
#1245 = CARTESIAN_POINT ( 'NONE',  ( 38.50000000000000711, 3.000000000000001776, -1.078964550955317625 ) ) ;
#1246 = ORIENTED_EDGE ( 'NONE', *, *, #1367, .F. ) ;
#1247 = CARTESIAN_POINT ( 'NONE',  ( -42.49999999999999289, 5.000000000000000000, -63.99999999999997158 ) ) ;
#1248 = DIRECTION ( 'NONE',  ( -1.734723475976807094E-15, 0.000000000000000000, -1.000000000000000000 ) ) ;
#1249 = ORIENTED_EDGE ( 'NONE', *, *, #1028, .T. ) ;
#1250 = CARTESIAN_POINT ( 'NONE',  ( 42.50000000000000711, 5.000000000000000000, -59.00000000000000711 ) ) ;
#1251 = DIRECTION ( 'NONE',  ( 0.000000000000000000, 5.421010862427522170E-15, 1.000000000000000000 ) ) ;
#1252 = CIRCLE ( 'NONE', #1320, 2.000000000000001776 ) ;
#1253 = DIRECTION ( 'NONE',  ( -0.000000000000000000, -1.000000000000000000, -0.000000000000000000 ) ) ;
#1254 = CIRCLE ( 'NONE', #876, 4.000000000000000000 ) ;
#1255 = CARTESIAN_POINT ( 'NONE',  ( 40.50000000000000711, 5.000000000000000000, -3.999999999999976019 ) ) ;
#1256 = ADVANCED_FACE ( 'NONE', ( #1032 ), #380, .T. ) ;
#1257 = VERTEX_POINT ( 'NONE', #1383 ) ;
#1258 = CARTESIAN_POINT ( 'NONE',  ( 42.50000000000000711, 3.000000000000008882, 13.94074453983986217 ) ) ;
#1259 = CARTESIAN_POINT ( 'NONE',  ( -42.49999999999999289, 3.000000000000000000, -63.99999999999997158 ) ) ;
#1260 = EDGE_LOOP ( 'NONE', ( #1662, #162, #1026, #1681 ) ) ;
#1261 = DIRECTION ( 'NONE',  ( 3.265361837132813093E-16, -0.000000000000000000, 1.000000000000000000 ) ) ;
#1262 = B_SPLINE_CURVE_WITH_KNOTS ( 'NONE', 3,
 ( #503, #996, #41, #1633, #1343, #678, #2110, #1649, #1981, #656, #168, #840, #849, #351 ),
 .UNSPECIFIED., .F., .F.,
 ( 4, 2, 2, 2, 2, 2, 4 ),
 ( 0.000000000000000000, 0.001789455033939118134, 0.002684182550908682623, 0.003131546309393469854, 0.003355228188635860000, 0.003467069128257057459, 0.003578910067878255351 ),
 .UNSPECIFIED. ) ;
#1263 = PLANE ( 'NONE',  #1421 ) ;
#1264 = ORIENTED_EDGE ( 'NONE', *, *, #1944, .F. ) ;
#1265 = CARTESIAN_POINT ( 'NONE',  ( 42.47168414885291554, 4.999999999999997335, 13.62749507105310975 ) ) ;
#1266 = DIRECTION ( 'NONE',  ( 0.000000000000000000, 0.000000000000000000, 1.000000000000000000 ) ) ;
#1267 = VERTEX_POINT ( 'NONE', #201 ) ;
#1268 = CARTESIAN_POINT ( 'NONE',  ( -43.50000000000000000, -9.999999999999998224, 65.00000000000000000 ) ) ;
#1269 = AXIS2_PLACEMENT_3D ( 'NONE', #1250, #1261, #1099 ) ;
#1270 = VECTOR ( 'NONE', #1345, 1000.000000000000000 ) ;
#1271 = AXIS2_PLACEMENT_3D ( 'NONE', #1647, #1323, #812 ) ;
#1272 = DIRECTION ( 'NONE',  ( 0.000000000000000000, 1.000000000000000000, 0.000000000000000000 ) ) ;
#1273 = DIRECTION ( 'NONE',  ( 0.000000000000000000, 0.000000000000000000, -1.000000000000000000 ) ) ;
#1274 = ORIENTED_EDGE ( 'NONE', *, *, #1899, .T. ) ;
#1275 = CARTESIAN_POINT ( 'NONE',  ( 42.49532063823887995, 2.999999999999995559, 13.85215468803403560 ) ) ;
#1276 = DIRECTION ( 'NONE',  ( 0.000000000000000000, 1.000000000000000000, 0.000000000000000000 ) ) ;
#1277 = EDGE_CURVE ( 'NONE', #17, #577, #1285, .T. ) ;
#1278 = EDGE_CURVE ( 'NONE', #1089, #1841, #225, .T. ) ;
#1279 = EDGE_LOOP ( 'NONE', ( #1929, #1231, #1919, #1645 ) ) ;
#1280 = DIRECTION ( 'NONE',  ( 0.000000000000000000, 0.000000000000000000, 1.000000000000000000 ) ) ;
#1281 = FACE_OUTER_BOUND ( 'NONE', #715, .T. ) ;
#1282 = VECTOR ( 'NONE', #1639, 1000.000000000000000 ) ;
#1283 = CARTESIAN_POINT ( 'NONE',  ( -37.50000000000000000, -5.000000000000000000, 0.000000000000000000 ) ) ;
#1284 = ORIENTED_EDGE ( 'NONE', *, *, #826, .F. ) ;
#1285 = CIRCLE ( 'NONE', #1859, 2.000000000000000000 ) ;
#1286 = ADVANCED_FACE ( 'NONE', ( #1371 ), #1857, .F. ) ;
#1287 = CARTESIAN_POINT ( 'NONE',  ( 42.17679118775954095, 2.999999999999661604, 12.62155832663463961 ) ) ;
#1288 = CARTESIAN_POINT ( 'NONE',  ( 40.44241922706368086, 4.999999999999996447, 13.70339861881607213 ) ) ;
#1289 = ORIENTED_EDGE ( 'NONE', *, *, #489, .T. ) ;
#1290 = CARTESIAN_POINT ( 'NONE',  ( -43.50000000000000000, -9.999999999999998224, -64.99999999999997158 ) ) ;
#1291 = DIRECTION ( 'NONE',  ( 0.000000000000000000, 0.000000000000000000, -1.000000000000000000 ) ) ;
#1292 = FACE_OUTER_BOUND ( 'NONE', #681, .T. ) ;
#1293 = CARTESIAN_POINT ( 'NONE',  ( -40.99999999999995737, 0.000000000000000000, 70.00000000000000000 ) ) ;
#1294 = ORIENTED_EDGE ( 'NONE', *, *, #1739, .T. ) ;
#1295 = EDGE_CURVE ( 'NONE', #611, #622, #1995, .T. ) ;
#1296 = LINE ( 'NONE', #976, #981 ) ;
#1297 = CARTESIAN_POINT ( 'NONE',  ( 39.37074637263586396, 4.999999999999992895, 11.90307314298940078 ) ) ;
#1298 = EDGE_CURVE ( 'NONE', #1598, #1535, #1252, .T. ) ;
#1299 = ORIENTED_EDGE ( 'NONE', *, *, #962, .F. ) ;
#1300 = DIRECTION ( 'NONE',  ( -1.000000000000000000, 0.000000000000000000, 3.265361837132813093E-16 ) ) ;
#1301 = VERTEX_POINT ( 'NONE', #878 ) ;
#1302 = CARTESIAN_POINT ( 'NONE',  ( 40.49780808507196639, 5.000000000000000888, -3.961860792472486459 ) ) ;
#1303 = EDGE_CURVE ( 'NONE', #807, #158, #844, .T. ) ;
#1304 = ADVANCED_FACE ( 'NONE', ( #413 ), #1691, .T. ) ;
#1305 = AXIS2_PLACEMENT_3D ( 'NONE', #512, #1760, #169 ) ;
#1306 = AXIS2_PLACEMENT_3D ( 'NONE', #1774, #1865, #1808 ) ;
#1307 = FACE_OUTER_BOUND ( 'NONE', #134, .T. ) ;
#1308 = ORIENTED_EDGE ( 'NONE', *, *, #1086, .T. ) ;
#1309 = CARTESIAN_POINT ( 'NONE',  ( 42.31073577024672261, 5.000000000000266454, 12.98110663609446824 ) ) ;
#1310 = CARTESIAN_POINT ( 'NONE',  ( 40.07059343106205063, 5.000000000000007105, 12.88491207205598066 ) ) ;
#1311 = ORIENTED_EDGE ( 'NONE', *, *, #496, .F. ) ;
#1312 = LINE ( 'NONE', #1956, #1924 ) ;
#1313 = LINE ( 'NONE', #195, #1172 ) ;
#1314 = ADVANCED_FACE ( 'NONE', ( #1191 ), #36, .F. ) ;
#1315 = ORIENTED_EDGE ( 'NONE', *, *, #1896, .T. ) ;
#1316 = LINE ( 'NONE', #1960, #1373 ) ;
#1317 = DIRECTION ( 'NONE',  ( 1.000000000000000000, 0.000000000000000000, 0.000000000000000000 ) ) ;
#1318 = EDGE_LOOP ( 'NONE', ( #730, #122, #783, #1605 ) ) ;
#1319 = CARTESIAN_POINT ( 'NONE',  ( 36.50000000000001421, 1.499999999999998668, 2.000000000000024425 ) ) ;
#1320 = AXIS2_PLACEMENT_3D ( 'NONE', #526, #367, #45 ) ;
#1321 = ORIENTED_EDGE ( 'NONE', *, *, #474, .T. ) ;
#1322 = CARTESIAN_POINT ( 'NONE',  ( -36.50000000000000711, 4.171572875253810153, -57.99999999999997868 ) ) ;
#1323 = DIRECTION ( 'NONE',  ( 1.000000000000000000, 0.000000000000000000, 0.000000000000000000 ) ) ;
#1324 = ORIENTED_EDGE ( 'NONE', *, *, #1679, .T. ) ;
#1325 = CARTESIAN_POINT ( 'NONE',  ( 42.48814474779072725, 3.000000000000010214, -3.762484582405218436 ) ) ;
#1326 = DIRECTION ( 'NONE',  ( 0.000000000000000000, 0.000000000000000000, 1.000000000000000000 ) ) ;
#1327 = ORIENTED_EDGE ( 'NONE', *, *, #1527, .F. ) ;
#1328 = DIRECTION ( 'NONE',  ( -1.000000000000000000, 0.000000000000000000, 0.000000000000000000 ) ) ;
#1329 = ORIENTED_EDGE ( 'NONE', *, *, #2006, .T. ) ;
#1330 = CARTESIAN_POINT ( 'NONE',  ( -37.50000000000000000, 0.000000000000000000, -58.99999999999997868 ) ) ;
#1331 = CARTESIAN_POINT ( 'NONE',  ( 41.67157287525381548, 5.000000000000000000, 63.17157287525381548 ) ) ;
#1332 = VERTEX_POINT ( 'NONE', #1540 ) ;
#1333 = CARTESIAN_POINT ( 'NONE',  ( 43.50000000000001421, -1.999999999999998224, 5.000000000000031974 ) ) ;
#1334 = DIRECTION ( 'NONE',  ( 0.000000000000000000, 0.000000000000000000, 1.000000000000000000 ) ) ;
#1335 = ORIENTED_EDGE ( 'NONE', *, *, #1495, .F. ) ;
#1336 = VECTOR ( 'NONE', #403, 1000.000000000000000 ) ;
#1337 = CARTESIAN_POINT ( 'NONE',  ( -2.024524339022343556E-14, 5.000000000000000000, -61.99999999999998579 ) ) ;
#1338 = DIRECTION ( 'NONE',  ( 0.000000000000000000, 3.577867169202164632E-14, 1.000000000000000000 ) ) ;
#1339 = ADVANCED_FACE ( 'NONE', ( #1226 ), #1837, .F. ) ;
#1340 = DIRECTION ( 'NONE',  ( 0.000000000000000000, 0.000000000000000000, 1.000000000000000000 ) ) ;
#1341 = CARTESIAN_POINT ( 'NONE',  ( -48.49999999999999289, -15.00000000000000000, 62.50000000000001421 ) ) ;
#1342 = ORIENTED_EDGE ( 'NONE', *, *, #1, .T. ) ;
#1343 = CARTESIAN_POINT ( 'NONE',  ( 40.06813595597014910, 5.000000000000008882, -2.880696893727106023 ) ) ;
#1344 = CARTESIAN_POINT ( 'NONE',  ( 37.50000000000001421, -5.000000000000000000, 59.00000000000000711 ) ) ;
#1345 = DIRECTION ( 'NONE',  ( -1.000000000000000000, 0.000000000000000000, -5.782411586589355667E-16 ) ) ;
#1346 = ORIENTED_EDGE ( 'NONE', *, *, #1151, .T. ) ;
#1347 = DIRECTION ( 'NONE',  ( -1.000000000000000000, 0.000000000000000000, 0.000000000000000000 ) ) ;
#1348 = ORIENTED_EDGE ( 'NONE', *, *, #1122, .T. ) ;
#1349 = ADVANCED_FACE ( 'NONE', ( #213 ), #1509, .F. ) ;
#1350 = FACE_OUTER_BOUND ( 'NONE', #2064, .T. ) ;
#1351 = VECTOR ( 'NONE', #1347, 1000.000000000000000 ) ;
#1352 = FACE_OUTER_BOUND ( 'NONE', #1318, .T. ) ;
#1353 = ORIENTED_EDGE ( 'NONE', *, *, #1363, .F. ) ;
#1354 = CARTESIAN_POINT ( 'NONE',  ( 39.54784813758165285, 5.000000000000000888, -2.143738329755845662 ) ) ;
#1355 = CARTESIAN_POINT ( 'NONE',  ( 41.78208540764641299, 2.999999999999715339, 11.84156460504260977 ) ) ;
#1356 = CARTESIAN_POINT ( 'NONE',  ( -40.99999999999999289, -7.500000000000000000, -62.49999999999997868 ) ) ;
#1357 = ORIENTED_EDGE ( 'NONE', *, *, #1243, .F. ) ;
#1358 = CARTESIAN_POINT ( 'NONE',  ( 42.50000000000000711, 5.000000000000000000, 64.00000000000000000 ) ) ;
#1359 = ORIENTED_EDGE ( 'NONE', *, *, #372, .T. ) ;
#1360 = EDGE_CURVE ( 'NONE', #426, #1473, #866, .T. ) ;
#1361 = CARTESIAN_POINT ( 'NONE',  ( -40.99999999999999289, -15.00000000000000000, 62.50000000000001421 ) ) ;
#1362 = CARTESIAN_POINT ( 'NONE',  ( 41.50000000000000711, 0.000000000000000000, 12.00000000000003197 ) ) ;
#1363 = EDGE_CURVE ( 'NONE', #2017, #1404, #1150, .T. ) ;
#1364 = EDGE_LOOP ( 'NONE', ( #1119, #2109, #638, #1201 ) ) ;
#1365 = CARTESIAN_POINT ( 'NONE',  ( 40.86462890060537489, 5.000000000000518696, -0.6004469697049250598 ) ) ;
#1366 = LINE ( 'NONE', #2100, #1597 ) ;
#1367 = EDGE_CURVE ( 'NONE', #1149, #798, #24, .T. ) ;
#1368 = CARTESIAN_POINT ( 'NONE',  ( 42.50000000000000711, 3.000000000000000000, 62.00000000000000000 ) ) ;
#1369 = ORIENTED_EDGE ( 'NONE', *, *, #1519, .T. ) ;
#1370 = EDGE_CURVE ( 'NONE', #877, #1618, #434, .T. ) ;
#1371 = FACE_OUTER_BOUND ( 'NONE', #771, .T. ) ;
#1372 = ORIENTED_EDGE ( 'NONE', *, *, #1680, .F. ) ;
#1373 = VECTOR ( 'NONE', #1672, 1000.000000000000000 ) ;
#1374 = VECTOR ( 'NONE', #1993, 1000.000000000000000 ) ;
#1375 = AXIS2_PLACEMENT_3D ( 'NONE', #644, #356, #177 ) ;
#1376 = DIRECTION ( 'NONE',  ( 1.000000000000000000, 0.000000000000000000, 0.000000000000000000 ) ) ;
#1377 = DIRECTION ( 'NONE',  ( 1.000000000000000000, 0.000000000000000000, 0.000000000000000000 ) ) ;
#1378 = ORIENTED_EDGE ( 'NONE', *, *, #962, .T. ) ;
#1379 = CARTESIAN_POINT ( 'NONE',  ( 42.41528770653523139, 2.999999999999984457, -3.340750353913394921 ) ) ;
#1380 = EDGE_CURVE ( 'NONE', #1839, #1535, #223, .T. ) ;
#1381 = CARTESIAN_POINT ( 'NONE',  ( 42.50000000000000711, 5.000000000000000000, -64.00000000000000000 ) ) ;
#1382 = DIRECTION ( 'NONE',  ( -0.000000000000000000, -0.000000000000000000, 1.000000000000000000 ) ) ;
#1383 = CARTESIAN_POINT ( 'NONE',  ( 40.50000000000000711, 5.000000000000000000, 14.00000000000003020 ) ) ;
#1384 = ORIENTED_EDGE ( 'NONE', *, *, #716, .T. ) ;
#1385 = DIRECTION ( 'NONE',  ( 0.000000000000000000, 0.000000000000000000, 1.000000000000000000 ) ) ;
#1386 = LINE ( 'NONE', #1533, #630 ) ;
#1387 = CIRCLE ( 'NONE', #832, 3.000000000000000000 ) ;
#1388 = ORIENTED_EDGE ( 'NONE', *, *, #1097, .T. ) ;
#1389 = CARTESIAN_POINT ( 'NONE',  ( 42.47168381981050089, 3.000000000000026201, -3.627495112408160249 ) ) ;
#1390 = AXIS2_PLACEMENT_3D ( 'NONE', #2042, #582, #1235 ) ;
#1391 = AXIS2_PLACEMENT_3D ( 'NONE', #47, #1521, #2009 ) ;
#1392 = DIRECTION ( 'NONE',  ( 0.000000000000000000, 0.000000000000000000, -1.000000000000000000 ) ) ;
#1393 = DIRECTION ( 'NONE',  ( 0.000000000000000000, 0.000000000000000000, -1.000000000000000000 ) ) ;
#1394 = PLANE ( 'NONE',  #1390 ) ;
#1395 = AXIS2_PLACEMENT_3D ( 'NONE', #1103, #1411, #445 ) ;
#1396 = CARTESIAN_POINT ( 'NONE',  ( 42.47168381981047958, 2.999999999999959588, 13.62749511240802391 ) ) ;
#1397 = CARTESIAN_POINT ( 'NONE',  ( -42.49999999999999289, 5.000000000000000000, 64.00000000000002842 ) ) ;
#1398 = EDGE_LOOP ( 'NONE', ( #1984, #934, #1703, #1185 ) ) ;
#1399 = FACE_OUTER_BOUND ( 'NONE', #1497, .T. ) ;
#1400 = CYLINDRICAL_SURFACE ( 'NONE', #1019, 7.500000000000000000 ) ;
#1401 = CARTESIAN_POINT ( 'NONE',  ( -40.99999999999999289, -15.00000000000000000, -62.49999999999997868 ) ) ;
#1402 = APPLICATION_CONTEXT ( 'automotive_design' ) ;
#1403 = DIRECTION ( 'NONE',  ( 1.000000000000000000, 0.000000000000000000, -9.505334114941408517E-17 ) ) ;
#1404 = VERTEX_POINT ( 'NONE', #1112 ) ;
#1405 = CARTESIAN_POINT ( 'NONE',  ( 42.41528770653525271, 3.000000000000077716, 13.34075035391348329 ) ) ;
#1406 = CARTESIAN_POINT ( 'NONE',  ( 36.50000000000001421, -4.999999999999998224, 8.000000000000028422 ) ) ;
#1407 = CIRCLE ( 'NONE', #208, 7.500000000000000000 ) ;
#1408 = EDGE_LOOP ( 'NONE', ( #1996, #1199, #1507, #441 ) ) ;
#1409 = CARTESIAN_POINT ( 'NONE',  ( 36.50000000000001421, -0.4999999999999995559, 8.000000000000026645 ) ) ;
#1410 = EDGE_CURVE ( 'NONE', #810, #807, #1698, .T. ) ;
#1411 = DIRECTION ( 'NONE',  ( -0.000000000000000000, 0.000000000000000000, 1.000000000000000000 ) ) ;
#1412 = DIRECTION ( 'NONE',  ( -1.000000000000000000, 0.000000000000000000, 1.901066822988281703E-16 ) ) ;
#1413 = CIRCLE ( 'NONE', #565, 7.500000000000000000 ) ;
#1414 = CARTESIAN_POINT ( 'NONE',  ( 41.00000000000000711, -7.500000000000000000, -69.99999999999998579 ) ) ;
#1415 = VERTEX_POINT ( 'NONE', #248 ) ;
#1416 = DIRECTION ( 'NONE',  ( 0.000000000000000000, 0.000000000000000000, -1.000000000000000000 ) ) ;
#1417 = CARTESIAN_POINT ( 'NONE',  ( 48.50000000000000711, -1.999999999999998224, 5.000000000000034639 ) ) ;
#1418 = ORIENTED_EDGE ( 'NONE', *, *, #820, .T. ) ;
#1419 = CARTESIAN_POINT ( 'NONE',  ( 38.50000000000001421, 3.000000000000000000, -1.078964550955288093 ) ) ;
#1420 = DIRECTION ( 'NONE',  ( 0.000000000000000000, 0.000000000000000000, -1.000000000000000000 ) ) ;
#1421 = AXIS2_PLACEMENT_3D ( 'NONE', #2063, #1878, #1403 ) ;
#1422 = CARTESIAN_POINT ( 'NONE',  ( 37.50000000000001421, 5.000000000000000000, 59.00000000000000711 ) ) ;
#1423 = VERTEX_POINT ( 'NONE', #1255 ) ;
#1424 = CARTESIAN_POINT ( 'NONE',  ( 42.48414363838665508, 4.999999999999997335, 13.72663360831366752 ) ) ;
#1425 = CARTESIAN_POINT ( 'NONE',  ( 48.50000000000001421, 0.000000000000000000, 8.000000000000035527 ) ) ;
#1426 = VERTEX_POINT ( 'NONE', #933 ) ;
#1427 = PLANE ( 'NONE',  #1269 ) ;
#1428 = CARTESIAN_POINT ( 'NONE',  ( 41.00000000000000711, -7.500000000000000000, 62.50000000000000000 ) ) ;
#1429 = ADVANCED_FACE ( 'NONE', ( #923 ), #1263, .F. ) ;
#1430 = CARTESIAN_POINT ( 'NONE',  ( 36.50000000000001421, 5.000000000000000000, 58.00000000000002842 ) ) ;
#1431 = ORIENTED_EDGE ( 'NONE', *, *, #453, .F. ) ;
#1432 = ADVANCED_FACE ( 'NONE', ( #900 ), #2052, .T. ) ;
#1433 = CARTESIAN_POINT ( 'NONE',  ( 42.46273728009884962, 5.000000000000000000, 13.57347189329779624 ) ) ;
#1434 = CARTESIAN_POINT ( 'NONE',  ( -42.49999999999999289, 4.171572875253810153, -63.99999999999997158 ) ) ;
#1435 = VERTEX_POINT ( 'NONE', #1740 ) ;
#1436 = CARTESIAN_POINT ( 'NONE',  ( 42.50000000000000711, 3.499999999999997335, 14.00000000000002665 ) ) ;
#1437 = CIRCLE ( 'NONE', #1880, 7.500000000000000000 ) ;
#1438 = PRODUCT_DEFINITION_FORMATION_WITH_SPECIFIED_SOURCE ( 'ANY', '', #700, .NOT_KNOWN. ) ;
#1439 = CYLINDRICAL_SURFACE ( 'NONE', #1123, 7.500000000000000000 ) ;
#1440 = ADVANCED_FACE ( 'NONE', ( #1732 ), #592, .F. ) ;
#1441 = DIRECTION ( 'NONE',  ( 0.000000000000000000, 1.000000000000000000, 0.000000000000000000 ) ) ;
#1442 = ORIENTED_EDGE ( 'NONE', *, *, #2095, .F. ) ;
#1443 = DIRECTION ( 'NONE',  ( 0.000000000000000000, -1.000000000000000000, 0.000000000000000000 ) ) ;
#1444 = CARTESIAN_POINT ( 'NONE',  ( 42.50000000000002132, 1.499999999999995781, 1.999999999999156897 ) ) ;
#1445 = ORIENTED_EDGE ( 'NONE', *, *, #313, .F. ) ;
#1446 = FACE_OUTER_BOUND ( 'NONE', #1145, .T. ) ;
#1447 = CARTESIAN_POINT ( 'NONE',  ( -40.49999999999999289, 3.000000000000000000, 64.00000000000002842 ) ) ;
#1448 = FACE_OUTER_BOUND ( 'NONE', #551, .T. ) ;
#1449 = EDGE_CURVE ( 'NONE', #1503, #46, #1901, .T. ) ;
#1450 = VECTOR ( 'NONE', #1392, 1000.000000000000000 ) ;
#1451 = CARTESIAN_POINT ( 'NONE',  ( 37.50000000000001421, 0.000000000000000000, -59.00000000000000711 ) ) ;
#1452 = ORIENTED_EDGE ( 'NONE', *, *, #769, .T. ) ;
#1453 = AXIS2_PLACEMENT_3D ( 'NONE', #1216, #1704, #613 ) ;
#1454 = CARTESIAN_POINT ( 'NONE',  ( 40.08291005536840856, 5.000000000002480682, 9.798647130161029395 ) ) ;
#1455 = DIRECTION ( 'NONE',  ( 0.000000000000000000, 0.000000000000000000, 1.000000000000000000 ) ) ;
#1456 = VERTEX_POINT ( 'NONE', #1074 ) ;
#1457 = CARTESIAN_POINT ( 'NONE',  ( 43.50000000000001421, -5.000000000000000888, -69.99999999999998579 ) ) ;
#1458 = LINE ( 'NONE', #1720, #590 ) ;
#1459 = EDGE_CURVE ( 'NONE', #1485, #2112, #256, .T. ) ;
#1460 = ORIENTED_EDGE ( 'NONE', *, *, #865, .T. ) ;
#1461 = CARTESIAN_POINT ( 'NONE',  ( 40.49999877058890974, 5.000000000000001776, -3.995184946161359107 ) ) ;
#1462 = CARTESIAN_POINT ( 'NONE',  ( 48.50000000000000711, -7.500000000000000000, -69.99999999999998579 ) ) ;
#1463 = EDGE_LOOP ( 'NONE', ( #1567, #1761, #1219, #1327 ) ) ;
#1464 = CARTESIAN_POINT ( 'NONE',  ( 43.50000000000001421, -15.00000000000000000, -69.99999999999998579 ) ) ;
#1465 = LINE ( 'NONE', #1804, #1556 ) ;
#1466 = ORIENTED_EDGE ( 'NONE', *, *, #1631, .T. ) ;
#1467 = CARTESIAN_POINT ( 'NONE',  ( 38.50000000000001421, 3.000000000000000000, 58.00000000000002842 ) ) ;
#1468 = ORIENTED_EDGE ( 'NONE', *, *, #210, .F. ) ;
#1469 = DIRECTION ( 'NONE',  ( -1.000000000000000000, 0.000000000000000000, 1.901066822988281457E-16 ) ) ;
#1470 = AXIS2_PLACEMENT_3D ( 'NONE', #1333, #646, #1176 ) ;
#1471 = EDGE_CURVE ( 'NONE', #1049, #507, #117, .T. ) ;
#1472 = CARTESIAN_POINT ( 'NONE',  ( 38.50000000000001421, 3.000000000000000000, 11.07896455095523969 ) ) ;
#1473 = VERTEX_POINT ( 'NONE', #267 ) ;
#1474 = DIRECTION ( 'NONE',  ( -5.981805089575196197E-17, 0.000000000000000000, -1.000000000000000000 ) ) ;
#1475 = CARTESIAN_POINT ( 'NONE',  ( 38.50000000000001421, 5.000000000000000000, -60.00000000000000000 ) ) ;
#1476 =( BOUNDED_SURFACE ( )  B_SPLINE_SURFACE ( 3, 2, ( 
 ( #1595, #127, #2055 ),
 ( #1258, #741, #269 ),
 ( #752, #781, #442 ),
 ( #1275, #2082, #2044 ),
 ( #946, #925, #2066 ),
 ( #1574, #110, #1067 ),
 ( #250, #1424, #1551 ),
 ( #1396, #1265, #1095 ),
 ( #762, #1433, #1881 ),
 ( #1742, #424, #1076 ),
 ( #1405, #1723, #259 ),
 ( #936, #1584, #119 ),
 ( #773, #1309, #1636 ),
 ( #1287, #650, #537 ),
 ( #1782, #1930, #146 ),
 ( #1355, #461, #1625 ),
 ( #472, #1127, #322 ),
 ( #1941, #308, #15 ),
 ( #160, #2093, #2105 ),
 ( #862, #1116, #1612 ),
 ( #1762, #1454, #299 ),
 ( #1673, #639, #483 ) ),
 .UNSPECIFIED., .F., .F., .F. ) 
 B_SPLINE_SURFACE_WITH_KNOTS ( ( 4, 2, 2, 2, 2, 2, 2, 2, 2, 2, 4 ),
 ( 3, 3 ),
 ( 0.000000000000000000, 1.422227992334775985E-05, 2.844455984669551970E-05, 5.688911969339103939E-05, 0.0001137782393867820788, 0.0002275564787735641576, 0.0004551129575471283151, 0.0009102259150942566303, 0.001820451830188513261, 0.002730677745282769891, 0.003640903660377026521 ),
 ( 0.000000000000000000, 1.000000000000000000 ),
 .UNSPECIFIED. ) 
 GEOMETRIC_REPRESENTATION_ITEM ( )  RATIONAL_B_SPLINE_SURFACE ( (
 ( 1.000000000000000000, 0.7071067811865474617, 1.000000000000000000),
 ( 1.000000000000000000, 0.7071067811865474617, 1.000000000000000000),
 ( 1.000000000000000000, 0.7071067811865462405, 1.000000000000000000),
 ( 1.000000000000000000, 0.7071067811865462405, 1.000000000000000000),
 ( 1.000000000000000000, 0.7071067811865473507, 1.000000000000000000),
 ( 1.000000000000000000, 0.7071067811865473507, 1.000000000000000000),
 ( 1.000000000000000000, 0.7071067811865473507, 1.000000000000000000),
 ( 1.000000000000000000, 0.7071067811865473507, 1.000000000000000000),
 ( 1.000000000000000000, 0.7071067811865465735, 1.000000000000000000),
 ( 1.000000000000000000, 0.7071067811865465735, 1.000000000000000000),
 ( 1.000000000000000000, 0.7071067811865465735, 1.000000000000000000),
 ( 1.000000000000000000, 0.7071067811865465735, 1.000000000000000000),
 ( 1.000000000000000000, 0.7071067811865447972, 1.000000000000000000),
 ( 1.000000000000000000, 0.7071067811865447972, 1.000000000000000000),
 ( 1.000000000000000000, 0.7071067811865425767, 1.000000000000000000),
 ( 1.000000000000000000, 0.7071067811865425767, 1.000000000000000000),
 ( 1.000000000000000000, 0.7071067811865389130, 1.000000000000000000),
 ( 1.000000000000000000, 0.7071067811865389130, 1.000000000000000000),
 ( 1.000000000000000000, 0.7071067811865376918, 1.000000000000000000),
 ( 1.000000000000000000, 0.7071067811865376918, 1.000000000000000000),
 ( 1.000000000000000000, 0.7071067811865368036, 1.000000000000000000),
 ( 1.000000000000000000, 0.7071067811865368036, 1.000000000000000000) ) ) 
 REPRESENTATION_ITEM ( '' )  SURFACE ( )  );
#1477 = EDGE_LOOP ( 'NONE', ( #1577, #344, #32, #196, #1707 ) ) ;
#1478 = FACE_OUTER_BOUND ( 'NONE', #587, .T. ) ;
#1479 = VECTOR ( 'NONE', #1037, 1000.000000000000000 ) ;
#1480 = CARTESIAN_POINT ( 'NONE',  ( 42.50000000000000711, 3.000000000000000000, -3.999999999999976019 ) ) ;
#1481 = ORIENTED_EDGE ( 'NONE', *, *, #1154, .T. ) ;
#1482 = CARTESIAN_POINT ( 'NONE',  ( 42.50000000000000711, 3.000000000000000000, 14.00000000000002665 ) ) ;
#1483 = CARTESIAN_POINT ( 'NONE',  ( 36.50000000000001421, 3.000000000000000000, 58.00000000000002842 ) ) ;
#1484 = VECTOR ( 'NONE', #1490, 1000.000000000000000 ) ;
#1485 = VERTEX_POINT ( 'NONE', #770 ) ;
#1486 = CYLINDRICAL_SURFACE ( 'NONE', #1522, 4.000000000000000000 ) ;
#1487 = AXIS2_PLACEMENT_3D ( 'NONE', #2080, #1572, #285 ) ;
#1488 = VECTOR ( 'NONE', #571, 1000.000000000000000 ) ;
#1489 = VERTEX_POINT ( 'NONE', #1561 ) ;
#1490 = DIRECTION ( 'NONE',  ( -0.000000000000000000, 1.000000000000000000, -0.000000000000000000 ) ) ;
#1491 = LINE ( 'NONE', #165, #1777 ) ;
#1492 = ORIENTED_EDGE ( 'NONE', *, *, #471, .F. ) ;
#1493 = CARTESIAN_POINT ( 'NONE',  ( 37.50000000000001421, 5.000000000000000000, 64.00000000000000000 ) ) ;
#1494 = AXIS2_PLACEMENT_3D ( 'NONE', #1242, #1886, #1854 ) ;
#1495 = EDGE_CURVE ( 'NONE', #692, #202, #912, .T. ) ;
#1496 = DIRECTION ( 'NONE',  ( 0.000000000000000000, 0.000000000000000000, 1.000000000000000000 ) ) ;
#1497 = EDGE_LOOP ( 'NONE', ( #236, #870, #1868, #956, #561, #1989, #662, #649, #81, #1348, #780, #257 ) ) ;
#1498 = EDGE_CURVE ( 'NONE', #342, #1943, #1888, .T. ) ;
#1499 = DIRECTION ( 'NONE',  ( 0.000000000000000000, -1.000000000000000000, 0.000000000000000000 ) ) ;
#1500 = CARTESIAN_POINT ( 'NONE',  ( -38.50000000000000711, 3.000000000000000000, 2.302994959486451029E-15 ) ) ;
#1501 = CARTESIAN_POINT ( 'NONE',  ( 48.50000000000000711, -1.999999999999998224, 5.000000000000029310 ) ) ;
#1502 = FACE_OUTER_BOUND ( 'NONE', #1933, .T. ) ;
#1503 = VERTEX_POINT ( 'NONE', #1414 ) ;
#1504 = CARTESIAN_POINT ( 'NONE',  ( -40.99999999999999289, -7.500000000000000000, 70.00000000000000000 ) ) ;
#1505 = EDGE_CURVE ( 'NONE', #816, #1980, #125, .T. ) ;
#1506 = FACE_OUTER_BOUND ( 'NONE', #1554, .T. ) ;
#1507 = ORIENTED_EDGE ( 'NONE', *, *, #1380, .F. ) ;
#1508 = VECTOR ( 'NONE', #412, 1000.000000000000000 ) ;
#1509 = PLANE ( 'NONE',  #1927 ) ;
#1510 = EDGE_LOOP ( 'NONE', ( #1818, #1594, #2046, #167 ) ) ;
#1511 = LINE ( 'NONE', #1870, #945 ) ;
#1512 = CARTESIAN_POINT ( 'NONE',  ( 40.50000000000000711, 5.000000000000000000, -3.999999999999976019 ) ) ;
#1513 = ORIENTED_EDGE ( 'NONE', *, *, #1130, .T. ) ;
#1514 = CARTESIAN_POINT ( 'NONE',  ( 40.49323392101479868, 5.000000000000000888, -3.924149423895554101 ) ) ;
#1515 = CARTESIAN_POINT ( 'NONE',  ( 38.50000000000000711, 2.999999999999998224, -1.078964550955322066 ) ) ;
#1516 = CARTESIAN_POINT ( 'NONE',  ( 43.50000000000001421, -1.999999999999998224, 8.000000000000031974 ) ) ;
#1517 = EDGE_CURVE ( 'NONE', #1810, #611, #457, .T. ) ;
#1518 = VERTEX_POINT ( 'NONE', #610 ) ;
#1519 = EDGE_CURVE ( 'NONE', #893, #1692, #448, .T. ) ;
#1520 = DIRECTION ( 'NONE',  ( 0.000000000000000000, 0.000000000000000000, -1.000000000000000000 ) ) ;
#1521 = DIRECTION ( 'NONE',  ( 0.000000000000000000, 0.000000000000000000, 1.000000000000000000 ) ) ;
#1522 = AXIS2_PLACEMENT_3D ( 'NONE', #989, #651, #1455 ) ;
#1523 = LINE ( 'NONE', #1669, #1479 ) ;
#1524 = ADVANCED_FACE ( 'NONE', ( #738 ), #1394, .F. ) ;
#1525 = ORIENTED_EDGE ( 'NONE', *, *, #1370, .F. ) ;
#1526 = FACE_OUTER_BOUND ( 'NONE', #286, .T. ) ;
#1527 = EDGE_CURVE ( 'NONE', #694, #1810, #319, .T. ) ;
#1528 = LINE ( 'NONE', #234, #578 ) ;
#1529 = DIRECTION ( 'NONE',  ( 0.000000000000000000, 0.000000000000000000, -1.000000000000000000 ) ) ;
#1530 = EDGE_LOOP ( 'NONE', ( #525, #118, #505, #188, #280, #217 ) ) ;
#1531 = DIRECTION ( 'NONE',  ( 0.000000000000000000, -1.000000000000000000, 0.000000000000000000 ) ) ;
#1532 = DIRECTION ( 'NONE',  ( 0.000000000000000000, 0.000000000000000000, -1.000000000000000000 ) ) ;
#1533 = CARTESIAN_POINT ( 'NONE',  ( -48.49999999999999289, -15.00000000000000000, -62.49999999999997158 ) ) ;
#1534 = EDGE_CURVE ( 'NONE', #1733, #404, #1801, .T. ) ;
#1535 = VERTEX_POINT ( 'NONE', #786 ) ;
#1536 = CARTESIAN_POINT ( 'NONE',  ( 40.47988476572456307, 4.999999999999996447, -3.849481132391283644 ) ) ;
#1537 = DIRECTION ( 'NONE',  ( 0.000000000000000000, -1.000000000000000000, 0.000000000000000000 ) ) ;
#1538 = SPHERICAL_SURFACE ( 'NONE', #1239, 7.500000000000000000 ) ;
#1539 = VERTEX_POINT ( 'NONE', #1293 ) ;
#1540 = CARTESIAN_POINT ( 'NONE',  ( -37.50000000000000000, 0.000000000000000000, 59.00000000000002842 ) ) ;
#1541 = AXIS2_PLACEMENT_3D ( 'NONE', #93, #588, #698 ) ;
#1542 = VECTOR ( 'NONE', #1253, 1000.000000000000000 ) ;
#1543 = DIRECTION ( 'NONE',  ( -1.000000000000000000, 0.000000000000000000, 0.000000000000000000 ) ) ;
#1544 = DIRECTION ( 'NONE',  ( 1.000000000000000000, -0.000000000000000000, -0.000000000000000000 ) ) ;
#1545 = ORIENTED_EDGE ( 'NONE', *, *, #1505, .T. ) ;
#1546 = CARTESIAN_POINT ( 'NONE',  ( 41.78208542364210132, 5.000000000000653699, -1.841564596735711268 ) ) ;
#1547 = DIRECTION ( 'NONE',  ( 1.445602896647338917E-16, 0.000000000000000000, -1.000000000000000000 ) ) ;
#1548 = CARTESIAN_POINT ( 'NONE',  ( 36.50000000000001421, 3.000000000000000000, 8.000000000000028422 ) ) ;
#1549 = CARTESIAN_POINT ( 'NONE',  ( -42.49999999999999289, 0.000000000000000000, 64.00000000000002842 ) ) ;
#1550 = ORIENTED_EDGE ( 'NONE', *, *, #906, .F. ) ;
#1551 = CARTESIAN_POINT ( 'NONE',  ( 40.49678587056921231, 4.999999999999997335, 13.95241116074847909 ) ) ;
#1552 = CARTESIAN_POINT ( 'NONE',  ( 41.50000000000000711, 0.000000000000000000, 2.000000000000028866 ) ) ;
#1553 = AXIS2_PLACEMENT_3D ( 'NONE', #889, #531, #408 ) ;
#1554 = EDGE_LOOP ( 'NONE', ( #533, #652, #1098, #328 ) ) ;
#1555 = CARTESIAN_POINT ( 'NONE',  ( 40.08291005818941954, 2.999999999999921396, 0.2013528731103384484 ) ) ;
#1556 = VECTOR ( 'NONE', #1328, 1000.000000000000000 ) ;
#1557 = AXIS2_PLACEMENT_3D ( 'NONE', #575, #215, #1543 ) ;
#1558 = CARTESIAN_POINT ( 'NONE',  ( 36.50000000000001421, 3.000000000000000000, 58.00000000000002842 ) ) ;
#1559 = DIRECTION ( 'NONE',  ( 0.000000000000000000, 0.000000000000000000, 1.000000000000000000 ) ) ;
#1560 = EDGE_CURVE ( 'NONE', #948, #1089, #890, .T. ) ;
#1561 = CARTESIAN_POINT ( 'NONE',  ( 39.79279469887835319, -6.043293256580651283E-16, 0.4476240850240614244 ) ) ;
#1562 = ORIENTED_EDGE ( 'NONE', *, *, #1215, .F. ) ;
#1563 = STYLED_ITEM ( 'NONE', ( #2014 ), #402 ) ;
#1564 = CARTESIAN_POINT ( 'NONE',  ( 41.50000000000000711, 0.000000000000000000, -1.999999999999971356 ) ) ;
#1565 = CARTESIAN_POINT ( 'NONE',  ( 41.00000000000000711, -15.00000000000000000, 62.50000000000001421 ) ) ;
#1566 = EDGE_CURVE ( 'NONE', #677, #1456, #55, .T. ) ;
#1567 = ORIENTED_EDGE ( 'NONE', *, *, #1875, .F. ) ;
#1568 = CARTESIAN_POINT ( 'NONE',  ( 43.50000000000001421, -9.999999999999998224, 65.00000000000000000 ) ) ;
#1569 = FILL_AREA_STYLE ('',( #1041 ) ) ;
#1570 = CARTESIAN_POINT ( 'NONE',  ( -40.99999999999999289, -7.500000000000000000, -62.49999999999997868 ) ) ;
#1571 = EDGE_CURVE ( 'NONE', #487, #1980, #332, .T. ) ;
#1572 = DIRECTION ( 'NONE',  ( 0.000000000000000000, 0.000000000000000000, -1.000000000000000000 ) ) ;
#1573 = ORIENTED_EDGE ( 'NONE', *, *, #1716, .F. ) ;
#1574 = CARTESIAN_POINT ( 'NONE',  ( 42.48814474779076278, 3.000000000000003997, 13.76248458240555372 ) ) ;
#1575 = DIRECTION ( 'NONE',  ( 0.000000000000000000, 1.000000000000000000, 0.000000000000000000 ) ) ;
#1576 = AXIS2_PLACEMENT_3D ( 'NONE', #1053, #2004, #1334 ) ;
#1577 = ORIENTED_EDGE ( 'NONE', *, *, #135, .F. ) ;
#1578 = DIRECTION ( 'NONE',  ( 0.000000000000000000, 4.119968255444916849E-14, 1.000000000000000000 ) ) ;
#1579 = CARTESIAN_POINT ( 'NONE',  ( 36.50000000000001421, 5.000000000000000000, 58.00000000000002842 ) ) ;
#1580 = AXIS2_PLACEMENT_3D ( 'NONE', #1912, #100, #2067 ) ;
#1581 = CARTESIAN_POINT ( 'NONE',  ( -48.49999999999999289, -7.500000000000000000, -69.99999999999998579 ) ) ;
#1582 = ORIENTED_EDGE ( 'NONE', *, *, #1243, .T. ) ;
#1583 = EDGE_CURVE ( 'NONE', #790, #877, #985, .T. ) ;
#1584 = CARTESIAN_POINT ( 'NONE',  ( 42.35403065866803018, 5.000000000000033751, 13.10946568751029240 ) ) ;
#1585 = CYLINDRICAL_SURFACE ( 'NONE', #1952, 7.499999999999992895 ) ;
#1586 = VERTEX_POINT ( 'NONE', #1451 ) ;
#1587 = FACE_OUTER_BOUND ( 'NONE', #1754, .T. ) ;
#1588 = EDGE_CURVE ( 'NONE', #577, #1435, #1610, .T. ) ;
#1589 = FACE_OUTER_BOUND ( 'NONE', #803, .T. ) ;
#1590 = ADVANCED_FACE ( 'NONE', ( #1307 ), #668, .T. ) ;
#1591 = AXIS2_PLACEMENT_3D ( 'NONE', #56, #1531, #574 ) ;
#1592 = VECTOR ( 'NONE', #1416, 1000.000000000000000 ) ;
#1593 = DIRECTION ( 'NONE',  ( 1.000000000000000000, 0.000000000000000000, 1.445602896647338917E-16 ) ) ;
#1594 = ORIENTED_EDGE ( 'NONE', *, *, #1303, .F. ) ;
#1595 = CARTESIAN_POINT ( 'NONE',  ( 42.50000000000000711, 3.000000000000000000, 14.00000000000002665 ) ) ;
#1596 = DIRECTION ( 'NONE',  ( 0.000000000000000000, 0.000000000000000000, 1.000000000000000000 ) ) ;
#1597 = VECTOR ( 'NONE', #274, 1000.000000000000000 ) ;
#1598 = VERTEX_POINT ( 'NONE', #481 ) ;
#1599 = CARTESIAN_POINT ( 'NONE',  ( 41.00000000000000711, -15.00000000000000000, 70.00000000000000000 ) ) ;
#1600 = DIRECTION ( 'NONE',  ( 0.000000000000000000, 0.000000000000000000, 1.000000000000000000 ) ) ;
#1601 = DIRECTION ( 'NONE',  ( 0.000000000000000000, 0.000000000000000000, 1.000000000000000000 ) ) ;
#1602 = VERTEX_POINT ( 'NONE', #1780 ) ;
#1603 = SPHERICAL_SURFACE ( 'NONE', #704, 2.000000000000000000 ) ;
#1604 = LINE ( 'NONE', #789, #827 ) ;
#1605 = ORIENTED_EDGE ( 'NONE', *, *, #1471, .F. ) ;
#1606 = CARTESIAN_POINT ( 'NONE',  ( 42.50000000000002132, 5.500000000000000000, 8.000000000000026645 ) ) ;
#1607 = CARTESIAN_POINT ( 'NONE',  ( 38.50000000000002842, 2.499999999999877875, -1.078964550955288093 ) ) ;
#1608 = VECTOR ( 'NONE', #1382, 1000.000000000000000 ) ;
#1609 = DIRECTION ( 'NONE',  ( -1.000000000000000000, 0.000000000000000000, 9.505334114941408517E-17 ) ) ;
#1610 = LINE ( 'NONE', #1161, #138 ) ;
#1611 = ORIENTED_EDGE ( 'NONE', *, *, #854, .F. ) ;
#1612 = CARTESIAN_POINT ( 'NONE',  ( 38.94710658538565440, 4.999999999999998224, 11.48057531183713387 ) ) ;
#1613 = DIRECTION ( 'NONE',  ( 0.000000000000000000, -1.000000000000000000, 0.000000000000000000 ) ) ;
#1614 = EDGE_CURVE ( 'NONE', #1018, #1456, #180, .T. ) ;
#1615 = EDGE_LOOP ( 'NONE', ( #206, #666, #913, #606 ) ) ;
#1616 = DIRECTION ( 'NONE',  ( -2.407412430484039211E-29, 1.734723475976804728E-15, 1.000000000000000000 ) ) ;
#1617 = CARTESIAN_POINT ( 'NONE',  ( -36.50000000000000000, 3.000000000000000000, -57.99999999999997868 ) ) ;
#1618 = VERTEX_POINT ( 'NONE', #2111 ) ;
#1619 = DIRECTION ( 'NONE',  ( 0.000000000000000000, 1.000000000000000000, -0.000000000000000000 ) ) ;
#1620 = AXIS2_PLACEMENT_3D ( 'NONE', #389, #1699, #1547 ) ;
#1621 = AXIS2_PLACEMENT_3D ( 'NONE', #1245, #750, #1104 ) ;
#1622 = DIRECTION ( 'NONE',  ( 0.000000000000000000, 0.000000000000000000, -1.000000000000000000 ) ) ;
#1623 = EDGE_LOOP ( 'NONE', ( #1240, #1644, #417, #1178, #754, #1468, #1311, #1005, #366, #1138, #882, #1031, #1359, #943 ) ) ;
#1624 = VECTOR ( 'NONE', #1668, 1000.000000000000000 ) ;
#1625 = CARTESIAN_POINT ( 'NONE',  ( 40.06798402987745078, 5.000000000000004441, 12.88043656300977879 ) ) ;
#1626 = FACE_OUTER_BOUND ( 'NONE', #1477, .T. ) ;
#1627 = ADVANCED_BREP_SHAPE_REPRESENTATION ( 'gb_bottom', ( #402, #687 ), #247 ) ;
#1628 = EDGE_LOOP ( 'NONE', ( #311, #1971, #352, #359 ) ) ;
#1629 = CARTESIAN_POINT ( 'NONE',  ( -48.49999999999999289, 0.000000000000000000, -69.99999999999998579 ) ) ;
#1630 =( NAMED_UNIT ( * ) SI_UNIT ( $, .STERADIAN. ) SOLID_ANGLE_UNIT ( ) );
#1631 = EDGE_CURVE ( 'NONE', #1518, #1862, #1407, .T. ) ;
#1632 = ORIENTED_EDGE ( 'NONE', *, *, #973, .F. ) ;
#1633 = CARTESIAN_POINT ( 'NONE',  ( 39.90323010522003955, 5.000000000000000888, -2.625531925126278310 ) ) ;
#1634 = CARTESIAN_POINT ( 'NONE',  ( 39.79279469887826082, -5.854440342312494929E-16, 9.552375914975959503 ) ) ;
#1635 = ORIENTED_EDGE ( 'NONE', *, *, #51, .F. ) ;
#1636 = CARTESIAN_POINT ( 'NONE',  ( 40.41824263918228155, 5.000000000000005329, 13.63012426302225855 ) ) ;
#1637 = CARTESIAN_POINT ( 'NONE',  ( -40.99999999999999289, -7.500000000000000000, 62.50000000000001421 ) ) ;
#1638 = ORIENTED_EDGE ( 'NONE', *, *, #1825, .T. ) ;
#1639 = DIRECTION ( 'NONE',  ( -1.000000000000000000, 0.000000000000000000, 3.265361837132813093E-16 ) ) ;
#1640 = CARTESIAN_POINT ( 'NONE',  ( 36.50000000000001421, 3.000000000000000000, 11.07896455095524679 ) ) ;
#1641 = ORIENTED_EDGE ( 'NONE', *, *, #1118, .T. ) ;
#1642 = VECTOR ( 'NONE', #1469, 1000.000000000000000 ) ;
#1643 = DIRECTION ( 'NONE',  ( -0.000000000000000000, -0.000000000000000000, 1.000000000000000000 ) ) ;
#1644 = ORIENTED_EDGE ( 'NONE', *, *, #135, .T. ) ;
#1645 = ORIENTED_EDGE ( 'NONE', *, *, #1719, .T. ) ;
#1646 = CARTESIAN_POINT ( 'NONE',  ( -37.32842712474619873, 5.000000000000000000, -58.82842712474617741 ) ) ;
#1647 = CARTESIAN_POINT ( 'NONE',  ( 41.00000000000000711, -7.500000000000000000, -62.49999999999997868 ) ) ;
#1648 = VERTEX_POINT ( 'NONE', #806 ) ;
#1649 = CARTESIAN_POINT ( 'NONE',  ( 40.41827274801234182, 5.000000000000000000, -3.630213545332166003 ) ) ;
#1650 = EDGE_CURVE ( 'NONE', #1648, #842, #493, .T. ) ;
#1651 = ADVANCED_FACE ( 'NONE', ( #1974 ), #1148, .F. ) ;
#1652 = DIRECTION ( 'NONE',  ( 1.000000000000000000, 0.000000000000000000, -3.265361837132813093E-16 ) ) ;
#1653 = VECTOR ( 'NONE', #970, 1000.000000000000000 ) ;
#1654 = ORIENTED_EDGE ( 'NONE', *, *, #1190, .F. ) ;
#1655 = AXIS2_PLACEMENT_3D ( 'NONE', #71, #1072, #919 ) ;
#1656 = LINE ( 'NONE', #343, #114 ) ;
#1657 = VECTOR ( 'NONE', #1622, 1000.000000000000000 ) ;
#1658 = CYLINDRICAL_SURFACE ( 'NONE', #1391, 2.000000000000001776 ) ;
#1659 = CARTESIAN_POINT ( 'NONE',  ( 42.50000000000000711, -1.291338980024992673E-15, -1.845562919164820181 ) ) ;
#1660 = CARTESIAN_POINT ( 'NONE',  ( 42.50000000000000711, 3.000000000000000000, -3.999999999999976019 ) ) ;
#1661 = EDGE_CURVE ( 'NONE', #625, #2032, #1947, .T. ) ;
#1662 = ORIENTED_EDGE ( 'NONE', *, *, #2050, .F. ) ;
#1663 = CARTESIAN_POINT ( 'NONE',  ( 42.49834447576967023, 2.999999999999999556, -3.909889890976093074 ) ) ;
#1664 = COLOUR_RGB ( '',0.7921568627450980005, 0.8196078431372548767, 0.9333333333333333481 ) ;
#1665 = CARTESIAN_POINT ( 'NONE',  ( 0.000000000000000000, -7.500000000000000000, -62.49999999999997868 ) ) ;
#1666 = VERTEX_POINT ( 'NONE', #2102 ) ;
#1667 = DIRECTION ( 'NONE',  ( 0.000000000000000000, 0.000000000000000000, -1.000000000000000000 ) ) ;
#1668 = DIRECTION ( 'NONE',  ( 1.000000000000000000, -0.000000000000000000, -1.901066822988281703E-16 ) ) ;
#1669 = CARTESIAN_POINT ( 'NONE',  ( 42.50000000000000711, 0.000000000000000000, 64.00000000000000000 ) ) ;
#1670 = EDGE_CURVE ( 'NONE', #1539, #540, #815, .T. ) ;
#1671 = ORIENTED_EDGE ( 'NONE', *, *, #935, .T. ) ;
#1672 = DIRECTION ( 'NONE',  ( 0.000000000000000000, 1.000000000000000000, 0.000000000000000000 ) ) ;
#1673 = CARTESIAN_POINT ( 'NONE',  ( 39.79250464274608134, 2.999999999999933831, 9.552716947032514838 ) ) ;
#1674 = CARTESIAN_POINT ( 'NONE',  ( -40.99999999999999289, -7.500000000000000000, 62.50000000000001421 ) ) ;
#1675 = ORIENTED_EDGE ( 'NONE', *, *, #1380, .T. ) ;
#1676 = AXIS2_PLACEMENT_3D ( 'NONE', #572, #466, #1393 ) ;
#1677 = DIRECTION ( 'NONE',  ( -1.000000000000000000, 0.000000000000000000, 0.000000000000000000 ) ) ;
#1678 = ORIENTED_EDGE ( 'NONE', *, *, #1650, .T. ) ;
#1679 = EDGE_CURVE ( 'NONE', #625, #1841, #1713, .T. ) ;
#1680 = EDGE_CURVE ( 'NONE', #1750, #342, #1962, .T. ) ;
#1681 = ORIENTED_EDGE ( 'NONE', *, *, #596, .T. ) ;
#1682 = LINE ( 'NONE', #881, #938 ) ;
#1683 =( BOUNDED_SURFACE ( )  B_SPLINE_SURFACE ( 3, 2, ( 
 ( #1027, #511, #804 ),
 ( #1461, #23, #1789 ),
 ( #179, #1016, #1663 ),
 ( #667, #534, #1949 ),
 ( #689, #197, #1186 ),
 ( #1302, #1147, #1325 ),
 ( #329, #386, #746 ),
 ( #1514, #1061, #1389 ),
 ( #1040, #410, #253 ),
 ( #1536, #1686, #2013 ),
 ( #1080, #207, #1379 ),
 ( #1220, #1885, #2025 ),
 ( #1697, #61, #1874 ),
 ( #569, #1842, #1853 ),
 ( #50, #1241, #400 ),
 ( #861, #1546, #1232 ),
 ( #1863, #723, #1071 ),
 ( #1354, #232, #883 ),
 ( #418, #1365, #1717 ),
 ( #905, #1050, #2047 ),
 ( #558, #70, #1555 ),
 ( #1708, #243, #2002 ) ),
 .UNSPECIFIED., .F., .F., .F. ) 
 B_SPLINE_SURFACE_WITH_KNOTS ( ( 4, 2, 2, 2, 2, 2, 2, 2, 2, 2, 4 ),
 ( 3, 3 ),
 ( -2.602085213965210642E-18, 1.422227992334472578E-05, 2.844455984669205364E-05, 5.688911969338670936E-05, 0.0001137782393867760208, 0.0002275564787735546437, 0.0004551129575471118895, 0.0009102259150942263810, 0.001820451830188455364, 0.002730677745282684456, 0.003640903660376913330 ),
 ( 0.000000000000000000, 1.000000000000000000 ),
 .UNSPECIFIED. ) 
 GEOMETRIC_REPRESENTATION_ITEM ( )  RATIONAL_B_SPLINE_SURFACE ( (
 ( 1.000000000000000000, 0.7071067811865473507, 1.000000000000000000),
 ( 1.000000000000000000, 0.7071067811865473507, 1.000000000000000000),
 ( 1.000000000000000000, 0.7071067811865476838, 1.000000000000000000),
 ( 1.000000000000000000, 0.7071067811865476838, 1.000000000000000000),
 ( 1.000000000000000000, 0.7071067811865476838, 1.000000000000000000),
 ( 1.000000000000000000, 0.7071067811865476838, 1.000000000000000000),
 ( 1.000000000000000000, 0.7071067811865476838, 1.000000000000000000),
 ( 1.000000000000000000, 0.7071067811865476838, 1.000000000000000000),
 ( 1.000000000000000000, 0.7071067811865484609, 1.000000000000000000),
 ( 1.000000000000000000, 0.7071067811865484609, 1.000000000000000000),
 ( 1.000000000000000000, 0.7071067811865489050, 1.000000000000000000),
 ( 1.000000000000000000, 0.7071067811865489050, 1.000000000000000000),
 ( 1.000000000000000000, 0.7071067811865506814, 1.000000000000000000),
 ( 1.000000000000000000, 0.7071067811865506814, 1.000000000000000000),
 ( 1.000000000000000000, 0.7071067811865512365, 1.000000000000000000),
 ( 1.000000000000000000, 0.7071067811865512365, 1.000000000000000000),
 ( 1.000000000000000000, 0.7071067811865543451, 1.000000000000000000),
 ( 1.000000000000000000, 0.7071067811865543451, 1.000000000000000000),
 ( 1.000000000000000000, 0.7071067811865561215, 1.000000000000000000),
 ( 1.000000000000000000, 0.7071067811865561215, 1.000000000000000000),
 ( 1.000000000000000000, 0.7071067811865575647, 1.000000000000000000),
 ( 1.000000000000000000, 0.7071067811865575647, 1.000000000000000000) ) ) 
 REPRESENTATION_ITEM ( '' )  SURFACE ( )  );
#1684 = ORIENTED_EDGE ( 'NONE', *, *, #1836, .T. ) ;
#1685 = VECTOR ( 'NONE', #1107, 1000.000000000000000 ) ;
#1686 = CARTESIAN_POINT ( 'NONE',  ( 42.43501092041062606, 5.000000000000045297, -3.423387703036216756 ) ) ;
#1687 = SURFACE_SIDE_STYLE ('',( #1197 ) ) ;
#1688 = LINE ( 'NONE', #220, #1374 ) ;
#1689 = VERTEX_POINT ( 'NONE', #952 ) ;
#1690 = EDGE_CURVE ( 'NONE', #202, #27, #469, .T. ) ;
#1691 = PLANE ( 'NONE',  #1591 ) ;
#1692 = VERTEX_POINT ( 'NONE', #841 ) ;
#1693 = LINE ( 'NONE', #79, #262 ) ;
#1694 = VECTOR ( 'NONE', #1317, 1000.000000000000000 ) ;
#1695 = DIRECTION ( 'NONE',  ( -0.000000000000000000, -1.000000000000000000, -0.000000000000000000 ) ) ;
#1696 = ORIENTED_EDGE ( 'NONE', *, *, #405, .F. ) ;
#1697 = CARTESIAN_POINT ( 'NONE',  ( 40.41824263918226734, 4.999999999999993783, -3.630124263021471176 ) ) ;
#1698 =( BOUNDED_CURVE ( )  B_SPLINE_CURVE ( 3, ( #276, #1749, #1084, #97 ),
 .UNSPECIFIED., .F., .F. ) 
 B_SPLINE_CURVE_WITH_KNOTS ( ( 4, 4 ),
 ( 0.000000000000000000, 1.570796326794896558 ),
 .UNSPECIFIED. ) 
 CURVE ( )  GEOMETRIC_REPRESENTATION_ITEM ( )  RATIONAL_B_SPLINE_CURVE ( ( 1.000000000000000000, 0.8047378541243649375, 0.8047378541243649375, 1.000000000000000000 ) ) 
 REPRESENTATION_ITEM ( '' )  );
#1699 = DIRECTION ( 'NONE',  ( 1.000000000000000000, 0.000000000000000000, 1.445602896647338917E-16 ) ) ;
#1700 = CARTESIAN_POINT ( 'NONE',  ( 42.50000000000000711, 3.000000000000000000, 64.00000000000000000 ) ) ;
#1701 = ORIENTED_EDGE ( 'NONE', *, *, #1896, .F. ) ;
#1702 = CARTESIAN_POINT ( 'NONE',  ( 42.50000000000000711, 0.000000000000000000, -3.999999999999976019 ) ) ;
#1703 = ORIENTED_EDGE ( 'NONE', *, *, #1214, .T. ) ;
#1704 = DIRECTION ( 'NONE',  ( -5.782411586589355667E-16, 0.000000000000000000, 1.000000000000000000 ) ) ;
#1705 = LINE ( 'NONE', #1397, #358 ) ;
#1706 = PRODUCT_CONTEXT ( 'NONE', #527, 'mechanical' ) ;
#1707 = ORIENTED_EDGE ( 'NONE', *, *, #918, .F. ) ;
#1708 = CARTESIAN_POINT ( 'NONE',  ( 38.50000000000000711, 4.999999999999995559, -1.078964550955322954 ) ) ;
#1709 = FACE_OUTER_BOUND ( 'NONE', #669, .T. ) ;
#1710 = DIRECTION ( 'NONE',  ( 0.000000000000000000, 0.000000000000000000, -1.000000000000000000 ) ) ;
#1711 = LINE ( 'NONE', #682, #1790 ) ;
#1712 = ORIENTED_EDGE ( 'NONE', *, *, #1966, .F. ) ;
#1713 = CIRCLE ( 'NONE', #684, 1.999999999999999112 ) ;
#1714 = DIRECTION ( 'NONE',  ( -0.000000000000000000, 0.000000000000000000, 1.000000000000000000 ) ) ;
#1715 = VERTEX_POINT ( 'NONE', #850 ) ;
#1716 = EDGE_CURVE ( 'NONE', #1503, #1456, #518, .T. ) ;
#1717 = CARTESIAN_POINT ( 'NONE',  ( 40.86462890093485356, 3.000000000000243805, -0.6004469693954670451 ) ) ;
#1718 = CARTESIAN_POINT ( 'NONE',  ( 38.50000000000001421, 0.000000000000000000, 11.07896455095524679 ) ) ;
#1719 = EDGE_CURVE ( 'NONE', #1332, #487, #1188, .T. ) ;
#1720 = CARTESIAN_POINT ( 'NONE',  ( -43.50000000000000000, -9.999999999999998224, 70.00000000000000000 ) ) ;
#1721 = DIRECTION ( 'NONE',  ( -1.000000000000000000, 0.000000000000000000, -5.782411586589355667E-16 ) ) ;
#1722 = ORIENTED_EDGE ( 'NONE', *, *, #899, .F. ) ;
#1723 = CARTESIAN_POINT ( 'NONE',  ( 42.41528766708201204, 4.999999999999984901, 13.34075036436293793 ) ) ;
#1724 = FACE_OUTER_BOUND ( 'NONE', #1463, .T. ) ;
#1725 = DIRECTION ( 'NONE',  ( 1.000000000000000000, 0.000000000000000000, 0.000000000000000000 ) ) ;
#1726 = VERTEX_POINT ( 'NONE', #211 ) ;
#1727 = CARTESIAN_POINT ( 'NONE',  ( 42.50000000000000711, 5.500000000000000000, 14.00000000000002665 ) ) ;
#1728 = ADVANCED_FACE ( 'NONE', ( #43 ), #703, .T. ) ;
#1729 = AXIS2_PLACEMENT_3D ( 'NONE', #1181, #1376, #204 ) ;
#1730 = DIRECTION ( 'NONE',  ( 0.000000000000000000, 0.000000000000000000, 1.000000000000000000 ) ) ;
#1731 = CARTESIAN_POINT ( 'NONE',  ( -42.49999999999999289, 3.000000000000000000, 64.00000000000002842 ) ) ;
#1732 = FACE_OUTER_BOUND ( 'NONE', #1955, .T. ) ;
#1733 = VERTEX_POINT ( 'NONE', #863 ) ;
#1734 = DIRECTION ( 'NONE',  ( 0.000000000000000000, -1.000000000000000000, 0.000000000000000000 ) ) ;
#1735 = CARTESIAN_POINT ( 'NONE',  ( 42.50000000000000711, 0.000000000000000000, 64.00000000000000000 ) ) ;
#1736 = ORIENTED_EDGE ( 'NONE', *, *, #4, .F. ) ;
#1737 = CARTESIAN_POINT ( 'NONE',  ( 41.02349576871857550, 4.947945353336631769, 14.00000000000003020 ) ) ;
#1738 = ADVANCED_FACE ( 'NONE', ( #1506 ), #1042, .T. ) ;
#1739 = EDGE_CURVE ( 'NONE', #1518, #46, #1437, .T. ) ;
#1740 = CARTESIAN_POINT ( 'NONE',  ( 36.50000000000001421, 0.000000000000000000, -57.99999999999999289 ) ) ;
#1741 = EDGE_LOOP ( 'NONE', ( #688, #1781, #1951, #153 ) ) ;
#1742 = CARTESIAN_POINT ( 'NONE',  ( 42.43501075457771776, 2.999999999999994671, 13.42338773367252891 ) ) ;
#1743 = LINE ( 'NONE', #2076, #657 ) ;
#1744 = VECTOR ( 'NONE', #1820, 1000.000000000000000 ) ;
#1745 = EDGE_CURVE ( 'NONE', #879, #414, #1017, .T. ) ;
#1746 = ADVANCED_FACE ( 'NONE', ( #2016 ), #1538, .T. ) ;
#1747 = ORIENTED_EDGE ( 'NONE', *, *, #2050, .T. ) ;
#1748 = VECTOR ( 'NONE', #1077, 1000.000000000000000 ) ;
#1749 = CARTESIAN_POINT ( 'NONE',  ( 42.50000000000001421, 4.171572875253810153, -64.00000000000000000 ) ) ;
#1750 = VERTEX_POINT ( 'NONE', #63 ) ;
#1751 = EDGE_CURVE ( 'NONE', #557, #787, #1688, .T. ) ;
#1752 = FACE_OUTER_BOUND ( 'NONE', #1510, .T. ) ;
#1753 = CARTESIAN_POINT ( 'NONE',  ( 39.79279469887826082, -5.854440342312494929E-16, 9.552375914975959503 ) ) ;
#1754 = EDGE_LOOP ( 'NONE', ( #629, #181, #1342, #1805 ) ) ;
#1755 = DIRECTION ( 'NONE',  ( 0.000000000000000000, 0.000000000000000000, -1.000000000000000000 ) ) ;
#1756 = AXIS2_PLACEMENT_3D ( 'NONE', #917, #1895, #1578 ) ;
#1757 = DIRECTION ( 'NONE',  ( 0.000000000000000000, 1.000000000000000000, 0.000000000000000000 ) ) ;
#1758 = VECTOR ( 'NONE', #1273, 1000.000000000000000 ) ;
#1759 = AXIS2_PLACEMENT_3D ( 'NONE', #1237, #1734, #278 ) ;
#1760 = DIRECTION ( 'NONE',  ( 0.000000000000000000, 3.469446951953613794E-15, 1.000000000000000000 ) ) ;
#1761 = ORIENTED_EDGE ( 'NONE', *, *, #1295, .F. ) ;
#1762 = CARTESIAN_POINT ( 'NONE',  ( 40.08291005818748687, 3.000000000000195399, 9.798647126887939152 ) ) ;
#1763 = CARTESIAN_POINT ( 'NONE',  ( -43.50000000000000000, -5.000000000000000000, 65.00000000000000000 ) ) ;
#1764 = ORIENTED_EDGE ( 'NONE', *, *, #679, .T. ) ;
#1765 = DIRECTION ( 'NONE',  ( 0.000000000000000000, -1.000000000000000000, 0.000000000000000000 ) ) ;
#1766 = DIRECTION ( 'NONE',  ( 0.000000000000000000, -1.000000000000000000, 0.000000000000000000 ) ) ;
#1767 = LINE ( 'NONE', #305, #373 ) ;
#1768 = CARTESIAN_POINT ( 'NONE',  ( 42.50000000000000711, 5.000000000000000000, 62.00000000000000000 ) ) ;
#1769 = ORIENTED_EDGE ( 'NONE', *, *, #1848, .T. ) ;
#1770 = CARTESIAN_POINT ( 'NONE',  ( -36.50000000000000711, 0.000000000000000000, -57.99999999999997868 ) ) ;
#1771 = CARTESIAN_POINT ( 'NONE',  ( 38.50000000000001421, 5.000000000000000000, 11.07896455095523969 ) ) ;
#1772 = ORIENTED_EDGE ( 'NONE', *, *, #736, .F. ) ;
#1773 = CARTESIAN_POINT ( 'NONE',  ( 42.50000000000000711, 3.261799387799148686, -3.999999999999976019 ) ) ;
#1774 = CARTESIAN_POINT ( 'NONE',  ( 41.00000000000000711, -7.500000000000000000, 62.50000000000001421 ) ) ;
#1775 = CIRCLE ( 'NONE', #346, 2.000000000000000000 ) ;
#1776 = ADVANCED_FACE ( 'NONE', ( #538 ), #390, .T. ) ;
#1777 = VECTOR ( 'NONE', #1158, 1000.000000000000000 ) ;
#1778 = ORIENTED_EDGE ( 'NONE', *, *, #596, .F. ) ;
#1779 = SPHERICAL_SURFACE ( 'NONE', #370, 2.000000000000000000 ) ;
#1780 = CARTESIAN_POINT ( 'NONE',  ( 48.50000000000000711, 0.000000000000000000, 62.50000000000002842 ) ) ;
#1781 = ORIENTED_EDGE ( 'NONE', *, *, #1670, .T. ) ;
#1782 = CARTESIAN_POINT ( 'NONE',  ( 42.08156854508448674, 3.000000000000107025, 12.41820080014571381 ) ) ;
#1783 = ADVANCED_FACE ( 'NONE', ( #714 ), #1169, .T. ) ;
#1784 = DIRECTION ( 'NONE',  ( 0.000000000000000000, -1.000000000000000000, 0.000000000000000000 ) ) ;
#1785 = ORIENTED_EDGE ( 'NONE', *, *, #1560, .F. ) ;
#1786 = DIRECTION ( 'NONE',  ( -1.000000000000000000, -1.387778780781444413E-14, 0.000000000000000000 ) ) ;
#1787 =( NAMED_UNIT ( * ) PLANE_ANGLE_UNIT ( ) SI_UNIT ( $, .RADIAN. ) );
#1788 = EDGE_LOOP ( 'NONE', ( #867, #969, #513, #707 ) ) ;
#1789 = CARTESIAN_POINT ( 'NONE',  ( 42.50000000000000711, 3.000000000000023093, -3.940744539839646343 ) ) ;
#1790 = VECTOR ( 'NONE', #2007, 1000.000000000000000 ) ;
#1791 = DIRECTION ( 'NONE',  ( 1.000000000000000000, 0.000000000000000000, 0.000000000000000000 ) ) ;
#1792 = ORIENTED_EDGE ( 'NONE', *, *, #446, .F. ) ;
#1793 = AXIS2_PLACEMENT_3D ( 'NONE', #1464, #1992, #136 ) ;
#1794 = CARTESIAN_POINT ( 'NONE',  ( 48.50000000000001421, -1.999999999999998224, 2.000000000000029310 ) ) ;
#1795 = DIRECTION ( 'NONE',  ( 0.000000000000000000, 0.000000000000000000, 1.000000000000000000 ) ) ;
#1796 = ORIENTED_EDGE ( 'NONE', *, *, #776, .F. ) ;
#1797 = CARTESIAN_POINT ( 'NONE',  ( 42.50000000000000711, 3.000000000000000000, 14.00000000000002665 ) ) ;
#1798 = CARTESIAN_POINT ( 'NONE',  ( 48.50000000000000711, -7.500000000000000000, 70.00000000000000000 ) ) ;
#1799 = ORIENTED_EDGE ( 'NONE', *, *, #1471, .T. ) ;
#1800 = DIRECTION ( 'NONE',  ( -1.000000000000000000, 0.000000000000000000, 9.505334114941407284E-17 ) ) ;
#1801 = LINE ( 'NONE', #1768, #121 ) ;
#1802 = ORIENTED_EDGE ( 'NONE', *, *, #1848, .F. ) ;
#1803 = EDGE_CURVE ( 'NONE', #1426, #1715, #34, .T. ) ;
#1804 = CARTESIAN_POINT ( 'NONE',  ( 48.50000000000000711, 0.000000000000000000, 70.00000000000000000 ) ) ;
#1805 = ORIENTED_EDGE ( 'NONE', *, *, #224, .F. ) ;
#1806 = ADVANCED_FACE ( 'NONE', ( #53 ), #680, .F. ) ;
#1807 = CARTESIAN_POINT ( 'NONE',  ( 36.50000000000001421, 4.171572875253809265, 58.00000000000003553 ) ) ;
#1808 = DIRECTION ( 'NONE',  ( 0.000000000000000000, 0.000000000000000000, -1.000000000000000000 ) ) ;
#1809 = EDGE_CURVE ( 'NONE', #810, #2017, #1198, .T. ) ;
#1810 = VERTEX_POINT ( 'NONE', #1844 ) ;
#1811 = CARTESIAN_POINT ( 'NONE',  ( 36.50000000000001421, 0.000000000000000000, -57.99999999999999289 ) ) ;
#1812 = VECTOR ( 'NONE', #360, 1000.000000000000000 ) ;
#1813 = VECTOR ( 'NONE', #297, 1000.000000000000000 ) ;
#1814 = DIRECTION ( 'NONE',  ( 0.000000000000000000, 0.000000000000000000, 1.000000000000000000 ) ) ;
#1815 = ORIENTED_EDGE ( 'NONE', *, *, #906, .T. ) ;
#1816 = DIRECTION ( 'NONE',  ( -0.000000000000000000, 1.000000000000000000, -0.000000000000000000 ) ) ;
#1817 = EDGE_CURVE ( 'NONE', #426, #1733, #805, .T. ) ;
#1818 = ORIENTED_EDGE ( 'NONE', *, *, #987, .T. ) ;
#1819 = EDGE_LOOP ( 'NONE', ( #615, #1321, #1845, #2029, #1189, #939, #1274, #1167, #35 ) ) ;
#1820 = DIRECTION ( 'NONE',  ( -5.981805089575196197E-17, 0.000000000000000000, -1.000000000000000000 ) ) ;
#1821 = DIRECTION ( 'NONE',  ( -0.000000000000000000, -1.000000000000000000, -0.000000000000000000 ) ) ;
#1822 = CIRCLE ( 'NONE', #907, 4.000000000000000000 ) ;
#1823 = ORIENTED_EDGE ( 'NONE', *, *, #1899, .F. ) ;
#1824 = DIRECTION ( 'NONE',  ( 3.265361837132813093E-16, -0.000000000000000000, 1.000000000000000000 ) ) ;
#1825 = EDGE_CURVE ( 'NONE', #1060, #1750, #1900, .T. ) ;
#1826 = VECTOR ( 'NONE', #1047, 1000.000000000000000 ) ;
#1827 = LINE ( 'NONE', #1022, #465 ) ;
#1828 = UNCERTAINTY_MEASURE_WITH_UNIT (LENGTH_MEASURE( 1.000000000000000082E-05 ), #1937, 'distance_accuracy_value', 'NONE');
#1829 = CYLINDRICAL_SURFACE ( 'NONE', #1553, 4.000000000000000000 ) ;
#1830 = LINE ( 'NONE', #823, #620 ) ;
#1831 = ORIENTED_EDGE ( 'NONE', *, *, #552, .T. ) ;
#1832 = FACE_OUTER_BOUND ( 'NONE', #795, .T. ) ;
#1833 = LINE ( 'NONE', #874, #292 ) ;
#1834 = CARTESIAN_POINT ( 'NONE',  ( 36.50000000000001421, 3.000000000000000000, -60.00000000000000000 ) ) ;
#1835 = ORIENTED_EDGE ( 'NONE', *, *, #166, .F. ) ;
#1836 = EDGE_CURVE ( 'NONE', #1267, #1021, #42, .T. ) ;
#1837 = PLANE ( 'NONE',  #1014 ) ;
#1838 = ORIENTED_EDGE ( 'NONE', *, *, #200, .T. ) ;
#1839 = VERTEX_POINT ( 'NONE', #105 ) ;
#1840 = DIRECTION ( 'NONE',  ( 0.000000000000000000, 0.000000000000000000, 1.000000000000000000 ) ) ;
#1841 = VERTEX_POINT ( 'NONE', #246 ) ;
#1842 = CARTESIAN_POINT ( 'NONE',  ( 42.17679122610484654, 4.999999999999928946, -2.621558312350821929 ) ) ;
#1843 = FACE_OUTER_BOUND ( 'NONE', #14, .T. ) ;
#1844 = CARTESIAN_POINT ( 'NONE',  ( 43.50000000000001421, -9.999999999999998224, -64.99999999999997158 ) ) ;
#1845 = ORIENTED_EDGE ( 'NONE', *, *, #973, .T. ) ;
#1846 = DIRECTION ( 'NONE',  ( -1.000000000000000000, 0.000000000000000000, 3.265361837132813093E-16 ) ) ;
#1847 = ORIENTED_EDGE ( 'NONE', *, *, #405, .T. ) ;
#1848 = EDGE_CURVE ( 'NONE', #1301, #1195, #1877, .T. ) ;
#1849 = CARTESIAN_POINT ( 'NONE',  ( -36.50000000000000711, 5.000000000000000000, -57.99999999999997868 ) ) ;
#1850 = FACE_OUTER_BOUND ( 'NONE', #502, .T. ) ;
#1851 = EDGE_LOOP ( 'NONE', ( #1294, #1011, #953 ) ) ;
#1852 = CIRCLE ( 'NONE', #282, 3.000000000000000000 ) ;
#1853 = CARTESIAN_POINT ( 'NONE',  ( 42.17679118775995306, 3.000000000000109690, -2.621558326635765379 ) ) ;
#1854 = DIRECTION ( 'NONE',  ( 9.505334114941399889E-17, 0.000000000000000000, 1.000000000000000000 ) ) ;
#1855 = DIRECTION ( 'NONE',  ( 0.000000000000000000, 0.000000000000000000, -1.000000000000000000 ) ) ;
#1856 = ORIENTED_EDGE ( 'NONE', *, *, #1944, .T. ) ;
#1857 = PLANE ( 'NONE',  #944 ) ;
#1858 = DIRECTION ( 'NONE',  ( 0.000000000000000000, 0.000000000000000000, -1.000000000000000000 ) ) ;
#1859 = AXIS2_PLACEMENT_3D ( 'NONE', #1020, #1499, #1520 ) ;
#1860 = DIRECTION ( 'NONE',  ( 0.000000000000000000, 0.000000000000000000, -1.000000000000000000 ) ) ;
#1861 = VECTOR ( 'NONE', #594, 1000.000000000000000 ) ;
#1862 = VERTEX_POINT ( 'NONE', #1401 ) ;
#1863 = CARTESIAN_POINT ( 'NONE',  ( 39.90302235657817675, 5.000000000000000888, -2.625222343417930926 ) ) ;
#1864 = CARTESIAN_POINT ( 'NONE',  ( -37.50000000000000000, 0.000000000000000000, 0.000000000000000000 ) ) ;
#1865 = DIRECTION ( 'NONE',  ( 0.000000000000000000, -1.000000000000000000, 0.000000000000000000 ) ) ;
#1866 = MECHANICAL_DESIGN_GEOMETRIC_PRESENTATION_REPRESENTATION (  '', ( #1563 ), #194 ) ;
#1867 = CARTESIAN_POINT ( 'NONE',  ( 42.50000000000000711, 5.000000000000000000, 64.00000000000000000 ) ) ;
#1868 = ORIENTED_EDGE ( 'NONE', *, *, #1034, .T. ) ;
#1869 = EDGE_CURVE ( 'NONE', #342, #2032, #898, .T. ) ;
#1870 = CARTESIAN_POINT ( 'NONE',  ( -48.49999999999999289, -7.500000000000000000, 70.00000000000000000 ) ) ;
#1871 = CARTESIAN_POINT ( 'NONE',  ( -36.50000000000000000, 3.000000000000000000, 58.00000000000003553 ) ) ;
#1872 = EDGE_CURVE ( 'NONE', #46, #1862, #1000, .T. ) ;
#1873 = EDGE_LOOP ( 'NONE', ( #979, #1126, #1445, #722 ) ) ;
#1874 = CARTESIAN_POINT ( 'NONE',  ( 42.31073578941938251, 2.999999999999962697, -2.981106628951124993 ) ) ;
#1875 = EDGE_CURVE ( 'NONE', #622, #694, #1458, .T. ) ;
#1876 = DIRECTION ( 'NONE',  ( 0.000000000000000000, 1.000000000000000000, -0.000000000000000000 ) ) ;
#1877 = LINE ( 'NONE', #1617, #1914 ) ;
#1878 = DIRECTION ( 'NONE',  ( 9.505334114941408517E-17, -0.000000000000000000, 1.000000000000000000 ) ) ;
#1879 = ORIENTED_EDGE ( 'NONE', *, *, #1062, .T. ) ;
#1880 = AXIS2_PLACEMENT_3D ( 'NONE', #1177, #1821, #1030 ) ;
#1881 = CARTESIAN_POINT ( 'NONE',  ( 40.49021969347150218, 5.000000000000000000, 13.90542433097581387 ) ) ;
#1882 = CARTESIAN_POINT ( 'NONE',  ( 40.47146058055521678, 4.999999999999998224, 13.81328641535514024 ) ) ;
#1883 = EDGE_CURVE ( 'NONE', #798, #1503, #85, .T. ) ;
#1884 = EDGE_LOOP ( 'NONE', ( #1856, #1346, #1915 ) ) ;
#1885 = CARTESIAN_POINT ( 'NONE',  ( 42.35403065866744043, 5.000000000000265565, -3.109465687510163612 ) ) ;
#1886 = DIRECTION ( 'NONE',  ( -1.000000000000000000, 0.000000000000000000, 9.505334114941408517E-17 ) ) ;
#1887 = CARTESIAN_POINT ( 'NONE',  ( -36.50000000000000000, 4.171572875253810153, 58.00000000000004263 ) ) ;
#1888 = LINE ( 'NONE', #1430, #2033 ) ;
#1889 = EDGE_LOOP ( 'NONE', ( #2036, #864, #1039, #1378 ) ) ;
#1890 = DIRECTION ( 'NONE',  ( -0.000000000000000000, 1.000000000000000000, -0.000000000000000000 ) ) ;
#1891 = DIRECTION ( 'NONE',  ( -1.000000000000000000, 0.000000000000000000, 0.000000000000000000 ) ) ;
#1892 = EDGE_CURVE ( 'NONE', #60, #1618, #485, .T. ) ;
#1893 = VECTOR ( 'NONE', #759, 1000.000000000000000 ) ;
#1894 = ORIENTED_EDGE ( 'NONE', *, *, #361, .F. ) ;
#1895 = DIRECTION ( 'NONE',  ( 4.336808689942325392E-16, 1.000000000000000000, -4.111840842548255036E-14 ) ) ;
#1896 = EDGE_CURVE ( 'NONE', #263, #1535, #1775, .T. ) ;
#1897 = VECTOR ( 'NONE', #192, 1000.000000000000000 ) ;
#1898 = CARTESIAN_POINT ( 'NONE',  ( 38.50000000000000711, 2.999999999999998224, -1.078964550955322066 ) ) ;
#1899 = EDGE_CURVE ( 'NONE', #879, #990, #151, .T. ) ;
#1900 =( BOUNDED_CURVE ( )  B_SPLINE_CURVE ( 3, ( #1073, #314, #1887, #2099 ),
 .UNSPECIFIED., .F., .T. ) 
 B_SPLINE_CURVE_WITH_KNOTS ( ( 4, 4 ),
 ( 4.712388980384689674, 6.283185307179586232 ),
 .UNSPECIFIED. ) 
 CURVE ( )  GEOMETRIC_REPRESENTATION_ITEM ( )  RATIONAL_B_SPLINE_CURVE ( ( 1.000000000000000000, 0.8047378541243649375, 0.8047378541243649375, 1.000000000000000000 ) ) 
 REPRESENTATION_ITEM ( '' )  );
#1901 = LINE ( 'NONE', #1581, #363 ) ;
#1902 = ORIENTED_EDGE ( 'NONE', *, *, #1908, .F. ) ;
#1903 = EDGE_CURVE ( 'NONE', #787, #426, #255, .T. ) ;
#1904 = CYLINDRICAL_SURFACE ( 'NONE', #539, 2.000000000000001776 ) ;
#1905 = CARTESIAN_POINT ( 'NONE',  ( -38.50000000000000000, 5.000000000000000000, 60.00000000000004263 ) ) ;
#1906 = ORIENTED_EDGE ( 'NONE', *, *, #321, .F. ) ;
#1907 = CARTESIAN_POINT ( 'NONE',  ( 36.50000000000001421, 1.500000000000001332, 8.000000000000026645 ) ) ;
#1908 = EDGE_CURVE ( 'NONE', #1602, #1018, #591, .T. ) ;
#1909 = CARTESIAN_POINT ( 'NONE',  ( 43.50000000000001421, -9.999999999999998224, -69.99999999999998579 ) ) ;
#1910 = ORIENTED_EDGE ( 'NONE', *, *, #1892, .F. ) ;
#1911 = CARTESIAN_POINT ( 'NONE',  ( 41.00000000000000711, -7.500000000000000000, 70.00000000000000000 ) ) ;
#1912 = CARTESIAN_POINT ( 'NONE',  ( 36.50000000000001421, -4.999999999999998224, 2.000000000000027978 ) ) ;
#1913 = CIRCLE ( 'NONE', #999, 2.000000000000000000 ) ;
#1914 = VECTOR ( 'NONE', #1412, 1000.000000000000000 ) ;
#1915 = ORIENTED_EDGE ( 'NONE', *, *, #1214, .F. ) ;
#1916 = CARTESIAN_POINT ( 'NONE',  ( 41.50000000000000711, -5.000000000000000000, 12.00000000000003197 ) ) ;
#1917 = SPHERICAL_SURFACE ( 'NONE', #1227, 7.500000000000000000 ) ;
#1918 = DIRECTION ( 'NONE',  ( -0.000000000000000000, -1.000000000000000000, -0.000000000000000000 ) ) ;
#1919 = ORIENTED_EDGE ( 'NONE', *, *, #372, .F. ) ;
#1920 = DIRECTION ( 'NONE',  ( 1.734723475976807094E-15, 0.000000000000000000, -1.000000000000000000 ) ) ;
#1921 = DIRECTION ( 'NONE',  ( -0.000000000000000000, 1.000000000000000000, -0.000000000000000000 ) ) ;
#1922 = ORIENTED_EDGE ( 'NONE', *, *, #749, .T. ) ;
#1923 = CARTESIAN_POINT ( 'NONE',  ( 38.50000000000001421, 5.000000000000000000, 11.07896455095523969 ) ) ;
#1924 = VECTOR ( 'NONE', #499, 1000.000000000000000 ) ;
#1925 = DIRECTION ( 'NONE',  ( 0.000000000000000000, 0.000000000000000000, -1.000000000000000000 ) ) ;
#1926 = CARTESIAN_POINT ( 'NONE',  ( 41.50000000000000711, -4.999999999999998224, 2.000000000000028866 ) ) ;
#1927 = AXIS2_PLACEMENT_3D ( 'NONE', #1985, #65, #1179 ) ;
#1928 = CARTESIAN_POINT ( 'NONE',  ( -40.99999999999998579, -15.00000000000000000, 70.00000000000000000 ) ) ;
#1929 = ORIENTED_EDGE ( 'NONE', *, *, #1571, .T. ) ;
#1930 = CARTESIAN_POINT ( 'NONE',  ( 42.08156853708715062, 4.999999999999677591, 12.41820080429921980 ) ) ;
#1931 = CARTESIAN_POINT ( 'NONE',  ( 42.50000000000002132, 5.500000000000000000, 2.000000000000024425 ) ) ;
#1932 = AXIS2_PLACEMENT_3D ( 'NONE', #1579, #951, #1600 ) ;
#1933 = EDGE_LOOP ( 'NONE', ( #929, #443, #1085, #2020 ) ) ;
#1934 = DIRECTION ( 'NONE',  ( -1.000000000000000000, 0.000000000000000000, 0.000000000000000000 ) ) ;
#1935 = DIRECTION ( 'NONE',  ( 0.000000000000000000, 0.000000000000000000, -1.000000000000000000 ) ) ;
#1936 = ORIENTED_EDGE ( 'NONE', *, *, #1803, .T. ) ;
#1937 =( LENGTH_UNIT ( ) NAMED_UNIT ( * ) SI_UNIT ( .MILLI., .METRE. ) );
#1938 = EDGE_CURVE ( 'NONE', #1689, #1586, #792, .T. ) ;
#1939 = DIRECTION ( 'NONE',  ( 0.000000000000000000, 1.000000000000000000, 0.000000000000000000 ) ) ;
#1940 = ORIENTED_EDGE ( 'NONE', *, *, #761, .T. ) ;
#1941 = CARTESIAN_POINT ( 'NONE',  ( 41.10599521405531220, 2.999999999999436451, 10.88689512952721827 ) ) ;
#1942 = FACE_OUTER_BOUND ( 'NONE', #88, .T. ) ;
#1943 = VERTEX_POINT ( 'NONE', #266 ) ;
#1944 = EDGE_CURVE ( 'NONE', #540, #333, #892, .T. ) ;
#1945 = CARTESIAN_POINT ( 'NONE',  ( 42.50000000000000711, 1.999999999999999556, 14.00000000000002665 ) ) ;
#1946 =( LENGTH_UNIT ( ) NAMED_UNIT ( * ) SI_UNIT ( .MILLI., .METRE. ) );
#1947 = CIRCLE ( 'NONE', #1305, 2.000000000000000000 ) ;
#1948 = ORIENTED_EDGE ( 'NONE', *, *, #854, .T. ) ;
#1949 = CARTESIAN_POINT ( 'NONE',  ( 42.49532063823886574, 2.999999999999999556, -3.852154688033796237 ) ) ;
#1950 = CARTESIAN_POINT ( 'NONE',  ( 41.50000000000000711, 0.000000000000000000, 8.000000000000031974 ) ) ;
#1951 = ORIENTED_EDGE ( 'NONE', *, *, #1991, .T. ) ;
#1952 = AXIS2_PLACEMENT_3D ( 'NONE', #1565, #1575, #111 ) ;
#1953 = DIRECTION ( 'NONE',  ( 1.000000000000000000, -3.469446951953611033E-15, 1.880790961315658331E-29 ) ) ;
#1954 = CARTESIAN_POINT ( 'NONE',  ( 42.50000000000000711, 3.000000000000000000, 14.00000000000002665 ) ) ;
#1955 = EDGE_LOOP ( 'NONE', ( #975, #385, #853, #354 ) ) ;
#1956 = CARTESIAN_POINT ( 'NONE',  ( -43.50000000000000000, -5.000000000000000888, 70.00000000000000000 ) ) ;
#1957 = LINE ( 'NONE', #1798, #109 ) ;
#1958 = ORIENTED_EDGE ( 'NONE', *, *, #1092, .T. ) ;
#1959 = ADVANCED_FACE ( 'NONE', ( #2039 ), #801, .T. ) ;
#1960 = CARTESIAN_POINT ( 'NONE',  ( -43.50000000000000000, -15.00000000000000000, 65.00000000000000000 ) ) ;
#1961 = AXIS2_PLACEMENT_3D ( 'NONE', #633, #672, #1795 ) ;
#1962 = LINE ( 'NONE', #1483, #1813 ) ;
#1963 = EDGE_LOOP ( 'NONE', ( #1442, #1696, #1940, #1545 ) ) ;
#1964 = ADVANCED_FACE ( 'NONE', ( #920 ), #581, .T. ) ;
#1965 = CARTESIAN_POINT ( 'NONE',  ( 36.50000000000001421, 5.500000000000000000, 2.000000000000024425 ) ) ;
#1966 = EDGE_CURVE ( 'NONE', #1666, #27, #958, .T. ) ;
#1967 = ORIENTED_EDGE ( 'NONE', *, *, #4, .T. ) ;
#1968 = CARTESIAN_POINT ( 'NONE',  ( 42.50000000000000711, 3.000000000000000000, 14.00000000000002665 ) ) ;
#1969 =( BOUNDED_CURVE ( )  B_SPLINE_CURVE ( 2, ( #1012, #1659, #846 ),
 .UNSPECIFIED., .F., .T. ) 
 B_SPLINE_CURVE_WITH_KNOTS ( ( 3, 3 ),
 ( 0.4309420389722903311, 1.000000000000000000 ),
 .UNSPECIFIED. ) 
 CURVE ( )  GEOMETRIC_REPRESENTATION_ITEM ( )  RATIONAL_B_SPLINE_CURVE ( ( 0.7176234059499893014, 0.6723728848508823130, 1.000000000000000000 ) ) 
 REPRESENTATION_ITEM ( '' )  );
#1970 = LINE ( 'NONE', #1341, #859 ) ;
#1971 = ORIENTED_EDGE ( 'NONE', *, *, #1751, .F. ) ;
#1972 = LINE ( 'NONE', #375, #1744 ) ;
#1973 = EDGE_CURVE ( 'NONE', #1018, #140, #964, .T. ) ;
#1974 = FACE_OUTER_BOUND ( 'NONE', #904, .T. ) ;
#1975 = ORIENTED_EDGE ( 'NONE', *, *, #73, .F. ) ;
#1976 = LINE ( 'NONE', #515, #978 ) ;
#1977 = ORIENTED_EDGE ( 'NONE', *, *, #331, .F. ) ;
#1978 = CARTESIAN_POINT ( 'NONE',  ( 36.50000000000001421, 3.000000000000000000, 58.00000000000002842 ) ) ;
#1979 = CARTESIAN_POINT ( 'NONE',  ( 42.50000000000000711, 3.000000000000000000, 64.00000000000000000 ) ) ;
#1980 = VERTEX_POINT ( 'NONE', #654 ) ;
#1981 = CARTESIAN_POINT ( 'NONE',  ( 40.44206727971055670, 5.000000000000002665, -3.702218308823127746 ) ) ;
#1982 = AXIS2_PLACEMENT_3D ( 'NONE', #628, #1791, #1137 ) ;
#1983 = CARTESIAN_POINT ( 'NONE',  ( -42.49999999999999289, 3.000000000000000000, 64.00000000000002842 ) ) ;
#1984 = ORIENTED_EDGE ( 'NONE', *, *, #446, .T. ) ;
#1985 = CARTESIAN_POINT ( 'NONE',  ( -48.49999999999999289, -15.00000000000000000, -69.99999999999998579 ) ) ;
#1986 = DIRECTION ( 'NONE',  ( -0.000000000000000000, 0.000000000000000000, 1.000000000000000000 ) ) ;
#1987 = CARTESIAN_POINT ( 'NONE',  ( 42.50000000000000711, 3.000000000000000000, -3.999999999999976019 ) ) ;
#1988 = DIRECTION ( 'NONE',  ( 0.000000000000000000, 0.000000000000000000, -1.000000000000000000 ) ) ;
#1989 = ORIENTED_EDGE ( 'NONE', *, *, #1303, .T. ) ;
#1990 = DIRECTION ( 'NONE',  ( 0.000000000000000000, 0.000000000000000000, 1.000000000000000000 ) ) ;
#1991 = EDGE_CURVE ( 'NONE', #540, #140, #1957, .T. ) ;
#1992 = DIRECTION ( 'NONE',  ( -1.000000000000000000, 0.000000000000000000, 0.000000000000000000 ) ) ;
#1993 = DIRECTION ( 'NONE',  ( -0.000000000000000000, -0.000000000000000000, 1.000000000000000000 ) ) ;
#1994 = EDGE_LOOP ( 'NONE', ( #337, #593, #2092, #1823, #1015, #1289 ) ) ;
#1995 = LINE ( 'NONE', #1212, #1351 ) ;
#1996 = ORIENTED_EDGE ( 'NONE', *, *, #837, .T. ) ;
#1997 = VECTOR ( 'NONE', #1029, 1000.000000000000000 ) ;
#1998 = CARTESIAN_POINT ( 'NONE',  ( 36.50000000000001421, 0.000000000000000000, 11.07896455095524324 ) ) ;
#1999 = DIRECTION ( 'NONE',  ( -1.000000000000000000, 0.000000000000000000, 0.000000000000000000 ) ) ;
#2000 = CARTESIAN_POINT ( 'NONE',  ( 0.000000000000000000, 0.000000000000000000, 0.000000000000000000 ) ) ;
#2001 = ORIENTED_EDGE ( 'NONE', *, *, #101, .T. ) ;
#2002 = CARTESIAN_POINT ( 'NONE',  ( 39.79250464274608845, 3.000000000000052403, 0.4472830529673873512 ) ) ;
#2003 = DIRECTION ( 'NONE',  ( 0.000000000000000000, -1.000000000000000000, 0.000000000000000000 ) ) ;
#2004 = DIRECTION ( 'NONE',  ( -1.000000000000000000, 0.000000000000000000, 0.000000000000000000 ) ) ;
#2005 = ORIENTED_EDGE ( 'NONE', *, *, #2006, .F. ) ;
#2006 = EDGE_CURVE ( 'NONE', #1079, #1049, #1491, .T. ) ;
#2007 = DIRECTION ( 'NONE',  ( -1.000000000000000000, 0.000000000000000000, 3.265361837132813093E-16 ) ) ;
#2008 = ORIENTED_EDGE ( 'NONE', *, *, #1650, .F. ) ;
#2009 = DIRECTION ( 'NONE',  ( 1.000000000000000000, 0.000000000000000000, 0.000000000000000000 ) ) ;
#2010 = FACE_OUTER_BOUND ( 'NONE', #1213, .T. ) ;
#2011 = PRODUCT_RELATED_PRODUCT_CATEGORY ( 'part', '', ( #700 ) ) ;
#2012 = ORIENTED_EDGE ( 'NONE', *, *, #984, .F. ) ;
#2013 = CARTESIAN_POINT ( 'NONE',  ( 42.43501075457765381, 3.000000000000068390, -3.423387733672270894 ) ) ;
#2014 = PRESENTATION_STYLE_ASSIGNMENT (( #219 ) ) ;
#2015 = CIRCLE ( 'NONE', #6, 4.000000000000000000 ) ;
#2016 = FACE_OUTER_BOUND ( 'NONE', #1884, .T. ) ;
#2017 = VERTEX_POINT ( 'NONE', #1660 ) ;
#2018 = VECTOR ( 'NONE', #509, 1000.000000000000000 ) ;
#2019 = DIRECTION ( 'NONE',  ( 5.981805089575196197E-17, 0.000000000000000000, 1.000000000000000000 ) ) ;
#2020 = ORIENTED_EDGE ( 'NONE', *, *, #2070, .F. ) ;
#2021 = FACE_OUTER_BOUND ( 'NONE', #1994, .T. ) ;
#2022 = DIRECTION ( 'NONE',  ( -0.000000000000000000, 1.000000000000000000, -0.000000000000000000 ) ) ;
#2023 = ORIENTED_EDGE ( 'NONE', *, *, #1588, .F. ) ;
#2024 = VECTOR ( 'NONE', #903, 1000.000000000000000 ) ;
#2025 = CARTESIAN_POINT ( 'NONE',  ( 42.35403057976144936, 3.000000000000058620, -3.109465708408869489 ) ) ;
#2026 = CARTESIAN_POINT ( 'NONE',  ( -48.49999999999999289, -7.500000000000000000, 62.50000000000001421 ) ) ;
#2027 = VECTOR ( 'NONE', #164, 1000.000000000000000 ) ;
#2028 = DIRECTION ( 'NONE',  ( 3.265361837132813093E-16, -0.000000000000000000, 1.000000000000000000 ) ) ;
#2029 = ORIENTED_EDGE ( 'NONE', *, *, #802, .F. ) ;
#2030 = EDGE_CURVE ( 'NONE', #1170, #54, #1970, .T. ) ;
#2031 = EDGE_CURVE ( 'NONE', #677, #1503, #1136, .T. ) ;
#2032 = VERTEX_POINT ( 'NONE', #1640 ) ;
#2033 = VECTOR ( 'NONE', #1918, 1000.000000000000000 ) ;
#2034 = DIRECTION ( 'NONE',  ( 0.000000000000000000, 0.000000000000000000, -1.000000000000000000 ) ) ;
#2035 = CIRCLE ( 'NONE', #1655, 4.000000000000000000 ) ;
#2036 = ORIENTED_EDGE ( 'NONE', *, *, #316, .F. ) ;
#2037 = DIRECTION ( 'NONE',  ( 0.000000000000000000, 0.000000000000000000, -1.000000000000000000 ) ) ;
#2038 = DIRECTION ( 'NONE',  ( 1.000000000000000000, 0.000000000000000000, 0.000000000000000000 ) ) ;
#2039 = FACE_OUTER_BOUND ( 'NONE', #1530, .T. ) ;
#2040 = EDGE_CURVE ( 'NONE', #2017, #1839, #378, .T. ) ;
#2041 = EDGE_CURVE ( 'NONE', #404, #787, #961, .T. ) ;
#2042 = CARTESIAN_POINT ( 'NONE',  ( 48.50000000000000711, -15.00000000000000000, 70.00000000000000000 ) ) ;
#2043 = ORIENTED_EDGE ( 'NONE', *, *, #552, .F. ) ;
#2044 = CARTESIAN_POINT ( 'NONE',  ( 40.49932013663697461, 5.000000000000009770, 13.98085566800516588 ) ) ;
#2045 = DIRECTION ( 'NONE',  ( -0.000000000000000000, -1.000000000000000000, -0.000000000000000000 ) ) ;
#2046 = ORIENTED_EDGE ( 'NONE', *, *, #1410, .F. ) ;
#2047 = CARTESIAN_POINT ( 'NONE',  ( 40.35300157501575313, 2.999999999999855227, -0.05611149491455857258 ) ) ;
#2048 = CARTESIAN_POINT ( 'NONE',  ( 41.00000000000000711, -15.00000000000000000, -62.49999999999997868 ) ) ;
#2049 = CARTESIAN_POINT ( 'NONE',  ( -41.67157287525379417, 5.000000000000000000, 63.17157287525383680 ) ) ;
#2050 = EDGE_CURVE ( 'NONE', #810, #174, #8, .T. ) ;
#2051 =( BOUNDED_CURVE ( )  B_SPLINE_CURVE ( 3, ( #7, #1165, #1807, #1978 ),
 .UNSPECIFIED., .F., .T. ) 
 B_SPLINE_CURVE_WITH_KNOTS ( ( 4, 4 ),
 ( 4.712388980384689674, 6.283185307179586232 ),
 .UNSPECIFIED. ) 
 CURVE ( )  GEOMETRIC_REPRESENTATION_ITEM ( )  RATIONAL_B_SPLINE_CURVE ( ( 1.000000000000000000, 0.8047378541243649375, 0.8047378541243649375, 1.000000000000000000 ) ) 
 REPRESENTATION_ITEM ( '' )  );
#2052 = CYLINDRICAL_SURFACE ( 'NONE', #1487, 2.000000000000001776 ) ;
#2053 = ORIENTED_EDGE ( 'NONE', *, *, #776, .T. ) ;
#2054 = AXIS2_PLACEMENT_3D ( 'NONE', #133, #1441, #1601 ) ;
#2055 = CARTESIAN_POINT ( 'NONE',  ( 40.50000000000000711, 5.000000000000000000, 14.00000000000003020 ) ) ;
#2056 = CARTESIAN_POINT ( 'NONE',  ( 40.50000000000000711, 5.000000000000000000, 14.00000000000003020 ) ) ;
#2057 = ORIENTED_EDGE ( 'NONE', *, *, #987, .F. ) ;
#2058 = DIRECTION ( 'NONE',  ( 0.000000000000000000, 0.000000000000000000, 1.000000000000000000 ) ) ;
#2059 = ADVANCED_FACE ( 'NONE', ( #1183 ), #339, .T. ) ;
#2060 = CARTESIAN_POINT ( 'NONE',  ( 43.50000000000001421, -4.999999999999998224, 8.000000000000031974 ) ) ;
#2061 = ADVANCED_FACE ( 'NONE', ( #835 ), #858, .T. ) ;
#2062 = DIRECTION ( 'NONE',  ( -1.000000000000000000, -0.000000000000000000, -0.000000000000000000 ) ) ;
#2063 = CARTESIAN_POINT ( 'NONE',  ( 36.50000000000001421, 5.000000000000000000, 58.00000000000002842 ) ) ;
#2064 = EDGE_LOOP ( 'NONE', ( #475, #510, #966, #9 ) ) ;
#2065 =( BOUNDED_CURVE ( )  B_SPLINE_CURVE ( 3, ( #1259, #1434, #1096, #955 ),
 .UNSPECIFIED., .F., .F. ) 
 B_SPLINE_CURVE_WITH_KNOTS ( ( 4, 4 ),
 ( 0.000000000000000000, 1.570796326794896558 ),
 .UNSPECIFIED. ) 
 CURVE ( )  GEOMETRIC_REPRESENTATION_ITEM ( )  RATIONAL_B_SPLINE_CURVE ( ( 1.000000000000000000, 0.8047378541243649375, 0.8047378541243649375, 1.000000000000000000 ) ) 
 REPRESENTATION_ITEM ( '' )  );
#2066 = CARTESIAN_POINT ( 'NONE',  ( 40.49898653957005479, 5.000000000000000888, 13.97609897228217335 ) ) ;
#2067 = DIRECTION ( 'NONE',  ( -1.000000000000000000, 0.000000000000000000, -1.445602896647338917E-16 ) ) ;
#2068 = CIRCLE ( 'NONE', #573, 7.500000000000000000 ) ;
#2069 = ORIENTED_EDGE ( 'NONE', *, *, #828, .F. ) ;
#2070 = EDGE_CURVE ( 'NONE', #625, #602, #1830, .T. ) ;
#2071 = CARTESIAN_POINT ( 'NONE',  ( 41.50723796074180427, 4.747572776708513409, 14.00000000000002487 ) ) ;
#2072 = CARTESIAN_POINT ( 'NONE',  ( 43.50000000000001421, -1.999999999999998224, 8.000000000000031974 ) ) ;
#2073 = DIRECTION ( 'NONE',  ( 0.000000000000000000, -1.000000000000000000, 0.000000000000000000 ) ) ;
#2074 = ORIENTED_EDGE ( 'NONE', *, *, #489, .F. ) ;
#2075 = CARTESIAN_POINT ( 'NONE',  ( -4.625929269271488478E-15, 0.000000000000000000, 8.000000000000007105 ) ) ;
#2076 = CARTESIAN_POINT ( 'NONE',  ( 38.50000000000001421, 5.000000000000000000, 2.000000000000029310 ) ) ;
#2077 = ORIENTED_EDGE ( 'NONE', *, *, #1670, .F. ) ;
#2078 = CARTESIAN_POINT ( 'NONE',  ( 37.50000000000001421, 0.000000000000000000, 59.00000000000000711 ) ) ;
#2079 = CARTESIAN_POINT ( 'NONE',  ( -40.99999999999999289, -15.00000000000000000, -62.49999999999997868 ) ) ;
#2080 = CARTESIAN_POINT ( 'NONE',  ( 40.50000000000000711, 3.000000000000000000, 0.000000000000000000 ) ) ;
#2081 = ORIENTED_EDGE ( 'NONE', *, *, #740, .T. ) ;
#2082 = CARTESIAN_POINT ( 'NONE',  ( 42.49532166312158665, 4.999999999999999112, 13.85215463435658201 ) ) ;
#2083 = CARTESIAN_POINT ( 'NONE',  ( -48.49999999999999289, 0.000000000000000000, -62.49999999999997158 ) ) ;
#2084 = AXIS2_PLACEMENT_3D ( 'NONE', #1110, #273, #940 ) ;
#2085 = AXIS2_PLACEMENT_3D ( 'NONE', #1356, #550, #198 ) ;
#2086 = AXIS2_PLACEMENT_3D ( 'NONE', #1607, #1766, #1935 ) ;
#2087 = ORIENTED_EDGE ( 'NONE', *, *, #1278, .F. ) ;
#2088 = FACE_OUTER_BOUND ( 'NONE', #1963, .T. ) ;
#2089 = DIRECTION ( 'NONE',  ( -0.000000000000000000, 1.000000000000000000, -0.000000000000000000 ) ) ;
#2090 = EDGE_CURVE ( 'NONE', #404, #1257, #1313, .T. ) ;
#2091 = CARTESIAN_POINT ( 'NONE',  ( 37.50000000000001421, -5.000000000000000000, 0.000000000000000000 ) ) ;
#2092 = ORIENTED_EDGE ( 'NONE', *, *, #159, .F. ) ;
#2093 = CARTESIAN_POINT ( 'NONE',  ( 40.86462890060236930, 4.999999999999351630, 10.60044696970346578 ) ) ;
#2094 = CARTESIAN_POINT ( 'NONE',  ( 36.50000000000001421, 3.500000000000000000, 2.000000000000024425 ) ) ;
#2095 = EDGE_CURVE ( 'NONE', #842, #1980, #19, .T. ) ;
#2096 = ORIENTED_EDGE ( 'NONE', *, *, #828, .T. ) ;
#2097 = DIRECTION ( 'NONE',  ( 0.000000000000000000, 1.000000000000000000, 0.000000000000000000 ) ) ;
#2098 = AXIS2_PLACEMENT_3D ( 'NONE', #708, #91, #369 ) ;
#2099 = CARTESIAN_POINT ( 'NONE',  ( -36.50000000000000000, 3.000000000000000000, 58.00000000000003553 ) ) ;
#2100 = CARTESIAN_POINT ( 'NONE',  ( 37.50000000000001421, 5.000000000000000000, -59.00000000000000711 ) ) ;
#2101 = AXIS2_PLACEMENT_3D ( 'NONE', #227, #1532, #66 ) ;
#2102 = CARTESIAN_POINT ( 'NONE',  ( 37.50000000000001421, 0.000000000000000000, 12.00000000000003197 ) ) ;
#2103 = VERTEX_POINT ( 'NONE', #847 ) ;
#2104 = ADVANCED_FACE ( 'NONE', ( #1502 ), #686, .T. ) ;
#2105 = CARTESIAN_POINT ( 'NONE',  ( 39.35588490230524883, 4.999999999999998224, 11.91548667831757058 ) ) ;
#2106 = CARTESIAN_POINT ( 'NONE',  ( 42.50000000000002132, 3.500000000000005773, 1.999999999996554978 ) ) ;
#2107 = ORIENTED_EDGE ( 'NONE', *, *, #2040, .T. ) ;
#2108 = LINE ( 'NONE', #1629, #2027 ) ;
#2109 = ORIENTED_EDGE ( 'NONE', *, *, #321, .T. ) ;
#2110 = CARTESIAN_POINT ( 'NONE',  ( 40.33931828446906565, 4.999999999999999112, -3.418250180320026477 ) ) ;
#2111 = CARTESIAN_POINT ( 'NONE',  ( 38.75056999684980497, 0.000000000000000000, 9.094722963678460559 ) ) ;
#2112 = VERTEX_POINT ( 'NONE', #371 ) ;
ENDSEC;
END-ISO-10303-21;
