ISO-10303-21;
HEADER;
FILE_DESCRIPTION (( 'STEP AP214' ),
    '1' );
FILE_NAME ('GB_Top_Display_Shell_3.0_stp.STEP',
    '2026-02-10T21:03:53',
    ( '' ),
    ( '' ),
    'SwSTEP 2.0',
    'SolidWorks 2025',
    '' );
FILE_SCHEMA (( 'AUTOMOTIVE_DESIGN' ));
ENDSEC;

DATA;
#1 = EDGE_LOOP ( 'NONE', ( #4357, #386 ) ) ;
#2 = DIRECTION ( 'NONE',  ( 0.000000000000000000, -1.000000000000000000, 0.000000000000000000 ) ) ;
#3 = DIRECTION ( 'NONE',  ( 0.000000000000000000, 0.000000000000000000, 1.000000000000000000 ) ) ;
#4 = AXIS2_PLACEMENT_3D ( 'NONE', #2895, #4452, #953 ) ;
#5 = DIRECTION ( 'NONE',  ( -0.000000000000000000, 1.000000000000000000, -0.000000000000000000 ) ) ;
#6 = DIRECTION ( 'NONE',  ( -0.000000000000000000, 1.000000000000000000, -0.000000000000000000 ) ) ;
#7 = ORIENTED_EDGE ( 'NONE', *, *, #4159, .F. ) ;
#8 = VECTOR ( 'NONE', #4997, 1000.000000000000000 ) ;
#9 = ORIENTED_EDGE ( 'NONE', *, *, #1820, .F. ) ;
#10 = FACE_OUTER_BOUND ( 'NONE', #4725, .T. ) ;
#11 = CARTESIAN_POINT ( 'NONE',  ( 51.00027951109598945, 20.00000000000000000, -78.89275710926580132 ) ) ;
#12 = FACE_OUTER_BOUND ( 'NONE', #4745, .T. ) ;
#13 = EDGE_CURVE ( 'NONE', #1398, #4619, #1304, .T. ) ;
#14 = CIRCLE ( 'NONE', #3448, 1.500000000000001332 ) ;
#15 = AXIS2_PLACEMENT_3D ( 'NONE', #3292, #4139, #1792 ) ;
#16 = LINE ( 'NONE', #3081, #2293 ) ;
#17 = ORIENTED_EDGE ( 'NONE', *, *, #4346, .T. ) ;
#18 = CARTESIAN_POINT ( 'NONE',  ( 47.02319148360027157, 14.28634362876294439, -55.24999999998621547 ) ) ;
#19 = ORIENTED_EDGE ( 'NONE', *, *, #2838, .T. ) ;
#20 = DIRECTION ( 'NONE',  ( 1.752335333352437518E-16, -0.7071067811865511255, -0.7071067811865440200 ) ) ;
#21 = DIRECTION ( 'NONE',  ( 0.000000000000000000, 1.000000000000000000, -0.000000000000000000 ) ) ;
#22 = CARTESIAN_POINT ( 'NONE',  ( 7.499999999999973355, 15.00000000000000000, -132.5000000000000000 ) ) ;
#23 = EDGE_LOOP ( 'NONE', ( #1482, #1431, #3227, #3565 ) ) ;
#24 = CIRCLE ( 'NONE', #2885, 1.500000000000001332 ) ;
#25 = ORIENTED_EDGE ( 'NONE', *, *, #3284, .F. ) ;
#26 = DIRECTION ( 'NONE',  ( 0.000000000000000000, 0.000000000000000000, -1.000000000000000000 ) ) ;
#27 = EDGE_CURVE ( 'NONE', #1199, #79, #4266, .T. ) ;
#28 = ORIENTED_EDGE ( 'NONE', *, *, #2212, .T. ) ;
#29 = ORIENTED_EDGE ( 'NONE', *, *, #1151, .T. ) ;
#30 = EDGE_CURVE ( 'NONE', #682, #2332, #3608, .T. ) ;
#31 = CARTESIAN_POINT ( 'NONE',  ( 26.17930066910290066, 14.77828702768196578, -17.17260673510472557 ) ) ;
#32 = CIRCLE ( 'NONE', #4443, 7.500000000000000000 ) ;
#33 = CYLINDRICAL_SURFACE ( 'NONE', #4989, 1.500000000000001332 ) ;
#34 = CARTESIAN_POINT ( 'NONE',  ( 85.67761838664272034, 16.99319900459418520, -1.322381613357352270 ) ) ;
#35 = ORIENTED_EDGE ( 'NONE', *, *, #563, .F. ) ;
#36 = ORIENTED_EDGE ( 'NONE', *, *, #4072, .F. ) ;
#37 = DIRECTION ( 'NONE',  ( -0.000000000000000000, 1.000000000000000000, -0.000000000000000000 ) ) ;
#38 = DIRECTION ( 'NONE',  ( -0.000000000000000000, 1.000000000000000000, -0.000000000000000000 ) ) ;
#39 = CARTESIAN_POINT ( 'NONE',  ( 77.49999999999987210, 19.00000000000000000, -50.75000000000015632 ) ) ;
#40 = CARTESIAN_POINT ( 'NONE',  ( 26.21386478005379672, 14.79987335731578035, -52.90786867036633367 ) ) ;
#41 = VERTEX_POINT ( 'NONE', #4681 ) ;
#42 = CARTESIAN_POINT ( 'NONE',  ( 61.25000000000002132, 19.00000000000000000, -82.24999999999998579 ) ) ;
#43 = ORIENTED_EDGE ( 'NONE', *, *, #2472, .T. ) ;
#44 = CARTESIAN_POINT ( 'NONE',  ( 53.17110884570521989, 0.000000000000000000, -67.61279700295335715 ) ) ;
#45 = CARTESIAN_POINT ( 'NONE',  ( 80.33333333333337123, 10.66666666666665364, -6.666666666666761998 ) ) ;
#46 = CARTESIAN_POINT ( 'NONE',  ( 59.68359684953292543, 0.000000000000000000, -63.85281030084921383 ) ) ;
#47 = ORIENTED_EDGE ( 'NONE', *, *, #3916, .T. ) ;
#48 = DIRECTION ( 'NONE',  ( 0.000000000000000000, 0.000000000000000000, -1.000000000000000000 ) ) ;
#49 = ORIENTED_EDGE ( 'NONE', *, *, #762, .T. ) ;
#50 = ORIENTED_EDGE ( 'NONE', *, *, #2703, .F. ) ;
#51 = LINE ( 'NONE', #3175, #2752 ) ;
#52 = AXIS2_PLACEMENT_3D ( 'NONE', #4374, #1668, #131 ) ;
#53 = ADVANCED_FACE ( 'NONE', ( #1124 ), #516, .F. ) ;
#54 = EDGE_CURVE ( 'NONE', #1807, #4314, #600, .T. ) ;
#55 = CARTESIAN_POINT ( 'NONE',  ( 86.79429915795137163, 4.205700842048642585, -0.2057008420486823030 ) ) ;
#56 = DIRECTION ( 'NONE',  ( 0.000000000000000000, 1.000000000000000000, 0.000000000000000000 ) ) ;
#57 = CIRCLE ( 'NONE', #4058, 2.000000000000001776 ) ;
#58 = VECTOR ( 'NONE', #1489, 1000.000000000000000 ) ;
#59 = ORIENTED_EDGE ( 'NONE', *, *, #2486, .F. ) ;
#60 = ORIENTED_EDGE ( 'NONE', *, *, #2136, .F. ) ;
#61 = CYLINDRICAL_SURFACE ( 'NONE', #4251, 1.500000000000001332 ) ;
#62 = VERTEX_POINT ( 'NONE', #483 ) ;
#63 = DIRECTION ( 'NONE',  ( 0.000000000000000000, 0.000000000000000000, 1.000000000000000000 ) ) ;
#64 = DIRECTION ( 'NONE',  ( 0.000000000000000000, -1.000000000000000000, 0.000000000000000000 ) ) ;
#65 = VECTOR ( 'NONE', #4593, 1000.000000000000000 ) ;
#66 = LINE ( 'NONE', #2314, #585 ) ;
#67 = VERTEX_POINT ( 'NONE', #4013 ) ;
#68 = CARTESIAN_POINT ( 'NONE',  ( 51.25000000000001421, 16.00000000000000000, -84.24999999999998579 ) ) ;
#69 = VERTEX_POINT ( 'NONE', #3127 ) ;
#70 = DIRECTION ( 'NONE',  ( -0.000000000000000000, -1.000000000000000000, -0.000000000000000000 ) ) ;
#71 = CARTESIAN_POINT ( 'NONE',  ( 61.25000000000002132, 19.00000000000000000, -82.24999999999998579 ) ) ;
#72 = CYLINDRICAL_SURFACE ( 'NONE', #1808, 5.000000000000004441 ) ;
#73 = AXIS2_PLACEMENT_3D ( 'NONE', #3296, #1030, #4076 ) ;
#74 = VERTEX_POINT ( 'NONE', #103 ) ;
#75 = CIRCLE ( 'NONE', #1127, 1.500000000000001332 ) ;
#76 = EDGE_CURVE ( 'NONE', #2880, #3560, #763, .T. ) ;
#77 = AXIS2_PLACEMENT_3D ( 'NONE', #2772, #4382, #89 ) ;
#78 = EDGE_LOOP ( 'NONE', ( #517, #954 ) ) ;
#79 = VERTEX_POINT ( 'NONE', #2736 ) ;
#80 = CARTESIAN_POINT ( 'NONE',  ( 26.24974585413600536, 14.82400935986574453, -16.83962842936630011 ) ) ;
#81 = AXIS2_PLACEMENT_3D ( 'NONE', #1606, #731, #2725 ) ;
#82 = CARTESIAN_POINT ( 'NONE',  ( 87.06883533051968982, 18.98312766312548305, -1.265986323710936556 ) ) ;
#83 = CARTESIAN_POINT ( 'NONE',  ( 87.78012619416621476, 16.03187568349803271, -0.08050155096503576468 ) ) ;
#84 = ORIENTED_EDGE ( 'NONE', *, *, #1899, .T. ) ;
#85 = ORIENTED_EDGE ( 'NONE', *, *, #1050, .F. ) ;
#86 = AXIS2_PLACEMENT_3D ( 'NONE', #3563, #1210, #4241 ) ;
#87 = CARTESIAN_POINT ( 'NONE',  ( 0.000000000000000000, 16.41421356237310292, -2.585786437626959700 ) ) ;
#88 = CARTESIAN_POINT ( 'NONE',  ( 25.00000000000001066, 14.23030399291527104, -54.49999999999999289 ) ) ;
#89 = DIRECTION ( 'NONE',  ( 0.000000000000000000, 0.000000000000000000, 1.000000000000000000 ) ) ;
#90 = AXIS2_PLACEMENT_3D ( 'NONE', #2995, #3434, #3331 ) ;
#91 = CARTESIAN_POINT ( 'NONE',  ( 25.16355464857785762, 14.28173955033912534, -51.99999999999995737 ) ) ;
#92 = CIRCLE ( 'NONE', #739, 2.000000000000001776 ) ;
#93 = ADVANCED_FACE ( 'NONE', ( #2069 ), #870, .F. ) ;
#94 = ORIENTED_EDGE ( 'NONE', *, *, #3744, .T. ) ;
#95 = CARTESIAN_POINT ( 'NONE',  ( 53.17110884570521989, 0.000000000000000000, -66.11279700295335715 ) ) ;
#96 = VERTEX_POINT ( 'NONE', #900 ) ;
#97 = CARTESIAN_POINT ( 'NONE',  ( 86.32069933089712777, 14.77828702768196223, -16.32739326489529930 ) ) ;
#98 = CARTESIAN_POINT ( 'NONE',  ( 37.97530350344057837, 20.00000000000000000, -71.37278370505748626 ) ) ;
#99 = AXIS2_PLACEMENT_3D ( 'NONE', #22, #2421, #4673 ) ;
#100 = CARTESIAN_POINT ( 'NONE',  ( 89.00000000000001421, 19.00000000000000000, -14.75000000000000000 ) ) ;
#101 = AXIS2_PLACEMENT_3D ( 'NONE', #1028, #4168, #2538 ) ;
#102 = ORIENTED_EDGE ( 'NONE', *, *, #1796, .F. ) ;
#103 = CARTESIAN_POINT ( 'NONE',  ( 89.49999999999998579, 15.00000000000000000, -140.0000000000000000 ) ) ;
#104 = EDGE_LOOP ( 'NONE', ( #4487, #3792, #4067, #1736 ) ) ;
#105 = ORIENTED_EDGE ( 'NONE', *, *, #3156, .F. ) ;
#106 = DIRECTION ( 'NONE',  ( 0.000000000000000000, 0.000000000000000000, 1.000000000000000000 ) ) ;
#107 = PRODUCT_CONTEXT ( 'NONE', #4445, 'mechanical' ) ;
#108 = CARTESIAN_POINT ( 'NONE',  ( 87.50000000000001421, 19.00000000000000000, -16.75000000000001066 ) ) ;
#109 = VERTEX_POINT ( 'NONE', #1914 ) ;
#110 = ORIENTED_EDGE ( 'NONE', *, *, #1992, .T. ) ;
#111 = EDGE_CURVE ( 'NONE', #1368, #4736, #927, .T. ) ;
#112 = AXIS2_PLACEMENT_3D ( 'NONE', #3986, #3461, #3 ) ;
#113 = DIRECTION ( 'NONE',  ( -0.000000000000000000, 1.000000000000000000, -0.000000000000000000 ) ) ;
#114 = FACE_BOUND ( 'NONE', #686, .T. ) ;
#115 = DIRECTION ( 'NONE',  ( 0.000000000000000000, 0.000000000000000000, -1.000000000000000000 ) ) ;
#116 = CARTESIAN_POINT ( 'NONE',  ( 25.75565462004276540, 14.53580388209611129, -52.24147934787914238 ) ) ;
#117 = EDGE_CURVE ( 'NONE', #2068, #2529, #3379, .T. ) ;
#118 = ORIENTED_EDGE ( 'NONE', *, *, #1397, .T. ) ;
#119 = ORIENTED_EDGE ( 'NONE', *, *, #3288, .T. ) ;
#120 = CARTESIAN_POINT ( 'NONE',  ( 53.17110884570521989, 0.000000000000000000, -75.13277040716165800 ) ) ;
#121 = VERTEX_POINT ( 'NONE', #2424 ) ;
#122 = CARTESIAN_POINT ( 'NONE',  ( 74.49999999999985789, 19.00000000000000000, -53.75000000000012790 ) ) ;
#123 = FACE_OUTER_BOUND ( 'NONE', #4264, .T. ) ;
#124 = EDGE_CURVE ( 'NONE', #69, #4398, #4039, .T. ) ;
#125 = CARTESIAN_POINT ( 'NONE',  ( 49.63408736820585432, 15.61912541009892408, -0.6340873682058718597 ) ) ;
#126 = EDGE_CURVE ( 'NONE', #1827, #2822, #32, .T. ) ;
#127 = ORIENTED_EDGE ( 'NONE', *, *, #2251, .T. ) ;
#128 = CARTESIAN_POINT ( 'NONE',  ( 89.50000000000002842, 20.00000000000000000, -7.500000000000000000 ) ) ;
#129 = EDGE_CURVE ( 'NONE', #1366, #1018, #2890, .T. ) ;
#130 = EDGE_LOOP ( 'NONE', ( #1552, #2762 ) ) ;
#131 = DIRECTION ( 'NONE',  ( 0.000000000000000000, 0.000000000000000000, 1.000000000000000000 ) ) ;
#132 = CARTESIAN_POINT ( 'NONE',  ( 87.59148621415012315, 17.01477055374041569, -0.3949015176619213308 ) ) ;
#133 = EDGE_CURVE ( 'NONE', #4482, #4063, #356, .T. ) ;
#134 = CIRCLE ( 'NONE', #3819, 3.000000000000002665 ) ;
#135 = ADVANCED_FACE ( 'NONE', ( #3509 ), #5039, .F. ) ;
#136 = ADVANCED_FACE ( 'NONE', ( #970 ), #562, .F. ) ;
#137 = ORIENTED_EDGE ( 'NONE', *, *, #1181, .T. ) ;
#138 = VERTEX_POINT ( 'NONE', #2119 ) ;
#139 = CARTESIAN_POINT ( 'NONE',  ( 26.42893218813453871, 13.99999999999999645, -57.32106781186546840 ) ) ;
#140 =( BOUNDED_CURVE ( )  B_SPLINE_CURVE ( 3, ( #2125, #2431, #4759, #4783 ),
 .UNSPECIFIED., .F., .F. ) 
 B_SPLINE_CURVE_WITH_KNOTS ( ( 4, 4 ),
 ( 0.1356442530235021371, 0.7853981633974537191 ),
 .UNSPECIFIED. ) 
 CURVE ( )  GEOMETRIC_REPRESENTATION_ITEM ( )  RATIONAL_B_SPLINE_CURVE ( ( 1.000000000000000000, 0.9651266723538940440, 0.9651266723538940440, 1.000000000000000000 ) ) 
 REPRESENTATION_ITEM ( '' )  );
#141 = FACE_BOUND ( 'NONE', #202, .T. ) ;
#142 = CARTESIAN_POINT ( 'NONE',  ( 23.50000000000000355, 14.00000000000000000, -9.750000000000001776 ) ) ;
#143 = AXIS2_PLACEMENT_3D ( 'NONE', #1912, #2225, #2301 ) ;
#144 = EDGE_CURVE ( 'NONE', #2167, #79, #2398, .T. ) ;
#145 = FACE_OUTER_BOUND ( 'NONE', #222, .T. ) ;
#146 = PRODUCT_DEFINITION_FORMATION_WITH_SPECIFIED_SOURCE ( 'ANY', '', #3186, .NOT_KNOWN. ) ;
#147 = ADVANCED_FACE ( 'NONE', ( #3321 ), #4929, .F. ) ;
#148 = ORIENTED_EDGE ( 'NONE', *, *, #4553, .T. ) ;
#149 = VECTOR ( 'NONE', #4537, 1000.000000000000000 ) ;
#150 = ORIENTED_EDGE ( 'NONE', *, *, #1806, .F. ) ;
#151 = CARTESIAN_POINT ( 'NONE',  ( 61.85442618414216298, 20.00000000000000000, -73.63277040716165800 ) ) ;
#152 = VERTEX_POINT ( 'NONE', #1038 ) ;
#153 = CYLINDRICAL_SURFACE ( 'NONE', #3326, 1.500000000000001332 ) ;
#154 = DIRECTION ( 'NONE',  ( 0.000000000000000000, 0.000000000000000000, 1.000000000000000000 ) ) ;
#155 = CARTESIAN_POINT ( 'NONE',  ( 61.85442618414216298, 20.00000000000000000, -67.61279700295335715 ) ) ;
#156 = VECTOR ( 'NONE', #4594, 1000.000000000000000 ) ;
#157 = EDGE_CURVE ( 'NONE', #3657, #1531, #4036, .T. ) ;
#158 = EDGE_LOOP ( 'NONE', ( #4826, #2188 ) ) ;
#159 = CARTESIAN_POINT ( 'NONE',  ( 82.00000000000001421, 8.999999999999998224, -7.000000000000000000 ) ) ;
#160 = EDGE_LOOP ( 'NONE', ( #3124, #4932, #2345, #507 ) ) ;
#161 = AXIS2_PLACEMENT_3D ( 'NONE', #203, #3416, #1163 ) ;
#162 = CARTESIAN_POINT ( 'NONE',  ( 53.17110884570521989, 19.00000000000000000, -67.61279700295335715 ) ) ;
#163 = DIRECTION ( 'NONE',  ( 7.049035076985119514E-15, 0.000000000000000000, 1.000000000000000000 ) ) ;
#164 = AXIS2_PLACEMENT_3D ( 'NONE', #1682, #2444, #2826 ) ;
#165 = LINE ( 'NONE', #3287, #1641 ) ;
#166 = ORIENTED_EDGE ( 'NONE', *, *, #280, .T. ) ;
#167 = CARTESIAN_POINT ( 'NONE',  ( 46.65862084187751435, 0.000000000000000000, -71.37278370505748626 ) ) ;
#168 = CIRCLE ( 'NONE', #81, 12.49999999999999645 ) ;
#169 = LINE ( 'NONE', #956, #3827 ) ;
#170 = DIRECTION ( 'NONE',  ( 0.000000000000000000, 0.000000000000000000, -1.000000000000000000 ) ) ;
#171 = CARTESIAN_POINT ( 'NONE',  ( 82.00000000000001421, 20.00000000000000000, -6.000000000000000000 ) ) ;
#172 = CIRCLE ( 'NONE', #4652, 1.500000000000001332 ) ;
#173 = ORIENTED_EDGE ( 'NONE', *, *, #2509, .F. ) ;
#174 = CYLINDRICAL_SURFACE ( 'NONE', #4230, 1.500000000000001332 ) ;
#175 = ORIENTED_EDGE ( 'NONE', *, *, #777, .F. ) ;
#176 = EDGE_CURVE ( 'NONE', #4038, #238, #4447, .T. ) ;
#177 = ADVANCED_FACE ( 'NONE', ( #2524 ), #3681, .T. ) ;
#178 = DIRECTION ( 'NONE',  ( 0.000000000000000000, 0.000000000000000000, 1.000000000000000000 ) ) ;
#179 = DIRECTION ( 'NONE',  ( -0.000000000000000000, 1.000000000000000000, -0.000000000000000000 ) ) ;
#180 = CARTESIAN_POINT ( 'NONE',  ( 54.66666666666690588, -13.33333333333314741, -32.33333333333351334 ) ) ;
#181 = VECTOR ( 'NONE', #4514, 1000.000000000000000 ) ;
#182 = VECTOR ( 'NONE', #1490, 1000.000000000000000 ) ;
#183 = DIRECTION ( 'NONE',  ( 0.000000000000000000, 1.000000000000000000, 0.000000000000000000 ) ) ;
#184 = B_SPLINE_CURVE_WITH_KNOTS ( 'NONE', 3,
 ( #1805, #3368, #2236, #4926, #2284, #3395, #3797, #702, #5001, #1111, #4590, #1010, #1473, #228, #2979, #3419, #1780, #4948, #652, #4562, #4534, #4974, #3034, #4901, #1034, #1088 ),
 .UNSPECIFIED., .F., .F.,
 ( 4, 2, 2, 2, 2, 2, 2, 2, 2, 2, 2, 2, 4 ),
 ( 0.004167125062266621369, 0.004413506141940802194, 0.004659887221614983019, 0.004906268301289163844, 0.005152649380963344669, 0.005645411540311707187, 0.005891792619985886277, 0.006138173699660066235, 0.006630935859008445232, 0.007123698018356825097, 0.007370079098031015463, 0.007616460177705204962, 0.008109222337053583959 ),
 .UNSPECIFIED. ) ;
#185 = VECTOR ( 'NONE', #2515, 1000.000000000000000 ) ;
#186 = CIRCLE ( 'NONE', #1400, 1.500000000000001332 ) ;
#187 = ORIENTED_EDGE ( 'NONE', *, *, #2660, .F. ) ;
#188 = EDGE_LOOP ( 'NONE', ( #3729, #422, #3852, #148 ) ) ;
#189 = CARTESIAN_POINT ( 'NONE',  ( 46.65862084187751435, 20.00000000000000000, -71.37278370505748626 ) ) ;
#190 = EDGE_CURVE ( 'NONE', #4962, #4398, #3613, .T. ) ;
#191 = EDGE_CURVE ( 'NONE', #1877, #1173, #2230, .T. ) ;
#192 = ADVANCED_FACE ( 'NONE', ( #4466 ), #2165, .F. ) ;
#193 = CARTESIAN_POINT ( 'NONE',  ( 86.36591263179359146, 15.61912541009891520, -0.6340873682064666061 ) ) ;
#194 = EDGE_CURVE ( 'NONE', #1581, #5033, #255, .T. ) ;
#195 = ORIENTED_EDGE ( 'NONE', *, *, #3421, .T. ) ;
#196 = DIRECTION ( 'NONE',  ( 0.000000000000000000, 1.000000000000000000, 0.000000000000000000 ) ) ;
#197 = VECTOR ( 'NONE', #4148, 1000.000000000000000 ) ;
#198 = CARTESIAN_POINT ( 'NONE',  ( 24.45684462739464848, 14.09180723999599927, -52.12125724196763343 ) ) ;
#199 = CARTESIAN_POINT ( 'NONE',  ( 37.97530350344057837, 0.000000000000000000, -71.37278370505748626 ) ) ;
#200 = DIRECTION ( 'NONE',  ( -0.000000000000000000, 1.000000000000000000, -0.000000000000000000 ) ) ;
#201 = LINE ( 'NONE', #2900, #185 ) ;
#202 = EDGE_LOOP ( 'NONE', ( #494, #2730 ) ) ;
#203 = CARTESIAN_POINT ( 'NONE',  ( 57.51276751492369499, 20.00000000000000000, -75.13277040716165800 ) ) ;
#204 = EDGE_LOOP ( 'NONE', ( #4641, #3638 ) ) ;
#205 = CARTESIAN_POINT ( 'NONE',  ( 62.88319986323824651, 18.91911395852255851, -55.25000000000000000 ) ) ;
#206 = DIRECTION ( 'NONE',  ( -0.000000000000000000, 1.000000000000000000, -0.000000000000000000 ) ) ;
#207 = DIRECTION ( 'NONE',  ( 0.000000000000000000, -1.000000000000000000, 0.000000000000000000 ) ) ;
#208 = EDGE_LOOP ( 'NONE', ( #3389, #4853, #5036, #2906, #4003, #929 ) ) ;
#209 = CARTESIAN_POINT ( 'NONE',  ( 66.19608485336061676, 20.00000000000000000, -67.61279700295335715 ) ) ;
#210 = EDGE_LOOP ( 'NONE', ( #1699, #997, #4274, #2675 ) ) ;
#211 = VECTOR ( 'NONE', #1170, 1000.000000000000000 ) ;
#212 = ORIENTED_EDGE ( 'NONE', *, *, #653, .T. ) ;
#213 = LINE ( 'NONE', #4041, #2180 ) ;
#214 = CARTESIAN_POINT ( 'NONE',  ( 91.00000000000001421, 0.000000000000000000, -6.000000000000000000 ) ) ;
#215 = VERTEX_POINT ( 'NONE', #2961 ) ;
#216 = EDGE_CURVE ( 'NONE', #875, #1475, #1180, .T. ) ;
#217 = CARTESIAN_POINT ( 'NONE',  ( 86.51522205878917759, 14.65917120968864928, -52.46376659904539963 ) ) ;
#218 = CARTESIAN_POINT ( 'NONE',  ( 61.85442618414216298, 20.00000000000000000, -75.13277040716165800 ) ) ;
#219 = EDGE_CURVE ( 'NONE', #4699, #4113, #2142, .T. ) ;
#220 = DIRECTION ( 'NONE',  ( 0.000000000000000000, 0.000000000000000000, 1.000000000000000000 ) ) ;
#221 = CARTESIAN_POINT ( 'NONE',  ( 48.17157287525378706, 14.99999999999999645, 0.000000000000000000 ) ) ;
#222 = EDGE_LOOP ( 'NONE', ( #899, #2892, #2769, #438 ) ) ;
#223 = DIRECTION ( 'NONE',  ( 0.000000000000000000, -1.000000000000000000, 0.000000000000000000 ) ) ;
#224 = EDGE_LOOP ( 'NONE', ( #4927, #1068 ) ) ;
#225 = CARTESIAN_POINT ( 'NONE',  ( 86.74351660010016474, 14.53622298336372509, -17.75791733768698677 ) ) ;
#226 = DIRECTION ( 'NONE',  ( 0.000000000000000000, 0.000000000000000000, -1.000000000000000000 ) ) ;
#227 = AXIS2_PLACEMENT_3D ( 'NONE', #162, #2867, #974 ) ;
#228 = CARTESIAN_POINT ( 'NONE',  ( 88.74159790564505101, 14.00665473521043580, -53.41661249696750957 ) ) ;
#229 = VECTOR ( 'NONE', #1834, 1000.000000000000000 ) ;
#230 = ORIENTED_EDGE ( 'NONE', *, *, #4458, .T. ) ;
#231 = CARTESIAN_POINT ( 'NONE',  ( 86.41421356237313489, 15.00000000000000000, -0.5857864376269161788 ) ) ;
#232 = ORIENTED_EDGE ( 'NONE', *, *, #133, .T. ) ;
#233 = EDGE_LOOP ( 'NONE', ( #5017, #4776, #2504, #2152, #2577, #1237 ) ) ;
#234 = DIRECTION ( 'NONE',  ( -1.000000000000000000, 0.000000000000000000, 7.049035076985118725E-15 ) ) ;
#235 = EDGE_CURVE ( 'NONE', #1531, #3413, #1331, .T. ) ;
#236 = PLANE ( 'NONE',  #4742 ) ;
#237 = AXIS2_PLACEMENT_3D ( 'NONE', #3886, #1434, #4213 ) ;
#238 = VERTEX_POINT ( 'NONE', #2934 ) ;
#239 = DIRECTION ( 'NONE',  ( -0.000000000000000000, 1.000000000000000000, -0.000000000000000000 ) ) ;
#240 = PLANE ( 'NONE',  #915 ) ;
#241 = DIRECTION ( 'NONE',  ( 0.000000000000000000, 0.000000000000000000, -1.000000000000000000 ) ) ;
#242 = AXIS2_PLACEMENT_3D ( 'NONE', #4025, #4332, #3185 ) ;
#243 = DIRECTION ( 'NONE',  ( 1.000000000000000000, -0.000000000000000000, -0.000000000000000000 ) ) ;
#244 = CARTESIAN_POINT ( 'NONE',  ( 7.499999999999998224, 20.00000000000000000, 0.000000000000000000 ) ) ;
#245 = EDGE_LOOP ( 'NONE', ( #1968, #3088, #4599, #28 ) ) ;
#246 = CIRCLE ( 'NONE', #3597, 2.500000000000002220 ) ;
#247 = CARTESIAN_POINT ( 'NONE',  ( 34.10952922903808116, 14.00000000000000000, -69.24999999999998579 ) ) ;
#248 = FACE_BOUND ( 'NONE', #1743, .T. ) ;
#249 = CARTESIAN_POINT ( 'NONE',  ( 87.50000000000001421, 19.00000000000000000, -16.75000000000001066 ) ) ;
#250 = AXIS2_PLACEMENT_3D ( 'NONE', #985, #3745, #271 ) ;
#251 = EDGE_CURVE ( 'NONE', #2272, #375, #4059, .T. ) ;
#252 = CARTESIAN_POINT ( 'NONE',  ( 50.99426761037376110, 19.13652136219608124, -1.994267610370038302 ) ) ;
#253 = ORIENTED_EDGE ( 'NONE', *, *, #3288, .F. ) ;
#254 = CIRCLE ( 'NONE', #1474, 1.500000000000001332 ) ;
#255 = LINE ( 'NONE', #231, #3706 ) ;
#256 = PLANE ( 'NONE',  #394 ) ;
#257 = AXIS2_PLACEMENT_3D ( 'NONE', #108, #4733, #2791 ) ;
#258 = VECTOR ( 'NONE', #1209, 1000.000000000000000 ) ;
#259 = ORIENTED_EDGE ( 'NONE', *, *, #497, .F. ) ;
#260 = ORIENTED_EDGE ( 'NONE', *, *, #3125, .T. ) ;
#261 = CARTESIAN_POINT ( 'NONE',  ( 86.41421356237313489, 15.00000000000000000, -0.5857864376269161788 ) ) ;
#262 = AXIS2_PLACEMENT_3D ( 'NONE', #4764, #2434, #471 ) ;
#263 = FACE_OUTER_BOUND ( 'NONE', #2064, .T. ) ;
#264 = ORIENTED_EDGE ( 'NONE', *, *, #439, .T. ) ;
#265 = CARTESIAN_POINT ( 'NONE',  ( 87.17529716232883175, 14.34207151626739574, -52.03241187571843795 ) ) ;
#266 = DIRECTION ( 'NONE',  ( 0.000000000000000000, -1.000000000000000000, 0.000000000000000000 ) ) ;
#267 = CARTESIAN_POINT ( 'NONE',  ( 89.49999999999998579, 0.000000000000000000, -132.5000000000000000 ) ) ;
#268 = CARTESIAN_POINT ( 'NONE',  ( 59.68359684953292543, 0.000000000000000000, -80.39275710926580132 ) ) ;
#269 = LINE ( 'NONE', #1415, #2452 ) ;
#270 = ORIENTED_EDGE ( 'NONE', *, *, #297, .T. ) ;
#271 = DIRECTION ( 'NONE',  ( -1.000000000000000000, 0.000000000000000000, 2.973811673103097172E-16 ) ) ;
#272 = CARTESIAN_POINT ( 'NONE',  ( 87.33548923389477636, 14.28204023539094081, -18.00000000000001776 ) ) ;
#273 = DIRECTION ( 'NONE',  ( -0.000000000000000000, -1.000000000000000000, -0.000000000000000000 ) ) ;
#274 = CARTESIAN_POINT ( 'NONE',  ( 49.05441203209388590, 15.86368142617079258, -0.05441203209390951812 ) ) ;
#275 = EDGE_CURVE ( 'NONE', #4685, #3329, #3659, .T. ) ;
#276 = ORIENTED_EDGE ( 'NONE', *, *, #497, .T. ) ;
#277 = AXIS2_PLACEMENT_3D ( 'NONE', #2189, #1742, #3752 ) ;
#278 = ADVANCED_FACE ( 'NONE', ( #609 ), #1782, .F. ) ;
#279 = DIRECTION ( 'NONE',  ( -7.049035076985119514E-15, -0.000000000000000000, -1.000000000000000000 ) ) ;
#280 = EDGE_CURVE ( 'NONE', #2768, #4996, #3730, .T. ) ;
#281 = LINE ( 'NONE', #1426, #3664 ) ;
#282 = ORIENTED_EDGE ( 'NONE', *, *, #3021, .T. ) ;
#283 = EDGE_CURVE ( 'NONE', #4507, #4955, #1205, .T. ) ;
#284 = ORIENTED_EDGE ( 'NONE', *, *, #4289, .F. ) ;
#285 = DIRECTION ( 'NONE',  ( -1.000000000000000000, 0.000000000000000000, 0.000000000000000000 ) ) ;
#286 = VERTEX_POINT ( 'NONE', #377 ) ;
#287 = CARTESIAN_POINT ( 'NONE',  ( 97.00000000000001421, 0.000000000000000000, 0.000000000000000000 ) ) ;
#288 = CARTESIAN_POINT ( 'NONE',  ( 55.34193818031445744, 0.000000000000000000, -65.35281030084921383 ) ) ;
#289 = DIRECTION ( 'NONE',  ( 0.000000000000000000, 0.000000000000000000, -1.000000000000000000 ) ) ;
#290 = CARTESIAN_POINT ( 'NONE',  ( 55.34193818031445744, 19.00000000000000000, -63.85281030084921383 ) ) ;
#291 = CARTESIAN_POINT ( 'NONE',  ( 28.50000000000001066, 20.00000000000000000, -55.25000000000000000 ) ) ;
#292 = EDGE_LOOP ( 'NONE', ( #2443, #3039 ) ) ;
#293 = FACE_BOUND ( 'NONE', #2375, .T. ) ;
#294 = FACE_OUTER_BOUND ( 'NONE', #578, .T. ) ;
#295 = DIRECTION ( 'NONE',  ( -0.000000000000000000, 1.000000000000000000, -0.000000000000000000 ) ) ;
#296 = DIRECTION ( 'NONE',  ( 2.973811673103097665E-16, 0.000000000000000000, 1.000000000000000000 ) ) ;
#297 = EDGE_CURVE ( 'NONE', #4292, #3013, #4256, .T. ) ;
#298 = EDGE_CURVE ( 'NONE', #1691, #2324, #683, .T. ) ;
#299 = CARTESIAN_POINT ( 'NONE',  ( 50.54136050969563598, 17.21724294928209176, -1.541360509695667957 ) ) ;
#300 = EDGE_LOOP ( 'NONE', ( #3776, #3507, #3890, #2839 ) ) ;
#301 = FACE_OUTER_BOUND ( 'NONE', #4318, .T. ) ;
#302 = DIRECTION ( 'NONE',  ( 0.000000000000000000, 1.000000000000000000, 0.000000000000000000 ) ) ;
#303 = AXIS2_PLACEMENT_3D ( 'NONE', #1864, #3433, #4987 ) ;
#304 = AXIS2_PLACEMENT_3D ( 'NONE', #1259, #1972, #4781 ) ;
#305 = ADVANCED_FACE ( 'NONE', ( #5029 ), #3084, .F. ) ;
#306 = ORIENTED_EDGE ( 'NONE', *, *, #407, .T. ) ;
#307 = VERTEX_POINT ( 'NONE', #5004 ) ;
#308 = CYLINDRICAL_SURFACE ( 'NONE', #5037, 1.500000000000001332 ) ;
#309 = CIRCLE ( 'NONE', #2757, 2.000000000000001776 ) ;
#310 = CARTESIAN_POINT ( 'NONE',  ( 53.17110884570521989, 20.00000000000000000, -69.11279700295335715 ) ) ;
#311 = EDGE_LOOP ( 'NONE', ( #4495, #4468, #1632, #855 ) ) ;
#312 = CYLINDRICAL_SURFACE ( 'NONE', #303, 1.500000000000001332 ) ;
#313 =( NAMED_UNIT ( * ) PLANE_ANGLE_UNIT ( ) SI_UNIT ( $, .RADIAN. ) );
#314 = CYLINDRICAL_SURFACE ( 'NONE', #2831, 1.500000000000001332 ) ;
#315 = DIRECTION ( 'NONE',  ( 1.000000000000000000, 0.000000000000000000, 0.000000000000000000 ) ) ;
#316 = DIRECTION ( 'NONE',  ( 0.000000000000000000, -1.000000000000000000, 0.000000000000000000 ) ) ;
#317 = ORIENTED_EDGE ( 'NONE', *, *, #4370, .T. ) ;
#318 = DIRECTION ( 'NONE',  ( -1.000000000000000000, -2.602085213965208275E-15, 0.000000000000000000 ) ) ;
#319 = AXIS2_PLACEMENT_3D ( 'NONE', #677, #4972, #4195 ) ;
#320 = DIRECTION ( 'NONE',  ( 0.000000000000000000, 1.000000000000000000, 0.000000000000000000 ) ) ;
#321 = DIRECTION ( 'NONE',  ( 0.000000000000000000, -1.000000000000000000, 0.000000000000000000 ) ) ;
#322 = DIRECTION ( 'NONE',  ( -0.000000000000000000, 1.000000000000000000, 0.000000000000000000 ) ) ;
#323 = CARTESIAN_POINT ( 'NONE',  ( 50.19249003393922237, 19.72622611658823288, -3.368195264475773776 ) ) ;
#324 = VECTOR ( 'NONE', #3871, 1000.000000000000000 ) ;
#325 = ORIENTED_EDGE ( 'NONE', *, *, #671, .T. ) ;
#326 = LINE ( 'NONE', #2364, #2120 ) ;
#327 = CARTESIAN_POINT ( 'NONE',  ( 82.00000000000001421, 14.00000000000000000, -7.000000000000000000 ) ) ;
#328 = AXIS2_PLACEMENT_3D ( 'NONE', #4849, #4070, #2899 ) ;
#329 = APPLICATION_CONTEXT ( 'automotive_design' ) ;
#330 = DIRECTION ( 'NONE',  ( 0.000000000000000000, -1.000000000000000000, 0.000000000000000000 ) ) ;
#331 = ORIENTED_EDGE ( 'NONE', *, *, #3203, .T. ) ;
#332 = AXIS2_PLACEMENT_3D ( 'NONE', #3948, #1946, #1998 ) ;
#333 = ORIENTED_EDGE ( 'NONE', *, *, #4130, .F. ) ;
#334 = DIRECTION ( 'NONE',  ( -0.000000000000000000, -1.000000000000000000, -0.000000000000000000 ) ) ;
#335 = CARTESIAN_POINT ( 'NONE',  ( 84.98162883070607165, 17.55796977632590838, -2.018371169293988743 ) ) ;
#336 = EDGE_CURVE ( 'NONE', #2462, #3138, #4386, .T. ) ;
#337 = ORIENTED_EDGE ( 'NONE', *, *, #3343, .T. ) ;
#338 = CARTESIAN_POINT ( 'NONE',  ( 44.48779150726828391, 19.00000000000000000, -69.11279700295332873 ) ) ;
#339 = CIRCLE ( 'NONE', #4837, 1.500000000000001332 ) ;
#340 = LINE ( 'NONE', #2250, #1930 ) ;
#341 = EDGE_CURVE ( 'NONE', #2913, #4351, #2420, .T. ) ;
#342 = EDGE_CURVE ( 'NONE', #2937, #3052, #2178, .T. ) ;
#343 = DIRECTION ( 'NONE',  ( 0.000000000000000000, 0.000000000000000000, -1.000000000000000000 ) ) ;
#344 = DIRECTION ( 'NONE',  ( 0.000000000000000000, -1.000000000000000000, -0.000000000000000000 ) ) ;
#345 = VECTOR ( 'NONE', #1269, 1000.000000000000000 ) ;
#346 = ORIENTED_EDGE ( 'NONE', *, *, #3311, .F. ) ;
#347 = CARTESIAN_POINT ( 'NONE',  ( 59.68359684953292543, 0.000000000000000000, -62.35281030084921383 ) ) ;
#348 = CARTESIAN_POINT ( 'NONE',  ( 24.06377566595255857, 14.03153024161507467, -17.58237072139174728 ) ) ;
#349 = CARTESIAN_POINT ( 'NONE',  ( 48.70909507938320360, 3.709095079383139204, 8.644016311645671099E-17 ) ) ;
#350 = DIRECTION ( 'NONE',  ( -0.000000000000000000, 1.000000000000000000, -0.000000000000000000 ) ) ;
#351 = DIRECTION ( 'NONE',  ( 7.049035076985119514E-15, 0.000000000000000000, 1.000000000000000000 ) ) ;
#352 = ORIENTED_EDGE ( 'NONE', *, *, #3590, .T. ) ;
#353 = CYLINDRICAL_SURFACE ( 'NONE', #4818, 5.000000000000000888 ) ;
#354 = CARTESIAN_POINT ( 'NONE',  ( 77.49999999999987210, 20.00000000000000000, -50.75000000000015632 ) ) ;
#355 = CARTESIAN_POINT ( 'NONE',  ( 47.16786428142214760, 19.00000000000000000, -55.25000000000000000 ) ) ;
#356 = CIRCLE ( 'NONE', #1172, 12.49999999999999645 ) ;
#357 = ORIENTED_EDGE ( 'NONE', *, *, #5025, .T. ) ;
#358 = ORIENTED_EDGE ( 'NONE', *, *, #1717, .F. ) ;
#359 = EDGE_CURVE ( 'NONE', #2427, #1999, #3826, .T. ) ;
#360 = CARTESIAN_POINT ( 'NONE',  ( 37.97530350344057837, 20.00000000000000000, -72.87278370505748626 ) ) ;
#361 = ADVANCED_FACE ( 'NONE', ( #301 ), #656, .T. ) ;
#362 = ORIENTED_EDGE ( 'NONE', *, *, #2465, .T. ) ;
#363 = CARTESIAN_POINT ( 'NONE',  ( 53.17110884570521989, 19.00000000000000000, -75.13277040716165800 ) ) ;
#364 = CARTESIAN_POINT ( 'NONE',  ( 0.000000000000000000, 14.00000000000000000, -6.000000000000000000 ) ) ;
#365 = LINE ( 'NONE', #1840, #1945 ) ;
#366 = DIRECTION ( 'NONE',  ( -0.000000000000000000, 1.000000000000000000, -0.000000000000000000 ) ) ;
#367 = CARTESIAN_POINT ( 'NONE',  ( 37.97530350344057837, 20.00000000000000000, -71.37278370505748626 ) ) ;
#368 = ORIENTED_EDGE ( 'NONE', *, *, #1036, .F. ) ;
#369 = EDGE_CURVE ( 'NONE', #1096, #2937, #2701, .T. ) ;
#370 = FACE_BOUND ( 'NONE', #3908, .T. ) ;
#371 = PLANE ( 'NONE',  #2766 ) ;
#372 = CYLINDRICAL_SURFACE ( 'NONE', #814, 7.500000000000007105 ) ;
#373 = CARTESIAN_POINT ( 'NONE',  ( 40.57292174796869944, 19.00000000000000000, -67.25000000000000000 ) ) ;
#374 = DIRECTION ( 'NONE',  ( 0.000000000000000000, 0.000000000000000000, -1.000000000000000000 ) ) ;
#375 = VERTEX_POINT ( 'NONE', #4614 ) ;
#376 = LINE ( 'NONE', #1193, #2602 ) ;
#377 = CARTESIAN_POINT ( 'NONE',  ( 49.58578643762689353, 15.00000000000000355, -0.5857864376269098505 ) ) ;
#378 = FACE_OUTER_BOUND ( 'NONE', #3529, .T. ) ;
#379 = B_SPLINE_CURVE_WITH_KNOTS ( 'NONE', 3,
 ( #1360, #4916, #265, #2557, #4845, #217, #2153, #4525, #2994, #955, #2200, #3355, #2970, #2128, #2512, #1024, #3693, #4068 ),
 .UNSPECIFIED., .F., .F.,
 ( 4, 2, 2, 2, 2, 2, 2, 2, 4 ),
 ( 6.539862923110882674E-05, 0.0005781144333605479826, 0.001090830237489986976, 0.001603546041619425969, 0.002116261845748865396, 0.002628977649878304606, 0.003141693454007743382, 0.003654409258137182592, 0.004167125062266621369 ),
 .UNSPECIFIED. ) ;
#380 = ORIENTED_EDGE ( 'NONE', *, *, #4616, .T. ) ;
#381 = VERTEX_POINT ( 'NONE', #1093 ) ;
#382 = CIRCLE ( 'NONE', #52, 1.500000000000001332 ) ;
#383 = AXIS2_PLACEMENT_3D ( 'NONE', #3408, #1536, #1915 ) ;
#384 = CARTESIAN_POINT ( 'NONE',  ( 44.48779150726828391, 20.00000000000000000, -66.11279700295332873 ) ) ;
#385 = ORIENTED_EDGE ( 'NONE', *, *, #4055, .T. ) ;
#386 = ORIENTED_EDGE ( 'NONE', *, *, #1671, .F. ) ;
#387 = AXIS2_PLACEMENT_3D ( 'NONE', #1986, #1222, #1429 ) ;
#388 = EDGE_CURVE ( 'NONE', #4273, #3824, #3475, .T. ) ;
#389 = DIRECTION ( 'NONE',  ( 0.000000000000000000, 0.000000000000000000, -1.000000000000000000 ) ) ;
#390 = ORIENTED_EDGE ( 'NONE', *, *, #1831, .T. ) ;
#391 = DIRECTION ( 'NONE',  ( 0.000000000000000000, 0.000000000000000000, -1.000000000000000000 ) ) ;
#392 = DIRECTION ( 'NONE',  ( -1.000000000000000000, 0.000000000000000000, 0.000000000000000000 ) ) ;
#393 = CARTESIAN_POINT ( 'NONE',  ( 55.34193818031445744, 19.00000000000000000, -80.39275710926580132 ) ) ;
#394 = AXIS2_PLACEMENT_3D ( 'NONE', #1448, #3011, #1066 ) ;
#395 = ORIENTED_EDGE ( 'NONE', *, *, #1492, .F. ) ;
#396 = ORIENTED_EDGE ( 'NONE', *, *, #3125, .F. ) ;
#397 = CARTESIAN_POINT ( 'NONE',  ( 33.00000000000014211, 19.00000000000000000, -16.24999999999982592 ) ) ;
#398 = CARTESIAN_POINT ( 'NONE',  ( 24.84249924104257801, 14.18077229569909115, -18.00000000000002132 ) ) ;
#399 = CARTESIAN_POINT ( 'NONE',  ( 59.68359684953292543, 20.00000000000000000, -71.37278370505751468 ) ) ;
#400 = CARTESIAN_POINT ( 'NONE',  ( 25.62011689623582100, 14.46889168616900712, -54.34699945678476496 ) ) ;
#401 = AXIS2_PLACEMENT_3D ( 'NONE', #4687, #2003, #63 ) ;
#402 = ORIENTED_EDGE ( 'NONE', *, *, #3393, .T. ) ;
#403 = CARTESIAN_POINT ( 'NONE',  ( 44.48779150726828391, 0.000000000000000000, -73.63277040716162958 ) ) ;
#404 = ORIENTED_EDGE ( 'NONE', *, *, #4920, .F. ) ;
#405 = CARTESIAN_POINT ( 'NONE',  ( 0.000000000000000000, 14.00000000000000000, -134.0000000000000000 ) ) ;
#406 = EDGE_CURVE ( 'NONE', #4674, #941, #3498, .T. ) ;
#407 = EDGE_CURVE ( 'NONE', #1173, #4955, #3799, .T. ) ;
#408 = EDGE_CURVE ( 'NONE', #2740, #381, #3113, .T. ) ;
#409 = AXIS2_PLACEMENT_3D ( 'NONE', #2666, #4303, #3491 ) ;
#410 = CARTESIAN_POINT ( 'NONE',  ( 55.34193818031445744, 20.00000000000000000, -65.35281030084921383 ) ) ;
#411 = EDGE_CURVE ( 'NONE', #3900, #2574, #2649, .T. ) ;
#412 = VERTEX_POINT ( 'NONE', #4153 ) ;
#413 = AXIS2_PLACEMENT_3D ( 'NONE', #4439, #4746, #2881 ) ;
#414 = ORIENTED_EDGE ( 'NONE', *, *, #4321, .T. ) ;
#415 = DIRECTION ( 'NONE',  ( 0.000000000000000000, -1.000000000000000000, 0.000000000000000000 ) ) ;
#416 = VERTEX_POINT ( 'NONE', #1446 ) ;
#417 = VERTEX_POINT ( 'NONE', #3009 ) ;
#418 = CARTESIAN_POINT ( 'NONE',  ( 26.08178627900862878, 14.71742228812048836, -16.10174131205565473 ) ) ;
#419 = VECTOR ( 'NONE', #1006, 1000.000000000000000 ) ;
#420 = DIRECTION ( 'NONE',  ( 0.000000000000000000, 0.000000000000000000, -1.000000000000000000 ) ) ;
#421 = CARTESIAN_POINT ( 'NONE',  ( 86.87285305267492674, 18.69540491546927896, -1.592623453447801429 ) ) ;
#422 = ORIENTED_EDGE ( 'NONE', *, *, #1422, .T. ) ;
#423 = AXIS2_PLACEMENT_3D ( 'NONE', #3467, #1575, #2255 ) ;
#424 = ORIENTED_EDGE ( 'NONE', *, *, #2400, .F. ) ;
#425 = DIRECTION ( 'NONE',  ( -1.000000000000000000, -0.000000000000000000, -0.000000000000000000 ) ) ;
#426 = CARTESIAN_POINT ( 'NONE',  ( 89.49999999999998579, 15.00000000000000000, -132.5000000000000000 ) ) ;
#427 = DIRECTION ( 'NONE',  ( 0.000000000000000000, 0.000000000000000000, 1.000000000000000000 ) ) ;
#428 = VECTOR ( 'NONE', #37, 1000.000000000000000 ) ;
#429 = CARTESIAN_POINT ( 'NONE',  ( 26.25028349938944672, 14.82436342701864973, -53.08028248448302122 ) ) ;
#430 = ORIENTED_EDGE ( 'NONE', *, *, #4491, .T. ) ;
#431 = CARTESIAN_POINT ( 'NONE',  ( 4.999999999999974243, 15.00000000000000000, -132.5000000000000000 ) ) ;
#432 = ORIENTED_EDGE ( 'NONE', *, *, #2645, .T. ) ;
#433 = FACE_OUTER_BOUND ( 'NONE', #3432, .T. ) ;
#434 = CARTESIAN_POINT ( 'NONE',  ( 32.10952922903808116, 14.00000000000000000, -73.25000000000000000 ) ) ;
#435 = DIRECTION ( 'NONE',  ( 0.000000000000000000, 1.000000000000000000, 0.000000000000000000 ) ) ;
#436 = EDGE_CURVE ( 'NONE', #595, #2681, #4566, .T. ) ;
#437 = AXIS2_PLACEMENT_3D ( 'NONE', #3677, #206, #154 ) ;
#438 = ORIENTED_EDGE ( 'NONE', *, *, #4159, .T. ) ;
#439 = EDGE_CURVE ( 'NONE', #1855, #4699, #3231, .T. ) ;
#440 = CARTESIAN_POINT ( 'NONE',  ( 40.02502783967819511, 19.00000000000000000, -77.25000000000000000 ) ) ;
#441 = ORIENTED_EDGE ( 'NONE', *, *, #563, .T. ) ;
#442 = ORIENTED_EDGE ( 'NONE', *, *, #2742, .T. ) ;
#443 = CARTESIAN_POINT ( 'NONE',  ( 26.25049258880158121, 14.82450112270931442, -16.58159540838947166 ) ) ;
#444 =( NAMED_UNIT ( * ) SI_UNIT ( $, .STERADIAN. ) SOLID_ANGLE_UNIT ( ) );
#445 = CARTESIAN_POINT ( 'NONE',  ( 86.41421356237314910, 4.585786437626867773, -0.5857864376269126261 ) ) ;
#446 = DIRECTION ( 'NONE',  ( 0.000000000000000000, 0.000000000000000000, 1.000000000000000000 ) ) ;
#447 = ORIENTED_EDGE ( 'NONE', *, *, #667, .T. ) ;
#448 = ORIENTED_EDGE ( 'NONE', *, *, #4834, .T. ) ;
#449 = LINE ( 'NONE', #1317, #2624 ) ;
#450 = FACE_BOUND ( 'NONE', #204, .T. ) ;
#451 = CARTESIAN_POINT ( 'NONE',  ( 51.25000000000001421, 14.00000000000000000, -59.25000000000000000 ) ) ;
#452 = FACE_OUTER_BOUND ( 'NONE', #1886, .T. ) ;
#453 = ORIENTED_EDGE ( 'NONE', *, *, #4277, .F. ) ;
#454 = LINE ( 'NONE', #476, #490 ) ;
#455 = VERTEX_POINT ( 'NONE', #2755 ) ;
#456 = ADVANCED_FACE ( 'NONE', ( #123 ), #2568, .T. ) ;
#457 = CARTESIAN_POINT ( 'NONE',  ( 87.50000000000001421, 14.23030399291523374, -15.49999999999987388 ) ) ;
#458 = CYLINDRICAL_SURFACE ( 'NONE', #2163, 1.500000000000001332 ) ;
#459 = CARTESIAN_POINT ( 'NONE',  ( 74.49999999999985789, 20.00000000000000000, -53.75000000000012790 ) ) ;
#460 = VERTEX_POINT ( 'NONE', #895 ) ;
#461 = EDGE_LOOP ( 'NONE', ( #3725, #1890, #3316, #3457 ) ) ;
#462 = ORIENTED_EDGE ( 'NONE', *, *, #1547, .T. ) ;
#463 = DIRECTION ( 'NONE',  ( 0.000000000000000000, 0.000000000000000000, 1.000000000000000000 ) ) ;
#464 = CIRCLE ( 'NONE', #4620, 1.250000000000001110 ) ;
#465 = DIRECTION ( 'NONE',  ( 0.000000000000000000, -1.000000000000000000, 0.000000000000000000 ) ) ;
#466 = EDGE_CURVE ( 'NONE', #2529, #2068, #1099, .T. ) ;
#467 = CARTESIAN_POINT ( 'NONE',  ( 51.25000000000001421, 14.00000000000000000, -84.24999999999998579 ) ) ;
#468 = CIRCLE ( 'NONE', #1771, 1.500000000000001332 ) ;
#469 = ORIENTED_EDGE ( 'NONE', *, *, #3758, .T. ) ;
#470 = VERTEX_POINT ( 'NONE', #71 ) ;
#471 = DIRECTION ( 'NONE',  ( 0.000000000000000000, 0.000000000000000000, 1.000000000000000000 ) ) ;
#472 = CARTESIAN_POINT ( 'NONE',  ( 42.28125426829370781, 19.00000000000000000, -66.29000000000000625 ) ) ;
#473 = CARTESIAN_POINT ( 'NONE',  ( 25.00000000000000711, 19.00000000000000000, -18.00000000000001421 ) ) ;
#474 = DIRECTION ( 'NONE',  ( 0.000000000000000000, 0.000000000000000000, 1.000000000000000000 ) ) ;
#475 = ORIENTED_EDGE ( 'NONE', *, *, #4291, .T. ) ;
#476 = CARTESIAN_POINT ( 'NONE',  ( 7.499999999999973355, 20.00000000000000000, -140.0000000000000000 ) ) ;
#477 = ORIENTED_EDGE ( 'NONE', *, *, #4262, .T. ) ;
#478 = CARTESIAN_POINT ( 'NONE',  ( 30.00000000000012434, 19.00000000000000000, -19.24999999999980815 ) ) ;
#479 = DIRECTION ( 'NONE',  ( 0.000000000000000000, -1.000000000000000000, 0.000000000000000000 ) ) ;
#480 = CYLINDRICAL_SURFACE ( 'NONE', #1067, 2.000000000000001776 ) ;
#481 = CIRCLE ( 'NONE', #2271, 1.500000000000001332 ) ;
#482 = VERTEX_POINT ( 'NONE', #434 ) ;
#483 = CARTESIAN_POINT ( 'NONE',  ( 25.00000000000000711, 19.00000000000000000, -15.50000000000001066 ) ) ;
#484 = VECTOR ( 'NONE', #1979, 1000.000000000000000 ) ;
#485 = ADVANCED_FACE ( 'NONE', ( #1586 ), #458, .F. ) ;
#486 = AXIS2_PLACEMENT_3D ( 'NONE', #1628, #1729, #3646 ) ;
#487 = VERTEX_POINT ( 'NONE', #2035 ) ;
#488 = VERTEX_POINT ( 'NONE', #4798 ) ;
#489 = CARTESIAN_POINT ( 'NONE',  ( 25.00000000000000711, 14.23030399291527281, -15.50000000000000888 ) ) ;
#490 = VECTOR ( 'NONE', #3720, 1000.000000000000000 ) ;
#491 = EDGE_CURVE ( 'NONE', #3329, #1581, #3525, .T. ) ;
#492 = FACE_OUTER_BOUND ( 'NONE', #2184, .T. ) ;
#493 = DIRECTION ( 'NONE',  ( 0.000000000000000000, -1.000000000000000000, 0.000000000000000000 ) ) ;
#494 = ORIENTED_EDGE ( 'NONE', *, *, #157, .F. ) ;
#495 = ORIENTED_EDGE ( 'NONE', *, *, #4027, .T. ) ;
#496 = VECTOR ( 'NONE', #4862, 1000.000000000000000 ) ;
#497 = EDGE_CURVE ( 'NONE', #2696, #4844, #817, .T. ) ;
#498 = DIRECTION ( 'NONE',  ( 0.000000000000000000, 1.000000000000000000, 0.000000000000000000 ) ) ;
#499 = FACE_OUTER_BOUND ( 'NONE', #1016, .T. ) ;
#500 = DIRECTION ( 'NONE',  ( 0.000000000000000000, -1.000000000000000000, 0.000000000000000000 ) ) ;
#501 = ADVANCED_FACE ( 'NONE', ( #2804 ), #1636, .F. ) ;
#502 = CIRCLE ( 'NONE', #989, 5.000000000000000000 ) ;
#503 = CARTESIAN_POINT ( 'NONE',  ( 68.36691418796985431, 20.00000000000000000, -69.87278370505750047 ) ) ;
#504 = VECTOR ( 'NONE', #3121, 1000.000000000000000 ) ;
#505 = AXIS2_PLACEMENT_3D ( 'NONE', #672, #2921, #1770 ) ;
#506 = ORIENTED_EDGE ( 'NONE', *, *, #4201, .T. ) ;
#507 = ORIENTED_EDGE ( 'NONE', *, *, #2108, .F. ) ;
#508 = CARTESIAN_POINT ( 'NONE',  ( 50.36163660682381504, 13.99999999999546674, -59.25000000002219025 ) ) ;
#509 = ORIENTED_EDGE ( 'NONE', *, *, #3106, .F. ) ;
#510 = DIRECTION ( 'NONE',  ( 0.000000000000000000, 0.000000000000000000, 1.000000000000000000 ) ) ;
#511 = DIRECTION ( 'NONE',  ( 0.000000000000000000, 1.000000000000000000, 0.000000000000000000 ) ) ;
#512 = VECTOR ( 'NONE', #1740, 1000.000000000000000 ) ;
#513 = DIRECTION ( 'NONE',  ( 0.000000000000000000, 0.000000000000000000, -1.000000000000000000 ) ) ;
#514 = CIRCLE ( 'NONE', #1484, 1.500000000000001332 ) ;
#515 = ORIENTED_EDGE ( 'NONE', *, *, #2710, .T. ) ;
#516 = CYLINDRICAL_SURFACE ( 'NONE', #112, 1.500000000000001332 ) ;
#517 = ORIENTED_EDGE ( 'NONE', *, *, #2019, .F. ) ;
#518 = ORIENTED_EDGE ( 'NONE', *, *, #1980, .T. ) ;
#519 = LINE ( 'NONE', #3583, #958 ) ;
#520 = EDGE_CURVE ( 'NONE', #4482, #69, #4152, .T. ) ;
#521 = EDGE_CURVE ( 'NONE', #4378, #2254, #1987, .T. ) ;
#522 = DIRECTION ( 'NONE',  ( 0.000000000000000000, 0.000000000000000000, -1.000000000000000000 ) ) ;
#523 = CARTESIAN_POINT ( 'NONE',  ( 25.00000000000001066, 19.00000000000000000, -53.24999999999999289 ) ) ;
#524 = ORIENTED_EDGE ( 'NONE', *, *, #1135, .T. ) ;
#525 = VERTEX_POINT ( 'NONE', #1662 ) ;
#526 = AXIS2_PLACEMENT_3D ( 'NONE', #3345, #2594, #4857 ) ;
#527 = CARTESIAN_POINT ( 'NONE',  ( 28.50000000000001066, 19.00000000000000000, -55.25000000000000000 ) ) ;
#528 = DIRECTION ( 'NONE',  ( 0.000000000000000000, 0.000000000000000000, 1.000000000000000000 ) ) ;
#529 = CARTESIAN_POINT ( 'NONE',  ( 82.00000000000001421, 14.00000000000000000, -6.000000000000000000 ) ) ;
#530 = CARTESIAN_POINT ( 'NONE',  ( 25.98541936141859310, 14.65952590816233148, -52.46445783519430250 ) ) ;
#531 = ORIENTED_EDGE ( 'NONE', *, *, #4834, .F. ) ;
#532 = ORIENTED_EDGE ( 'NONE', *, *, #5018, .T. ) ;
#533 = DIRECTION ( 'NONE',  ( 0.000000000000000000, -1.000000000000000000, 0.000000000000000000 ) ) ;
#534 = VERTEX_POINT ( 'NONE', #4723 ) ;
#535 = CYLINDRICAL_SURFACE ( 'NONE', #3750, 2.000000000000001776 ) ;
#536 = CARTESIAN_POINT ( 'NONE',  ( 87.50000000000001421, 14.23030399291527281, -18.00000000000001066 ) ) ;
#537 = DIRECTION ( 'NONE',  ( 0.000000000000000000, -1.000000000000000000, 0.000000000000000000 ) ) ;
#538 = ORIENTED_EDGE ( 'NONE', *, *, #4344, .F. ) ;
#539 = CARTESIAN_POINT ( 'NONE',  ( 44.48779150726828391, 19.00000000000000000, -75.13277040716162958 ) ) ;
#540 = ORIENTED_EDGE ( 'NONE', *, *, #4715, .T. ) ;
#541 = DIRECTION ( 'NONE',  ( 7.049035076985118725E-15, 0.000000000000000000, 1.000000000000000000 ) ) ;
#542 = CARTESIAN_POINT ( 'NONE',  ( 77.49999999999987210, 19.00000000000000000, -50.75000000000015632 ) ) ;
#543 = FACE_OUTER_BOUND ( 'NONE', #5002, .T. ) ;
#544 = EDGE_CURVE ( 'NONE', #381, #2409, #3273, .T. ) ;
#545 = ORIENTED_EDGE ( 'NONE', *, *, #2196, .F. ) ;
#546 = DIRECTION ( 'NONE',  ( 0.000000000000000000, -1.000000000000000000, 0.000000000000000000 ) ) ;
#547 = CARTESIAN_POINT ( 'NONE',  ( 24.38330866675732977, 14.07815614479049238, -52.15965939290799724 ) ) ;
#548 = DIRECTION ( 'NONE',  ( -0.000000000000000000, 1.000000000000000000, -0.000000000000000000 ) ) ;
#549 = VECTOR ( 'NONE', #4064, 1000.000000000000000 ) ;
#550 = CARTESIAN_POINT ( 'NONE',  ( 87.50000000000001421, 19.00000000000000000, -54.49999999999999289 ) ) ;
#551 = ORIENTED_EDGE ( 'NONE', *, *, #3922, .F. ) ;
#552 = VECTOR ( 'NONE', #2549, 1000.000000000000000 ) ;
#553 = EDGE_LOOP ( 'NONE', ( #2640, #4415 ) ) ;
#554 = CARTESIAN_POINT ( 'NONE',  ( 49.61680321836065843, 18.91911375861345590, -55.24999999999999289 ) ) ;
#555 = EDGE_LOOP ( 'NONE', ( #2632, #2815, #1409, #3631 ) ) ;
#556 = TOROIDAL_SURFACE ( 'NONE', #4304, 12.49999999999999467, 2.000000000000000000 ) ;
#557 = CARTESIAN_POINT ( 'NONE',  ( 59.68359684953292543, 0.000000000000000000, -78.89275710926580132 ) ) ;
#558 = CARTESIAN_POINT ( 'NONE',  ( 88.58107777501258795, 14.01736478869985092, -16.11711318191347075 ) ) ;
#559 = CARTESIAN_POINT ( 'NONE',  ( 37.97530350344057837, 19.00000000000000000, -71.37278370505748626 ) ) ;
#560 = EDGE_CURVE ( 'NONE', #4030, #2344, #3246, .T. ) ;
#561 = EDGE_CURVE ( 'NONE', #1008, #2103, #134, .T. ) ;
#562 = CYLINDRICAL_SURFACE ( 'NONE', #4928, 2.000000000000001776 ) ;
#563 = EDGE_CURVE ( 'NONE', #455, #1325, #843, .T. ) ;
#564 = EDGE_CURVE ( 'NONE', #3174, #3413, #3662, .T. ) ;
#565 = EDGE_CURVE ( 'NONE', #3198, #910, #1853, .T. ) ;
#566 = EDGE_LOOP ( 'NONE', ( #4188, #2464, #3861, #173 ) ) ;
#567 = ORIENTED_EDGE ( 'NONE', *, *, #1443, .F. ) ;
#568 = CYLINDRICAL_SURFACE ( 'NONE', #3732, 1.250000000000001110 ) ;
#569 = AXIS2_PLACEMENT_3D ( 'NONE', #2746, #1603, #3518 ) ;
#570 = CARTESIAN_POINT ( 'NONE',  ( 86.73448611270883646, 16.69806194885337902, -0.2655138872926712801 ) ) ;
#571 = VERTEX_POINT ( 'NONE', #3633 ) ;
#572 = DIRECTION ( 'NONE',  ( 0.000000000000000000, 0.000000000000000000, -1.000000000000000000 ) ) ;
#573 = VECTOR ( 'NONE', #4668, 1000.000000000000000 ) ;
#574 = DIRECTION ( 'NONE',  ( 1.000000000000000000, -0.000000000000000000, -0.000000000000000000 ) ) ;
#575 = FACE_OUTER_BOUND ( 'NONE', #300, .T. ) ;
#576 = CARTESIAN_POINT ( 'NONE',  ( -2.626866977907736502E-14, 20.00000000000000000, -132.5000000000000000 ) ) ;
#577 = VECTOR ( 'NONE', #2586, 1000.000000000000000 ) ;
#578 = EDGE_LOOP ( 'NONE', ( #3536, #3269, #3170, #3201 ) ) ;
#579 = CARTESIAN_POINT ( 'NONE',  ( 34.10952922903808116, 19.00000000000000000, -75.25000000000000000 ) ) ;
#580 = ORIENTED_EDGE ( 'NONE', *, *, #4344, .T. ) ;
#581 = CARTESIAN_POINT ( 'NONE',  ( 53.17110884570521989, 19.00000000000000000, -67.61279700295335715 ) ) ;
#582 = CARTESIAN_POINT ( 'NONE',  ( 87.50000000000001421, 14.23030399291523374, -15.49999999999987388 ) ) ;
#583 = VECTOR ( 'NONE', #3783, 1000.000000000000000 ) ;
#584 = CARTESIAN_POINT ( 'NONE',  ( 55.34193818031445744, 19.00000000000000000, -69.87278370505750047 ) ) ;
#585 = VECTOR ( 'NONE', #351, 1000.000000000000000 ) ;
#586 = AXIS2_PLACEMENT_3D ( 'NONE', #2998, #2973, #4528 ) ;
#587 = DIRECTION ( 'NONE',  ( -0.000000000000000000, 1.000000000000000000, -0.000000000000000000 ) ) ;
#588 = AXIS2_PLACEMENT_3D ( 'NONE', #2058, #4791, #916 ) ;
#589 = EDGE_CURVE ( 'NONE', #1417, #4206, #4393, .T. ) ;
#590 = VERTEX_POINT ( 'NONE', #4899 ) ;
#591 = ADVANCED_FACE ( 'NONE', ( #2115 ), #923, .F. ) ;
#592 = ORIENTED_EDGE ( 'NONE', *, *, #680, .F. ) ;
#593 = CARTESIAN_POINT ( 'NONE',  ( 89.50000000000002842, 20.00000000000000000, 0.000000000000000000 ) ) ;
#594 = CARTESIAN_POINT ( 'NONE',  ( 96.99999999999997158, 0.000000000000000000, -132.5000000000000000 ) ) ;
#595 = VERTEX_POINT ( 'NONE', #3702 ) ;
#596 = FACE_OUTER_BOUND ( 'NONE', #4519, .T. ) ;
#597 = CARTESIAN_POINT ( 'NONE',  ( 23.79112912942304092, 14.00845590966433996, -52.92143295704175188 ) ) ;
#598 = FACE_OUTER_BOUND ( 'NONE', #4628, .T. ) ;
#599 = DIRECTION ( 'NONE',  ( 0.000000000000000000, -1.000000000000000000, 0.000000000000000000 ) ) ;
#600 = CIRCLE ( 'NONE', #2967, 2.499999999999998668 ) ;
#601 = ORIENTED_EDGE ( 'NONE', *, *, #3058, .T. ) ;
#602 = DIRECTION ( 'NONE',  ( 0.000000000000000000, 1.000000000000000000, 0.000000000000000000 ) ) ;
#603 = VERTEX_POINT ( 'NONE', #3340 ) ;
#604 = CARTESIAN_POINT ( 'NONE',  ( 61.25000000000002132, 13.99999999999999822, -59.25000000000000000 ) ) ;
#605 = CARTESIAN_POINT ( 'NONE',  ( 87.81780509339026253, 14.13931535344061885, -15.53013777344564517 ) ) ;
#606 = CARTESIAN_POINT ( 'NONE',  ( 64.02525551875139342, 19.00000000000000000, -63.85281030084921383 ) ) ;
#607 = ADVANCED_FACE ( 'NONE', ( #1802 ), #1009, .F. ) ;
#608 = EDGE_LOOP ( 'NONE', ( #385, #4557, #2076, #2837 ) ) ;
#609 = FACE_OUTER_BOUND ( 'NONE', #4406, .T. ) ;
#610 = ORIENTED_EDGE ( 'NONE', *, *, #1268, .F. ) ;
#611 = AXIS2_PLACEMENT_3D ( 'NONE', #2672, #732, #4977 ) ;
#612 = VERTEX_POINT ( 'NONE', #2161 ) ;
#613 = CARTESIAN_POINT ( 'NONE',  ( 29.99999999999990052, 19.00000000000000000, -50.74999999999981526 ) ) ;
#614 = CARTESIAN_POINT ( 'NONE',  ( 66.19608485336061676, 20.00000000000000000, -66.11279700295335715 ) ) ;
#615 = ORIENTED_EDGE ( 'NONE', *, *, #776, .T. ) ;
#616 = CARTESIAN_POINT ( 'NONE',  ( 91.00000000000001421, 14.00000000000000000, -6.000000000000000000 ) ) ;
#617 = ADVANCED_FACE ( 'NONE', ( #1738 ), #1327, .T. ) ;
#618 = CARTESIAN_POINT ( 'NONE',  ( 24.68412080979485168, 14.14156239285312822, -52.03793964479390866 ) ) ;
#619 = DIRECTION ( 'NONE',  ( -0.000000000000000000, 1.000000000000000000, -0.000000000000000000 ) ) ;
#620 = DIRECTION ( 'NONE',  ( 0.000000000000000000, 0.000000000000000000, 1.000000000000000000 ) ) ;
#621 = ORIENTED_EDGE ( 'NONE', *, *, #3042, .T. ) ;
#622 = DIRECTION ( 'NONE',  ( 0.000000000000000000, 1.000000000000000000, 0.000000000000000000 ) ) ;
#623 = EDGE_LOOP ( 'NONE', ( #2439, #4446, #4530, #3705 ) ) ;
#624 = CARTESIAN_POINT ( 'NONE',  ( 87.17453405788950249, 14.34237122336599235, -17.96738573094819813 ) ) ;
#625 = CARTESIAN_POINT ( 'NONE',  ( 51.00027951109598945, 0.000000000000000000, -78.89275710926580132 ) ) ;
#626 = CARTESIAN_POINT ( 'NONE',  ( 50.08568626647211630, 18.21589557425520667, -1.085686266471185046 ) ) ;
#627 = CIRCLE ( 'NONE', #3493, 1.500000000000001332 ) ;
#628 = VERTEX_POINT ( 'NONE', #2884 ) ;
#629 = DIRECTION ( 'NONE',  ( 0.000000000000000000, 0.000000000000000000, -1.000000000000000000 ) ) ;
#630 = CARTESIAN_POINT ( 'NONE',  ( 51.00027951109598945, 20.00000000000000000, -63.85281030084918541 ) ) ;
#631 = ORIENTED_EDGE ( 'NONE', *, *, #124, .T. ) ;
#632 = ORIENTED_EDGE ( 'NONE', *, *, #1401, .T. ) ;
#633 = CARTESIAN_POINT ( 'NONE',  ( 87.50000000000001421, 19.00000000000000000, -15.50000000000001421 ) ) ;
#634 = EDGE_CURVE ( 'NONE', #4206, #1368, #4054, .T. ) ;
#635 = DIRECTION ( 'NONE',  ( 0.000000000000000000, -1.000000000000000000, -0.000000000000000000 ) ) ;
#636 = CIRCLE ( 'NONE', #2595, 1.500000000000001332 ) ;
#637 = ORIENTED_EDGE ( 'NONE', *, *, #3363, .T. ) ;
#638 = CARTESIAN_POINT ( 'NONE',  ( 7.499999999999973355, 20.00000000000000000, -135.0000000000000000 ) ) ;
#639 = DIRECTION ( 'NONE',  ( -1.982541115402065110E-16, 0.000000000000000000, -1.000000000000000000 ) ) ;
#640 = DIRECTION ( 'NONE',  ( 0.000000000000000000, 1.000000000000000000, 0.000000000000000000 ) ) ;
#641 = ADVANCED_FACE ( 'NONE', ( #2477 ), #3367, .F. ) ;
#642 = CIRCLE ( 'NONE', #3586, 1.250000000000001110 ) ;
#643 = CARTESIAN_POINT ( 'NONE',  ( 59.68359684953292543, 19.00000000000000000, -72.87278370505751468 ) ) ;
#644 = CARTESIAN_POINT ( 'NONE',  ( 48.82945017648675190, 0.000000000000000000, -69.11279700295332873 ) ) ;
#645 = ADVANCED_FACE ( 'NONE', ( #988 ), #3653, .F. ) ;
#646 = ORIENTED_EDGE ( 'NONE', *, *, #297, .F. ) ;
#647 = VECTOR ( 'NONE', #1524, 1000.000000000000000 ) ;
#648 = EDGE_CURVE ( 'NONE', #1075, #4515, #24, .T. ) ;
#649 = CARTESIAN_POINT ( 'NONE',  ( 57.51276751492369499, 20.00000000000000000, -75.13277040716165800 ) ) ;
#650 = DIRECTION ( 'NONE',  ( -1.713307136767216603E-16, 0.000000000000000000, 1.000000000000000000 ) ) ;
#651 = CARTESIAN_POINT ( 'NONE',  ( 51.00027951109598945, 19.00000000000000000, -69.87278370505750047 ) ) ;
#652 = CARTESIAN_POINT ( 'NONE',  ( 88.49471047325846484, 14.02419972135354698, -52.47536729449922888 ) ) ;
#653 = EDGE_CURVE ( 'NONE', #2068, #2408, #2858, .T. ) ;
#654 = EDGE_LOOP ( 'NONE', ( #3784, #2146 ) ) ;
#655 = VECTOR ( 'NONE', #3718, 1000.000000000000000 ) ;
#656 = CYLINDRICAL_SURFACE ( 'NONE', #713, 2.000000000000000000 ) ;
#657 = CARTESIAN_POINT ( 'NONE',  ( 68.36691418796985431, 20.00000000000000000, -71.37278370505751468 ) ) ;
#658 = ORIENTED_EDGE ( 'NONE', *, *, #3557, .F. ) ;
#659 = ORIENTED_EDGE ( 'NONE', *, *, #4520, .F. ) ;
#660 = EDGE_CURVE ( 'NONE', #2574, #109, #2011, .T. ) ;
#661 = CARTESIAN_POINT ( 'NONE',  ( 51.25000000000001421, 16.00000000000000000, -61.25000000000000000 ) ) ;
#662 = ADVANCED_FACE ( 'NONE', ( #3748 ), #2138, .F. ) ;
#663 = AXIS2_PLACEMENT_3D ( 'NONE', #1197, #435, #2012 ) ;
#664 = CIRCLE ( 'NONE', #4583, 1.500000000000001332 ) ;
#665 = CARTESIAN_POINT ( 'NONE',  ( 50.51709825868068293, 19.25250342318223318, -2.577969238231385685 ) ) ;
#666 = EDGE_LOOP ( 'NONE', ( #4077, #3216, #3290, #2726 ) ) ;
#667 = EDGE_CURVE ( 'NONE', #1100, #1120, #1982, .T. ) ;
#668 = CARTESIAN_POINT ( 'NONE',  ( 61.25000000000002132, 14.00000000000000000, -84.24999999999998579 ) ) ;
#669 = DIRECTION ( 'NONE',  ( 0.000000000000000000, 0.000000000000000000, 1.000000000000000000 ) ) ;
#670 = CARTESIAN_POINT ( 'NONE',  ( 51.25000000000001421, 16.00000000000000000, -82.24999999999998579 ) ) ;
#671 = EDGE_CURVE ( 'NONE', #1812, #904, #4847, .T. ) ;
#672 = CARTESIAN_POINT ( 'NONE',  ( 48.82945017648675190, 20.00000000000000000, -75.13277040716165800 ) ) ;
#673 = FACE_OUTER_BOUND ( 'NONE', #774, .T. ) ;
#674 = ORIENTED_EDGE ( 'NONE', *, *, #4033, .T. ) ;
#675 = AXIS2_PLACEMENT_3D ( 'NONE', #249, #4875, #3318 ) ;
#676 = LINE ( 'NONE', #4852, #2689 ) ;
#677 = CARTESIAN_POINT ( 'NONE',  ( 0.000000000000000000, 14.00000000000000000, 0.000000000000000000 ) ) ;
#678 = CARTESIAN_POINT ( 'NONE',  ( 87.50000000000001421, 14.23030399291527281, -18.00000000000001066 ) ) ;
#679 = CARTESIAN_POINT ( 'NONE',  ( 61.25000000000002132, 14.00000000000000000, -59.25000000000000000 ) ) ;
#680 = EDGE_CURVE ( 'NONE', #4063, #1100, #727, .T. ) ;
#681 = CARTESIAN_POINT ( 'NONE',  ( 51.31402633966550297, 17.73468419217854830, -2.314026339665550047 ) ) ;
#682 = VERTEX_POINT ( 'NONE', #373 ) ;
#683 = LINE ( 'NONE', #354, #4713 ) ;
#684 = CARTESIAN_POINT ( 'NONE',  ( 47.98409266824791786, 18.97015720212850454, -55.25000000000000000 ) ) ;
#685 = ORIENTED_EDGE ( 'NONE', *, *, #1089, .T. ) ;
#686 = EDGE_LOOP ( 'NONE', ( #4086, #1372 ) ) ;
#687 = DIRECTION ( 'NONE',  ( 1.000000000000000000, 0.000000000000000000, -1.387778780781450211E-15 ) ) ;
#688 = CARTESIAN_POINT ( 'NONE',  ( 50.59908652263494844, 19.08394818737336962, -2.426647995006710357 ) ) ;
#689 = EDGE_LOOP ( 'NONE', ( #1129, #4938 ) ) ;
#690 = DIRECTION ( 'NONE',  ( 0.000000000000000000, -1.000000000000000000, 0.000000000000000000 ) ) ;
#691 = PRESENTATION_STYLE_ASSIGNMENT (( #1457 ) ) ;
#692 = DIRECTION ( 'NONE',  ( 0.000000000000000000, 0.000000000000000000, -1.000000000000000000 ) ) ;
#693 = DIRECTION ( 'NONE',  ( -1.000000000000000000, 0.000000000000000000, 0.000000000000000000 ) ) ;
#694 = ADVANCED_FACE ( 'NONE', ( #1923 ), #4220, .T. ) ;
#695 = EDGE_CURVE ( 'NONE', #3900, #2787, #3946, .T. ) ;
#696 = LINE ( 'NONE', #2253, #821 ) ;
#697 = ORIENTED_EDGE ( 'NONE', *, *, #806, .F. ) ;
#698 = FACE_BOUND ( 'NONE', #654, .T. ) ;
#699 = FACE_OUTER_BOUND ( 'NONE', #3878, .T. ) ;
#700 = DIRECTION ( 'NONE',  ( 0.000000000000000000, 1.000000000000000000, 0.000000000000000000 ) ) ;
#701 = CARTESIAN_POINT ( 'NONE',  ( 59.68359684953292543, 19.00000000000000000, -78.89275710926580132 ) ) ;
#702 = CARTESIAN_POINT ( 'NONE',  ( 88.25313294631085625, 14.05561219765825243, -54.25097033180387740 ) ) ;
#703 = ORIENTED_EDGE ( 'NONE', *, *, #3369, .T. ) ;
#704 = LINE ( 'NONE', #42, #2446 ) ;
#705 = AXIS2_PLACEMENT_3D ( 'NONE', #2405, #3968, #463 ) ;
#706 = DIRECTION ( 'NONE',  ( 0.000000000000000000, 0.000000000000000000, 1.000000000000000000 ) ) ;
#707 = CARTESIAN_POINT ( 'NONE',  ( 66.19608485336061676, 19.00000000000000000, -69.11279700295335715 ) ) ;
#708 = AXIS2_PLACEMENT_3D ( 'NONE', #1857, #20, #3378 ) ;
#709 = ORIENTED_EDGE ( 'NONE', *, *, #157, .T. ) ;
#710 = EDGE_CURVE ( 'NONE', #4881, #950, #2283, .T. ) ;
#711 = ADVANCED_FACE ( 'NONE', ( #4947 ), #4175, .T. ) ;
#712 = ORIENTED_EDGE ( 'NONE', *, *, #3898, .T. ) ;
#713 = AXIS2_PLACEMENT_3D ( 'NONE', #3062, #2218, #2239 ) ;
#714 = ADVANCED_FACE ( 'NONE', ( #5022 ), #1440, .T. ) ;
#715 = LINE ( 'NONE', #3959, #229 ) ;
#716 = DIRECTION ( 'NONE',  ( 0.000000000000000000, 0.000000000000000000, -1.000000000000000000 ) ) ;
#717 = ORIENTED_EDGE ( 'NONE', *, *, #3122, .T. ) ;
#718 = CARTESIAN_POINT ( 'NONE',  ( 51.01837116929394966, 17.55796977632591194, -2.018371169293988743 ) ) ;
#719 = CARTESIAN_POINT ( 'NONE',  ( 53.17110884570521989, 0.000000000000000000, -75.13277040716165800 ) ) ;
#720 = CARTESIAN_POINT ( 'NONE',  ( 91.99999999999998579, 20.00000000000000000, -132.5000000000000000 ) ) ;
#721 = CIRCLE ( 'NONE', #237, 10.49999999999999467 ) ;
#722 = VERTEX_POINT ( 'NONE', #756 ) ;
#723 = FACE_BOUND ( 'NONE', #4574, .T. ) ;
#724 = AXIS2_PLACEMENT_3D ( 'NONE', #581, #1824, #1369 ) ;
#725 = FACE_OUTER_BOUND ( 'NONE', #1221, .T. ) ;
#726 = DIRECTION ( 'NONE',  ( 0.000000000000000000, 0.000000000000000000, 1.000000000000000000 ) ) ;
#727 = LINE ( 'NONE', #679, #197 ) ;
#728 = CARTESIAN_POINT ( 'NONE',  ( 57.51276751492369499, 0.000000000000000000, -66.11279700295335715 ) ) ;
#729 = AXIS2_PLACEMENT_3D ( 'NONE', #2137, #4101, #4532 ) ;
#730 = ORIENTED_EDGE ( 'NONE', *, *, #2569, .F. ) ;
#731 = DIRECTION ( 'NONE',  ( -0.000000000000000000, 1.000000000000000000, 0.000000000000000000 ) ) ;
#732 = DIRECTION ( 'NONE',  ( 0.000000000000000000, -1.000000000000000000, 0.000000000000000000 ) ) ;
#733 = CIRCLE ( 'NONE', #3017, 1.500000000000001332 ) ;
#734 = FACE_OUTER_BOUND ( 'NONE', #188, .T. ) ;
#735 = VERTEX_POINT ( 'NONE', #4610 ) ;
#736 = CIRCLE ( 'NONE', #4, 1.250000000000001110 ) ;
#737 = ORIENTED_EDGE ( 'NONE', *, *, #3550, .F. ) ;
#738 = VECTOR ( 'NONE', #2249, 1000.000000000000000 ) ;
#739 = AXIS2_PLACEMENT_3D ( 'NONE', #440, #1615, #48 ) ;
#740 = VECTOR ( 'NONE', #366, 1000.000000000000000 ) ;
#741 = DIRECTION ( 'NONE',  ( 0.000000000000000000, 0.000000000000000000, -1.000000000000000000 ) ) ;
#742 = EDGE_CURVE ( 'NONE', #455, #735, #795, .T. ) ;
#743 = ORIENTED_EDGE ( 'NONE', *, *, #439, .F. ) ;
#744 = DIRECTION ( 'NONE',  ( 0.000000000000000000, 0.000000000000000000, 1.000000000000000000 ) ) ;
#745 = AXIS2_PLACEMENT_3D ( 'NONE', #1684, #4103, #4831 ) ;
#746 = AXIS2_PLACEMENT_3D ( 'NONE', #3740, #693, #3359 ) ;
#747 = CARTESIAN_POINT ( 'NONE',  ( 7.499999999999998224, 0.000000000000000000, -7.500000000000000000 ) ) ;
#748 = DIRECTION ( 'NONE',  ( 0.000000000000000000, -1.000000000000000000, 0.000000000000000000 ) ) ;
#749 = DIRECTION ( 'NONE',  ( -0.000000000000000000, 1.000000000000000000, -0.000000000000000000 ) ) ;
#750 = DIRECTION ( 'NONE',  ( 0.000000000000000000, 1.000000000000000000, 0.000000000000000000 ) ) ;
#751 = VECTOR ( 'NONE', #1656, 1000.000000000000000 ) ;
#752 = ORIENTED_EDGE ( 'NONE', *, *, #3899, .T. ) ;
#753 = CARTESIAN_POINT ( 'NONE',  ( 48.17157287525378706, 15.00000000000000000, -2.000000000000000000 ) ) ;
#754 = CARTESIAN_POINT ( 'NONE',  ( 41.82102338532968133, 19.00000000000000000, -76.36999999999999034 ) ) ;
#755 = DIRECTION ( 'NONE',  ( 1.000000000000000000, 0.000000000000000000, -7.049035076985118725E-15 ) ) ;
#756 = CARTESIAN_POINT ( 'NONE',  ( 68.36691418796985431, 19.00000000000000000, -72.87278370505751468 ) ) ;
#757 = DIRECTION ( 'NONE',  ( 0.000000000000000000, -1.000000000000000000, 0.000000000000000000 ) ) ;
#758 = ORIENTED_EDGE ( 'NONE', *, *, #1149, .F. ) ;
#759 = DIRECTION ( 'NONE',  ( -0.000000000000000000, 1.000000000000000000, 0.000000000000000000 ) ) ;
#760 = DIRECTION ( 'NONE',  ( -0.000000000000000000, -1.000000000000000000, -0.000000000000000000 ) ) ;
#761 = DIRECTION ( 'NONE',  ( -0.000000000000000000, 1.000000000000000000, -0.000000000000000000 ) ) ;
#762 = EDGE_CURVE ( 'NONE', #2192, #121, #3031, .T. ) ;
#763 = CIRCLE ( 'NONE', #4763, 7.500000000000000000 ) ;
#764 = ORIENTED_EDGE ( 'NONE', *, *, #1990, .F. ) ;
#765 = ORIENTED_EDGE ( 'NONE', *, *, #1787, .F. ) ;
#766 = FACE_OUTER_BOUND ( 'NONE', #1815, .T. ) ;
#767 = ORIENTED_EDGE ( 'NONE', *, *, #4289, .T. ) ;
#768 = ORIENTED_EDGE ( 'NONE', *, *, #4715, .F. ) ;
#769 = CARTESIAN_POINT ( 'NONE',  ( 87.82842712474624136, 15.00000000000000000, -2.000000000000003553 ) ) ;
#770 = EDGE_LOOP ( 'NONE', ( #1885, #3686, #2038, #545 ) ) ;
#771 = CARTESIAN_POINT ( 'NONE',  ( 64.02525551875139342, 0.000000000000000000, -62.35281030084921383 ) ) ;
#772 = CARTESIAN_POINT ( 'NONE',  ( 28.50000000000000355, 19.00000000000000000, -14.75000000000000178 ) ) ;
#773 = CARTESIAN_POINT ( 'NONE',  ( 87.50000000000001421, 14.23030399291527637, -51.99999999999999289 ) ) ;
#774 = EDGE_LOOP ( 'NONE', ( #2992, #29, #4835, #1725 ) ) ;
#775 = ORIENTED_EDGE ( 'NONE', *, *, #2400, .T. ) ;
#776 = EDGE_CURVE ( 'NONE', #682, #2403, #4561, .T. ) ;
#777 = EDGE_CURVE ( 'NONE', #2121, #67, #4197, .T. ) ;
#778 = FACE_BOUND ( 'NONE', #3629, .T. ) ;
#779 = CARTESIAN_POINT ( 'NONE',  ( 23.74997954293771230, 14.00625288700632964, -16.91448936213369691 ) ) ;
#780 = CYLINDRICAL_SURFACE ( 'NONE', #4891, 1.500000000000001332 ) ;
#781 = ADVANCED_FACE ( 'NONE', ( #1472 ), #556, .T. ) ;
#782 = CARTESIAN_POINT ( 'NONE',  ( 0.000000000000000000, 15.00000000000000000, -135.0000000000000000 ) ) ;
#783 = ORIENTED_EDGE ( 'NONE', *, *, #219, .T. ) ;
#784 = DIRECTION ( 'NONE',  ( 0.000000000000000000, 0.000000000000000000, 1.000000000000000000 ) ) ;
#785 = ORIENTED_EDGE ( 'NONE', *, *, #4902, .T. ) ;
#786 = CARTESIAN_POINT ( 'NONE',  ( 55.34193818031445744, 0.000000000000000000, -63.85281030084921383 ) ) ;
#787 = LINE ( 'NONE', #3195, #3361 ) ;
#788 = ORIENTED_EDGE ( 'NONE', *, *, #4615, .T. ) ;
#789 = ORIENTED_EDGE ( 'NONE', *, *, #2469, .F. ) ;
#790 = VECTOR ( 'NONE', #2248, 1000.000000000000000 ) ;
#791 = CARTESIAN_POINT ( 'NONE',  ( 85.06118660928743225, 18.02960541477215273, -1.996513726471040640 ) ) ;
#792 = ORIENTED_EDGE ( 'NONE', *, *, #1421, .T. ) ;
#793 = AXIS2_PLACEMENT_3D ( 'NONE', #327, #1553, #1116 ) ;
#794 = ORIENTED_EDGE ( 'NONE', *, *, #341, .F. ) ;
#795 = CIRCLE ( 'NONE', #4716, 1.500000000000001332 ) ;
#796 = CARTESIAN_POINT ( 'NONE',  ( 25.75648339989983171, 14.53622298336373042, -15.74208266231302566 ) ) ;
#797 = CARTESIAN_POINT ( 'NONE',  ( 37.97530350344057837, 19.00000000000000000, -69.87278370505747205 ) ) ;
#798 = CARTESIAN_POINT ( 'NONE',  ( 85.33660954757553441, 18.85299411979629980, -1.663390452428332056 ) ) ;
#799 = CIRCLE ( 'NONE', #4137, 1.250000000000001110 ) ;
#800 = EDGE_LOOP ( 'NONE', ( #442, #4469, #4099 ) ) ;
#801 = ORIENTED_EDGE ( 'NONE', *, *, #1089, .F. ) ;
#802 = CARTESIAN_POINT ( 'NONE',  ( 25.00000000000001066, 19.00000000000000000, -51.99999999999999289 ) ) ;
#803 = DIRECTION ( 'NONE',  ( 0.000000000000000000, -1.000000000000000000, 0.000000000000000000 ) ) ;
#804 = CYLINDRICAL_SURFACE ( 'NONE', #409, 2.000000000000001776 ) ;
#805 = CARTESIAN_POINT ( 'NONE',  ( 26.21285633662020587, 14.79922685348445732, -53.59512937160389612 ) ) ;
#806 = EDGE_CURVE ( 'NONE', #941, #41, #309, .T. ) ;
#807 = EDGE_CURVE ( 'NONE', #286, #67, #2257, .T. ) ;
#808 = CIRCLE ( 'NONE', #3671, 7.500000000000007105 ) ;
#809 = VERTEX_POINT ( 'NONE', #651 ) ;
#810 = DIRECTION ( 'NONE',  ( 0.000000000000000000, 0.000000000000000000, 1.000000000000000000 ) ) ;
#811 = ORIENTED_EDGE ( 'NONE', *, *, #3938, .T. ) ;
#812 = CARTESIAN_POINT ( 'NONE',  ( 68.36691418796985431, 0.000000000000000000, -71.37278370505751468 ) ) ;
#813 = CARTESIAN_POINT ( 'NONE',  ( 46.35102051443365667, 19.00000000000000000, -60.25000000000000000 ) ) ;
#814 = AXIS2_PLACEMENT_3D ( 'NONE', #3157, #321, #3104 ) ;
#815 = ADVANCED_FACE ( 'NONE', ( #3056 ), #2208, .F. ) ;
#816 = CARTESIAN_POINT ( 'NONE',  ( 48.82945017648675190, 19.00000000000000000, -76.63277040716165800 ) ) ;
#817 = CIRCLE ( 'NONE', #3918, 1.500000000000001332 ) ;
#818 = VECTOR ( 'NONE', #3957, 1000.000000000000000 ) ;
#819 = ORIENTED_EDGE ( 'NONE', *, *, #3286, .F. ) ;
#820 = DIRECTION ( 'NONE',  ( 0.000000000000000000, 0.000000000000000000, 1.000000000000000000 ) ) ;
#821 = VECTOR ( 'NONE', #2181, 1000.000000000000000 ) ;
#822 = ORIENTED_EDGE ( 'NONE', *, *, #2989, .F. ) ;
#823 = ORIENTED_EDGE ( 'NONE', *, *, #3149, .F. ) ;
#824 = CARTESIAN_POINT ( 'NONE',  ( 30.00000000000012434, 20.00000000000000000, -19.24999999999980815 ) ) ;
#825 = AXIS2_PLACEMENT_3D ( 'NONE', #3380, #4161, #3306 ) ;
#826 =( BOUNDED_CURVE ( )  B_SPLINE_CURVE ( 3, ( #2211, #1062, #3775, #1501 ),
 .UNSPECIFIED., .F., .F. ) 
 B_SPLINE_CURVE_WITH_KNOTS ( ( 4, 4 ),
 ( 0.000000000000000000, 1.570796326794896558 ),
 .UNSPECIFIED. ) 
 CURVE ( )  GEOMETRIC_REPRESENTATION_ITEM ( )  RATIONAL_B_SPLINE_CURVE ( ( 1.000000000000000000, 0.8047378541243649375, 0.8047378541243649375, 1.000000000000000000 ) ) 
 REPRESENTATION_ITEM ( '' )  );
#827 = CARTESIAN_POINT ( 'NONE',  ( 25.00000000000001066, 19.00000000000000000, -53.24999999999999289 ) ) ;
#828 = DIRECTION ( 'NONE',  ( 0.000000000000000000, 0.000000000000000000, 1.000000000000000000 ) ) ;
#829 = ADVANCED_FACE ( 'NONE', ( #3392 ), #3492, .T. ) ;
#830 = AXIS2_PLACEMENT_3D ( 'NONE', #2592, #3057, #2646 ) ;
#831 = ORIENTED_EDGE ( 'NONE', *, *, #1611, .T. ) ;
#832 = AXIS2_PLACEMENT_3D ( 'NONE', #4142, #4505, #1841 ) ;
#833 = ORIENTED_EDGE ( 'NONE', *, *, #4871, .F. ) ;
#834 = DIRECTION ( 'NONE',  ( 0.000000000000000000, 0.000000000000000000, -1.000000000000000000 ) ) ;
#835 = FACE_BOUND ( 'NONE', #2325, .T. ) ;
#836 = CARTESIAN_POINT ( 'NONE',  ( 28.50000000000000355, 19.00000000000000000, -14.75000000000000178 ) ) ;
#837 = AXIS2_PLACEMENT_3D ( 'NONE', #2493, #4457, #474 ) ;
#838 = DIRECTION ( 'NONE',  ( 1.000000000000000000, 2.478176394252583113E-16, 0.000000000000000000 ) ) ;
#839 = ORIENTED_EDGE ( 'NONE', *, *, #3394, .F. ) ;
#840 = CARTESIAN_POINT ( 'NONE',  ( 47.81563711396214700, 14.00000000018378188, -59.70111278718123771 ) ) ;
#841 = ORIENTED_EDGE ( 'NONE', *, *, #3438, .F. ) ;
#842 = CYLINDRICAL_SURFACE ( 'NONE', #1363, 10.49999999999999467 ) ;
#843 = LINE ( 'NONE', #3140, #2988 ) ;
#844 = ADVANCED_FACE ( 'NONE', ( #1546 ), #4662, .F. ) ;
#845 = DIRECTION ( 'NONE',  ( 0.000000000000000000, -1.000000000000000000, 0.000000000000000000 ) ) ;
#846 = VECTOR ( 'NONE', #3774, 1000.000000000000000 ) ;
#847 = ORIENTED_EDGE ( 'NONE', *, *, #4633, .T. ) ;
#848 = LINE ( 'NONE', #3942, #1394 ) ;
#849 = ORIENTED_EDGE ( 'NONE', *, *, #176, .F. ) ;
#850 = ORIENTED_EDGE ( 'NONE', *, *, #2949, .T. ) ;
#851 = CARTESIAN_POINT ( 'NONE',  ( 53.17110884570521989, 20.00000000000000000, -73.63277040716165800 ) ) ;
#852 = FACE_OUTER_BOUND ( 'NONE', #1091, .T. ) ;
#853 = LINE ( 'NONE', #467, #4418 ) ;
#854 = ORIENTED_EDGE ( 'NONE', *, *, #4696, .F. ) ;
#855 = ORIENTED_EDGE ( 'NONE', *, *, #3618, .T. ) ;
#856 = CARTESIAN_POINT ( 'NONE',  ( 36.10952922903808116, 19.00000000000000000, -67.24999999999998579 ) ) ;
#857 = DIRECTION ( 'NONE',  ( 0.000000000000000000, -1.000000000000000000, -0.000000000000000000 ) ) ;
#858 = DIRECTION ( 'NONE',  ( -1.000000000000000000, 0.000000000000000000, 0.000000000000000000 ) ) ;
#859 = EDGE_CURVE ( 'NONE', #4887, #2550, #3839, .T. ) ;
#860 = CARTESIAN_POINT ( 'NONE',  ( 53.17110884570521989, 19.00000000000000000, -76.63277040716165800 ) ) ;
#861 = ORIENTED_EDGE ( 'NONE', *, *, #2729, .T. ) ;
#862 = CARTESIAN_POINT ( 'NONE',  ( 7.499999999999973355, 0.000000000000000000, -132.5000000000000000 ) ) ;
#863 = ORIENTED_EDGE ( 'NONE', *, *, #4960, .F. ) ;
#864 = CYLINDRICAL_SURFACE ( 'NONE', #3427, 1.500000000000001332 ) ;
#865 = DIRECTION ( 'NONE',  ( -0.000000000000000000, 1.000000000000000000, -0.000000000000000000 ) ) ;
#866 = FACE_OUTER_BOUND ( 'NONE', #3335, .T. ) ;
#867 = MANIFOLD_SOLID_BREP ( 'Fillet6', #2554 ) ;
#868 = ORIENTED_EDGE ( 'NONE', *, *, #2962, .F. ) ;
#869 = EDGE_CURVE ( 'NONE', #4736, #2489, #1051, .T. ) ;
#870 = PLANE ( 'NONE',  #4267 ) ;
#871 = EDGE_CURVE ( 'NONE', #3040, #1322, #1025, .T. ) ;
#872 = EDGE_CURVE ( 'NONE', #4104, #3035, #3407, .T. ) ;
#873 = ORIENTED_EDGE ( 'NONE', *, *, #1717, .T. ) ;
#874 = ADVANCED_FACE ( 'NONE', ( #4917, #4964 ), #1077, .T. ) ;
#875 = VERTEX_POINT ( 'NONE', #1411 ) ;
#876 = CARTESIAN_POINT ( 'NONE',  ( 26.24071838175078497, 14.81802680870170619, -16.92424225144100092 ) ) ;
#877 = VECTOR ( 'NONE', #2195, 1000.000000000000000 ) ;
#878 = DIRECTION ( 'NONE',  ( 0.000000000000000000, -1.000000000000000000, -0.000000000000000000 ) ) ;
#879 = AXIS2_PLACEMENT_3D ( 'NONE', #3538, #4401, #4702 ) ;
#880 = DIRECTION ( 'NONE',  ( 0.000000000000000000, -1.000000000000000000, 0.000000000000000000 ) ) ;
#881 = CARTESIAN_POINT ( 'NONE',  ( 61.85442618414216298, 19.00000000000000000, -75.13277040716165800 ) ) ;
#882 = VECTOR ( 'NONE', #4693, 1000.000000000000000 ) ;
#883 = VERTEX_POINT ( 'NONE', #2580 ) ;
#884 = ORIENTED_EDGE ( 'NONE', *, *, #2149, .F. ) ;
#885 = CYLINDRICAL_SURFACE ( 'NONE', #1568, 3.000000000000002665 ) ;
#886 = CARTESIAN_POINT ( 'NONE',  ( 48.82945017648675190, 19.00000000000000000, -75.13277040716165800 ) ) ;
#887 = DIRECTION ( 'NONE',  ( 0.000000000000000000, -1.000000000000000000, 0.000000000000000000 ) ) ;
#888 = CARTESIAN_POINT ( 'NONE',  ( 68.36691418796985431, 20.00000000000000000, -71.37278370505751468 ) ) ;
#889 = ORIENTED_EDGE ( 'NONE', *, *, #872, .T. ) ;
#890 = VERTEX_POINT ( 'NONE', #4940 ) ;
#891 = DIRECTION ( 'NONE',  ( 0.000000000000000000, 0.000000000000000000, -1.000000000000000000 ) ) ;
#892 = ORIENTED_EDGE ( 'NONE', *, *, #869, .F. ) ;
#893 = EDGE_CURVE ( 'NONE', #4719, #2822, #502, .T. ) ;
#894 = DIRECTION ( 'NONE',  ( 1.000000000000000000, 0.000000000000000000, 0.000000000000000000 ) ) ;
#895 = CARTESIAN_POINT ( 'NONE',  ( 51.58578643762690064, 16.41421356237311002, -2.585786437626951706 ) ) ;
#896 = CARTESIAN_POINT ( 'NONE',  ( 36.10952922903808116, 16.00000000000000000, -69.24999999999998579 ) ) ;
#897 = EDGE_CURVE ( 'NONE', #1398, #628, #1146, .T. ) ;
#898 = EDGE_CURVE ( 'NONE', #1673, #3307, #1839, .T. ) ;
#899 = ORIENTED_EDGE ( 'NONE', *, *, #1087, .F. ) ;
#900 = CARTESIAN_POINT ( 'NONE',  ( 36.10952922903808116, 16.00000000000000000, -67.24999999999998579 ) ) ;
#901 = CIRCLE ( 'NONE', #2193, 7.500000000000007105 ) ;
#902 = AXIS2_PLACEMENT_3D ( 'NONE', #3061, #4308, #810 ) ;
#903 = EDGE_LOOP ( 'NONE', ( #1375, #4461, #4667, #764 ) ) ;
#904 = VERTEX_POINT ( 'NONE', #2606 ) ;
#905 = CARTESIAN_POINT ( 'NONE',  ( 87.82842712474624136, 15.00000000000000000, 0.000000000000000000 ) ) ;
#906 = ADVANCED_FACE ( 'NONE', ( #4991 ), #240, .F. ) ;
#907 = LINE ( 'NONE', #1997, #3605 ) ;
#908 = CARTESIAN_POINT ( 'NONE',  ( 53.17110884570521989, 20.00000000000000000, -75.13277040716165800 ) ) ;
#909 = VERTEX_POINT ( 'NONE', #2657 ) ;
#910 = VERTEX_POINT ( 'NONE', #3765 ) ;
#911 = CIRCLE ( 'NONE', #4239, 1.500000000000001332 ) ;
#912 = CARTESIAN_POINT ( 'NONE',  ( 57.51276751492369499, 0.000000000000000000, -75.13277040716165800 ) ) ;
#913 = CARTESIAN_POINT ( 'NONE',  ( 61.85442618414216298, 0.000000000000000000, -67.61279700295335715 ) ) ;
#914 = CARTESIAN_POINT ( 'NONE',  ( 26.42893218813452449, 13.99999999999999645, -12.67893218813452982 ) ) ;
#915 = AXIS2_PLACEMENT_3D ( 'NONE', #2635, #4889, #639 ) ;
#916 = DIRECTION ( 'NONE',  ( 0.000000000000000000, 0.000000000000000000, 1.000000000000000000 ) ) ;
#917 = AXIS2_PLACEMENT_3D ( 'NONE', #3539, #4626, #1126 ) ;
#918 = ORIENTED_EDGE ( 'NONE', *, *, #3801, .T. ) ;
#919 = ORIENTED_EDGE ( 'NONE', *, *, #3399, .F. ) ;
#920 = DIRECTION ( 'NONE',  ( 0.000000000000000000, 0.000000000000000000, -1.000000000000000000 ) ) ;
#921 = EDGE_LOOP ( 'NONE', ( #1658, #2965 ) ) ;
#922 = DIRECTION ( 'NONE',  ( 0.000000000000000000, 0.000000000000000000, 1.000000000000000000 ) ) ;
#923 = CYLINDRICAL_SURFACE ( 'NONE', #675, 1.249999999999997558 ) ;
#924 = AXIS2_PLACEMENT_3D ( 'NONE', #1171, #845, #1588 ) ;
#925 = CARTESIAN_POINT ( 'NONE',  ( 51.25000000000001421, 19.00000000000000000, -61.25000000000000000 ) ) ;
#926 = ORIENTED_EDGE ( 'NONE', *, *, #2417, .T. ) ;
#927 = LINE ( 'NONE', #364, #1416 ) ;
#928 = EDGE_CURVE ( 'NONE', #3907, #3040, #3844, .T. ) ;
#929 = ORIENTED_EDGE ( 'NONE', *, *, #4551, .F. ) ;
#930 = DIRECTION ( 'NONE',  ( -1.000000000000000000, 0.000000000000000000, 7.022495035279607931E-15 ) ) ;
#931 = CARTESIAN_POINT ( 'NONE',  ( 41.35050506338835419, 16.00000000000000000, -75.25000000000000000 ) ) ;
#932 = CARTESIAN_POINT ( 'NONE',  ( 86.41421356236945428, 15.30960792271318915, -0.5857864376305884635 ) ) ;
#933 = EDGE_LOOP ( 'NONE', ( #2220, #1985, #2051, #2552 ) ) ;
#934 = ORIENTED_EDGE ( 'NONE', *, *, #1578, .F. ) ;
#935 = AXIS2_PLACEMENT_3D ( 'NONE', #3226, #3863, #5013 ) ;
#936 = FACE_OUTER_BOUND ( 'NONE', #208, .T. ) ;
#937 = CARTESIAN_POINT ( 'NONE',  ( 25.00000000000001066, 14.23030399291527104, -54.49999999999999289 ) ) ;
#938 = FACE_OUTER_BOUND ( 'NONE', #4049, .T. ) ;
#939 = DIRECTION ( 'NONE',  ( 0.000000000000000000, -1.000000000000000000, 0.000000000000000000 ) ) ;
#940 = EDGE_CURVE ( 'NONE', #2516, #1595, #1817, .T. ) ;
#941 = VERTEX_POINT ( 'NONE', #2812 ) ;
#942 = EDGE_LOOP ( 'NONE', ( #2135, #3941, #1565, #331 ) ) ;
#943 = DIRECTION ( 'NONE',  ( 0.000000000000000000, -1.000000000000000000, -0.000000000000000000 ) ) ;
#944 = EDGE_LOOP ( 'NONE', ( #4747, #1358 ) ) ;
#945 = EDGE_CURVE ( 'NONE', #482, #2802, #4354, .T. ) ;
#946 = DIRECTION ( 'NONE',  ( 0.000000000000000000, 1.000000000000000000, 0.000000000000000000 ) ) ;
#947 = DIRECTION ( 'NONE',  ( 1.000000000000000000, 0.000000000000000000, 0.000000000000000000 ) ) ;
#948 = DIRECTION ( 'NONE',  ( -0.000000000000000000, 1.000000000000000000, -0.000000000000000000 ) ) ;
#949 = CARTESIAN_POINT ( 'NONE',  ( 44.48779150726828391, 0.000000000000000000, -76.63277040716162958 ) ) ;
#950 = VERTEX_POINT ( 'NONE', #4376 ) ;
#951 = ORIENTED_EDGE ( 'NONE', *, *, #898, .F. ) ;
#952 = CYLINDRICAL_SURFACE ( 'NONE', #2013, 1.500000000000001332 ) ;
#953 = DIRECTION ( 'NONE',  ( 0.000000000000000000, 0.000000000000000000, -1.000000000000000000 ) ) ;
#954 = ORIENTED_EDGE ( 'NONE', *, *, #1980, .F. ) ;
#955 = CARTESIAN_POINT ( 'NONE',  ( 86.24971650061058881, 14.82436342701865861, -53.41971751551695746 ) ) ;
#956 = CARTESIAN_POINT ( 'NONE',  ( 5.999999999999999112, 20.00000000000000000, -6.000000000000000000 ) ) ;
#957 = DIRECTION ( 'NONE',  ( -0.000000000000000000, 1.000000000000000000, -0.000000000000000000 ) ) ;
#958 = VECTOR ( 'NONE', #3146, 1000.000000000000000 ) ;
#959 = DIRECTION ( 'NONE',  ( 0.000000000000000000, 1.000000000000000000, 0.000000000000000000 ) ) ;
#960 = EDGE_LOOP ( 'NONE', ( #2511, #2379 ) ) ;
#961 = VECTOR ( 'NONE', #2264, 1000.000000000000000 ) ;
#962 = DIRECTION ( 'NONE',  ( 0.000000000000000000, 0.000000000000000000, 1.000000000000000000 ) ) ;
#963 = ORIENTED_EDGE ( 'NONE', *, *, #4644, .F. ) ;
#964 = AXIS2_PLACEMENT_3D ( 'NONE', #3105, #5050, #1165 ) ;
#965 = FACE_OUTER_BOUND ( 'NONE', #1621, .T. ) ;
#966 = CARTESIAN_POINT ( 'NONE',  ( 88.62111834227211205, 14.01427338016083013, -16.19106679946724725 ) ) ;
#967 = EDGE_CURVE ( 'NONE', #1581, #3903, #2941, .T. ) ;
#968 = CARTESIAN_POINT ( 'NONE',  ( 42.31696217265903925, 20.00000000000000000, -69.87278370505747205 ) ) ;
#969 = EDGE_CURVE ( 'NONE', #1863, #3506, #907, .T. ) ;
#970 = FACE_OUTER_BOUND ( 'NONE', #2719, .T. ) ;
#971 = ORIENTED_EDGE ( 'NONE', *, *, #520, .T. ) ;
#972 = AXIS2_PLACEMENT_3D ( 'NONE', #426, #857, #1241 ) ;
#973 = ORIENTED_EDGE ( 'NONE', *, *, #1087, .T. ) ;
#974 = DIRECTION ( 'NONE',  ( 0.000000000000000000, 0.000000000000000000, -1.000000000000000000 ) ) ;
#975 = LINE ( 'NONE', #4959, #583 ) ;
#976 = ORIENTED_EDGE ( 'NONE', *, *, #1461, .T. ) ;
#977 = CARTESIAN_POINT ( 'NONE',  ( 57.51276751492369499, 20.00000000000000000, -69.11279700295335715 ) ) ;
#978 = VECTOR ( 'NONE', #1273, 1000.000000000000000 ) ;
#979 = CARTESIAN_POINT ( 'NONE',  ( 55.34193818031445744, 0.000000000000000000, -78.89275710926580132 ) ) ;
#980 = DIRECTION ( 'NONE',  ( 0.000000000000000000, 1.000000000000000000, 0.000000000000000000 ) ) ;
#981 = ADVANCED_FACE ( 'NONE', ( #4042 ), #1234, .F. ) ;
#982 = CARTESIAN_POINT ( 'NONE',  ( 32.99999999999990763, 20.00000000000000000, -50.74999999999983658 ) ) ;
#983 = AXIS2_PLACEMENT_3D ( 'NONE', #523, #1312, #4427 ) ;
#984 = ORIENTED_EDGE ( 'NONE', *, *, #216, .T. ) ;
#985 = CARTESIAN_POINT ( 'NONE',  ( 92.00000000000001421, 15.00000000000000000, -2.735906739254850226E-14 ) ) ;
#986 = ORIENTED_EDGE ( 'NONE', *, *, #336, .T. ) ;
#987 = CARTESIAN_POINT ( 'NONE',  ( 63.01458624588870805, 14.75486894276898120, -55.24999999999721467 ) ) ;
#988 = FACE_OUTER_BOUND ( 'NONE', #4298, .T. ) ;
#989 = AXIS2_PLACEMENT_3D ( 'NONE', #4140, #1003, #3357 ) ;
#990 = AXIS2_PLACEMENT_3D ( 'NONE', #5035, #415, #741 ) ;
#991 = LINE ( 'NONE', #180, #512 ) ;
#992 = ORIENTED_EDGE ( 'NONE', *, *, #2402, .F. ) ;
#993 = CIRCLE ( 'NONE', #2047, 3.000000000000002665 ) ;
#994 = CARTESIAN_POINT ( 'NONE',  ( 64.51587282123335854, 18.97015605588146414, -55.24999999999998579 ) ) ;
#995 = AXIS2_PLACEMENT_3D ( 'NONE', #5023, #4279, #1522 ) ;
#996 = ADVANCED_FACE ( 'NONE', ( #852 ), #3585, .F. ) ;
#997 = ORIENTED_EDGE ( 'NONE', *, *, #283, .T. ) ;
#998 = EDGE_CURVE ( 'NONE', #1762, #3297, #4675, .T. ) ;
#999 = ORIENTED_EDGE ( 'NONE', *, *, #2118, .F. ) ;
#1000 = LINE ( 'NONE', #1074, #2610 ) ;
#1001 = EDGE_LOOP ( 'NONE', ( #2387, #4372, #4542, #2423 ) ) ;
#1002 = DIRECTION ( 'NONE',  ( 0.000000000000000000, 0.000000000000000000, 1.000000000000000000 ) ) ;
#1003 = DIRECTION ( 'NONE',  ( 1.000000000000000000, 0.000000000000000000, 0.000000000000000000 ) ) ;
#1004 = CARTESIAN_POINT ( 'NONE',  ( 87.82842712474624136, 3.999999999999961808, 0.000000000000000000 ) ) ;
#1005 = CARTESIAN_POINT ( 'NONE',  ( 87.50000000000001421, 19.00000000000000000, -16.75000000000001066 ) ) ;
#1006 = DIRECTION ( 'NONE',  ( -2.775557561562890957E-15, 1.000000000000000000, -0.000000000000000000 ) ) ;
#1007 = ORIENTED_EDGE ( 'NONE', *, *, #560, .T. ) ;
#1008 = VERTEX_POINT ( 'NONE', #542 ) ;
#1009 = CYLINDRICAL_SURFACE ( 'NONE', #437, 1.500000000000001332 ) ;
#1010 = CARTESIAN_POINT ( 'NONE',  ( 88.68469386396715493, 14.00984825184541371, -53.65726328961528679 ) ) ;
#1011 = ORIENTED_EDGE ( 'NONE', *, *, #2741, .T. ) ;
#1012 = EDGE_CURVE ( 'NONE', #2787, #3900, #3112, .T. ) ;
#1013 = CARTESIAN_POINT ( 'NONE',  ( 36.10952922903808116, 19.00000000000000000, -73.25000000000000000 ) ) ;
#1014 =( BOUNDED_SURFACE ( )  B_SPLINE_SURFACE ( 3, 2, ( 
 ( #1301, #4774, #2478 ),
 ( #2447, #1277, #4444 ),
 ( #125, #274, #4222 ),
 ( #2567, #2260, #3342 ),
 ( #4149, #4611, #1442 ),
 ( #4124, #1396, #3450 ),
 ( #299, #626, #1848 ),
 ( #2959, #3749, #2187 ),
 ( #681, #252, #2669 ),
 ( #2620, #4198, #323 ) ),
 .UNSPECIFIED., .F., .F., .F. ) 
 B_SPLINE_SURFACE_WITH_KNOTS ( ( 4, 2, 2, 2, 4 ),
 ( 3, 3 ),
 ( 3.141592653589793116, 3.451178947051001256, 3.760765240512209395, 4.070351533973417091, 4.379937827434625675 ),
 ( 0.000000000000000000, 1.000000000000000000 ),
 .UNSPECIFIED. ) 
 GEOMETRIC_REPRESENTATION_ITEM ( )  RATIONAL_B_SPLINE_SURFACE ( (
 ( 1.000000000000000000, 0.9238795325112856283, 1.000000000000000000),
 ( 1.000000000000000000, 0.9238830256567204247, 1.000000000000000000),
 ( 1.000000000000000000, 0.9208137640433395887, 1.000000000000000000),
 ( 1.000000000000000000, 0.9086619574814049916, 1.000000000000000000),
 ( 1.000000000000000000, 0.8995755495545837421, 1.000000000000000000),
 ( 1.000000000000000000, 0.8757208902681657969, 1.000000000000000000),
 ( 1.000000000000000000, 0.8609516939332663155, 1.000000000000000000),
 ( 1.000000000000000000, 0.8263157075648021044, 1.000000000000000000),
 ( 1.000000000000000000, 0.8064519699204603098, 1.000000000000000000),
 ( 1.000000000000000000, 0.7844654354438762578, 1.000000000000000000) ) ) 
 REPRESENTATION_ITEM ( '' )  SURFACE ( )  );
#1015 = DIRECTION ( 'NONE',  ( -0.000000000000000000, 1.000000000000000000, -0.000000000000000000 ) ) ;
#1016 = EDGE_LOOP ( 'NONE', ( #3244, #1733, #380, #926, #4502, #2016, #4412, #3234, #4299, #717, #615, #3523 ) ) ;
#1017 = EDGE_CURVE ( 'NONE', #941, #1398, #2406, .T. ) ;
#1018 = VERTEX_POINT ( 'NONE', #2459 ) ;
#1019 = CARTESIAN_POINT ( 'NONE',  ( 77.49999999999987210, 19.00000000000000000, -50.75000000000015632 ) ) ;
#1020 = ADVANCED_FACE ( 'NONE', ( #492 ), #3992, .F. ) ;
#1021 = CARTESIAN_POINT ( 'NONE',  ( 61.85442618414216298, 20.00000000000000000, -69.11279700295335715 ) ) ;
#1022 = EDGE_CURVE ( 'NONE', #1145, #2823, #1393, .T. ) ;
#1023 = ORIENTED_EDGE ( 'NONE', *, *, #1342, .F. ) ;
#1024 = CARTESIAN_POINT ( 'NONE',  ( 87.17523751428591083, 14.34210144109936103, -54.46754688902150576 ) ) ;
#1025 = LINE ( 'NONE', #288, #1803 ) ;
#1026 = DIRECTION ( 'NONE',  ( 0.5773502691896242878, -0.5773502691896236216, -0.5773502691896293948 ) ) ;
#1027 = CARTESIAN_POINT ( 'NONE',  ( 54.00000000000002132, 13.99999999999999112, -5.000000000000087930 ) ) ;
#1028 = CARTESIAN_POINT ( 'NONE',  ( 44.48779150726828391, 19.00000000000000000, -67.61279700295332873 ) ) ;
#1029 = ORIENTED_EDGE ( 'NONE', *, *, #4858, .T. ) ;
#1030 = DIRECTION ( 'NONE',  ( 0.000000000000000000, -1.000000000000000000, -0.000000000000000000 ) ) ;
#1031 = CYLINDRICAL_SURFACE ( 'NONE', #4811, 5.000000000000000888 ) ;
#1032 = DIRECTION ( 'NONE',  ( 0.000000000000000000, 0.000000000000000000, -1.000000000000000000 ) ) ;
#1033 = AXIS2_PLACEMENT_3D ( 'NONE', #363, #4163, #4189 ) ;
#1034 = CARTESIAN_POINT ( 'NONE',  ( 87.65788485411744091, 14.18065150335946889, -51.99999999999997868 ) ) ;
#1035 = AXIS2_PLACEMENT_3D ( 'NONE', #3245, #894, #4392 ) ;
#1036 = EDGE_CURVE ( 'NONE', #2324, #1288, #4655, .T. ) ;
#1037 = ORIENTED_EDGE ( 'NONE', *, *, #1176, .T. ) ;
#1038 = CARTESIAN_POINT ( 'NONE',  ( 90.99999999999997158, 0.000000000000000000, -134.0000000000000000 ) ) ;
#1039 = CARTESIAN_POINT ( 'NONE',  ( 64.02525551875139342, 19.00000000000000000, -80.39275710926580132 ) ) ;
#1040 = AXIS2_PLACEMENT_3D ( 'NONE', #4979, #2265, #1810 ) ;
#1041 = EDGE_CURVE ( 'NONE', #4507, #1398, #1704, .T. ) ;
#1042 = ORIENTED_EDGE ( 'NONE', *, *, #560, .F. ) ;
#1043 = EDGE_CURVE ( 'NONE', #4699, #3743, #2487, .T. ) ;
#1044 = ORIENTED_EDGE ( 'NONE', *, *, #1422, .F. ) ;
#1045 = DIRECTION ( 'NONE',  ( 0.000000000000000000, 0.000000000000000000, -1.000000000000000000 ) ) ;
#1046 = DIRECTION ( 'NONE',  ( 0.000000000000000000, 0.000000000000000000, -1.000000000000000000 ) ) ;
#1047 = AXIS2_PLACEMENT_3D ( 'NONE', #11, #320, #1470 ) ;
#1048 = ORIENTED_EDGE ( 'NONE', *, *, #1254, .F. ) ;
#1049 = DIRECTION ( 'NONE',  ( 0.000000000000000000, 1.000000000000000000, -0.000000000000000000 ) ) ;
#1050 = EDGE_CURVE ( 'NONE', #2779, #1559, #799, .T. ) ;
#1051 = LINE ( 'NONE', #4578, #4242 ) ;
#1052 = CARTESIAN_POINT ( 'NONE',  ( 77.49999999999987210, 19.00000000000000000, -50.75000000000015632 ) ) ;
#1053 = AXIS2_PLACEMENT_3D ( 'NONE', #3795, #295, #1846 ) ;
#1054 = CARTESIAN_POINT ( 'NONE',  ( 23.50000000000000355, 14.00000000000000000, -9.750000000000001776 ) ) ;
#1055 = DIRECTION ( 'NONE',  ( 0.000000000000000000, 1.000000000000000000, 0.000000000000000000 ) ) ;
#1056 = VERTEX_POINT ( 'NONE', #2048 ) ;
#1057 = AXIS2_PLACEMENT_3D ( 'NONE', #4031, #2063, #891 ) ;
#1058 = DIRECTION ( 'NONE',  ( 0.000000000000000000, 0.000000000000000000, 1.000000000000000000 ) ) ;
#1059 = FACE_BOUND ( 'NONE', #3377, .T. ) ;
#1060 = DIRECTION ( 'NONE',  ( 0.000000000000000000, 0.000000000000000000, 1.000000000000000000 ) ) ;
#1061 = DIRECTION ( 'NONE',  ( -1.000000000000000000, -0.000000000000000000, 1.387778780781450211E-15 ) ) ;
#1062 = CARTESIAN_POINT ( 'NONE',  ( 84.00000000000001421, 16.07106781186547551, -55.25000000000000000 ) ) ;
#1063 = ORIENTED_EDGE ( 'NONE', *, *, #660, .T. ) ;
#1064 = VECTOR ( 'NONE', #1386, 1000.000000000000000 ) ;
#1065 = CARTESIAN_POINT ( 'NONE',  ( 61.25000000000002132, 19.00000000000000000, -61.25000000000000000 ) ) ;
#1066 = DIRECTION ( 'NONE',  ( 0.000000000000000000, -0.000000000000000000, -1.000000000000000000 ) ) ;
#1067 = AXIS2_PLACEMENT_3D ( 'NONE', #2783, #3526, #2704 ) ;
#1068 = ORIENTED_EDGE ( 'NONE', *, *, #3393, .F. ) ;
#1069 = ORIENTED_EDGE ( 'NONE', *, *, #3171, .T. ) ;
#1070 = DIRECTION ( 'NONE',  ( 0.000000000000000000, -1.000000000000000000, 0.000000000000000000 ) ) ;
#1071 = ADVANCED_FACE ( 'NONE', ( #1722 ), #3619, .F. ) ;
#1072 = AXIS2_PLACEMENT_3D ( 'NONE', #4345, #4640, #3906 ) ;
#1073 = AXIS2_PLACEMENT_3D ( 'NONE', #912, #2466, #3973 ) ;
#1074 = CARTESIAN_POINT ( 'NONE',  ( 97.00000000000001421, 20.00000000000000000, -7.500000000000002665 ) ) ;
#1075 = VERTEX_POINT ( 'NONE', #1285 ) ;
#1076 = CARTESIAN_POINT ( 'NONE',  ( 55.34193818031445744, 20.00000000000000000, -78.89275710926580132 ) ) ;
#1077 = PLANE ( 'NONE',  #90 ) ;
#1078 = CARTESIAN_POINT ( 'NONE',  ( 46.65862084187751435, 20.00000000000000000, -80.39275710926580132 ) ) ;
#1079 = DIRECTION ( 'NONE',  ( 0.000000000000000000, 0.000000000000000000, -1.000000000000000000 ) ) ;
#1080 = CARTESIAN_POINT ( 'NONE',  ( 55.34193818031445744, 20.00000000000000000, -80.39275710926580132 ) ) ;
#1081 = ORIENTED_EDGE ( 'NONE', *, *, #3008, .F. ) ;
#1082 = VECTOR ( 'NONE', #179, 1000.000000000000000 ) ;
#1083 = DIRECTION ( 'NONE',  ( 0.000000000000000000, 1.000000000000000000, 0.000000000000000000 ) ) ;
#1084 = CARTESIAN_POINT ( 'NONE',  ( 23.87888165772787374, 14.01427338016082480, -17.30893320053278117 ) ) ;
#1085 = DIRECTION ( 'NONE',  ( 0.000000000000000000, 0.000000000000000000, -1.000000000000000000 ) ) ;
#1086 = CARTESIAN_POINT ( 'NONE',  ( 61.25000000000002132, 16.00000000000000000, -71.75000000000000000 ) ) ;
#1087 = EDGE_CURVE ( 'NONE', #1969, #1811, #5030, .T. ) ;
#1088 = CARTESIAN_POINT ( 'NONE',  ( 87.50000000000001421, 14.23030399291527637, -51.99999999999999289 ) ) ;
#1089 = EDGE_CURVE ( 'NONE', #4309, #4314, #4547, .T. ) ;
#1090 = EDGE_CURVE ( 'NONE', #809, #3867, #2292, .T. ) ;
#1091 = EDGE_LOOP ( 'NONE', ( #1303, #4536, #4319, #3515 ) ) ;
#1092 = FACE_OUTER_BOUND ( 'NONE', #2543, .T. ) ;
#1093 = CARTESIAN_POINT ( 'NONE',  ( 37.97530350344057837, 20.00000000000000000, -69.87278370505747205 ) ) ;
#1094 = DIRECTION ( 'NONE',  ( -0.000000000000000000, 1.000000000000000000, -0.000000000000000000 ) ) ;
#1095 = ORIENTED_EDGE ( 'NONE', *, *, #1022, .T. ) ;
#1096 = VERTEX_POINT ( 'NONE', #2596 ) ;
#1097 = FACE_OUTER_BOUND ( 'NONE', #4235, .T. ) ;
#1098 = LINE ( 'NONE', #1175, #504 ) ;
#1099 = CIRCLE ( 'NONE', #3962, 1.500000000000001332 ) ;
#1100 = VERTEX_POINT ( 'NONE', #5006 ) ;
#1101 = CARTESIAN_POINT ( 'NONE',  ( 82.00000000000001421, 14.00000000000000000, -5.000000000000087930 ) ) ;
#1102 = CARTESIAN_POINT ( 'NONE',  ( 40.02502783967819511, 16.00000000000000000, -77.25000000000000000 ) ) ;
#1103 = CARTESIAN_POINT ( 'NONE',  ( 51.25000000000001421, 19.00000000000000000, -61.25000000000000000 ) ) ;
#1104 = CYLINDRICAL_SURFACE ( 'NONE', #2868, 2.000000000000001776 ) ;
#1105 = DIRECTION ( 'NONE',  ( 0.000000000000000000, 0.000000000000000000, -1.000000000000000000 ) ) ;
#1106 = EDGE_LOOP ( 'NONE', ( #4981, #2874, #986, #4263 ) ) ;
#1107 = CARTESIAN_POINT ( 'NONE',  ( 87.50000000000001421, 19.00000000000000000, -15.50000000000001421 ) ) ;
#1108 = DIRECTION ( 'NONE',  ( 0.000000000000000000, 0.000000000000000000, -1.000000000000000000 ) ) ;
#1109 = CARTESIAN_POINT ( 'NONE',  ( 66.19608485336061676, 0.000000000000000000, -66.11279700295335715 ) ) ;
#1110 = CARTESIAN_POINT ( 'NONE',  ( 46.65862084187751435, 19.00000000000000000, -71.37278370505748626 ) ) ;
#1111 = CARTESIAN_POINT ( 'NONE',  ( 88.49456901800009234, 14.02418082550309464, -54.02516779186898788 ) ) ;
#1112 = ORIENTED_EDGE ( 'NONE', *, *, #544, .F. ) ;
#1113 = DIRECTION ( 'NONE',  ( 0.000000000000000000, -1.000000000000000000, 0.000000000000000000 ) ) ;
#1114 = CIRCLE ( 'NONE', #2993, 1.500000000000001332 ) ;
#1115 = EDGE_CURVE ( 'NONE', #2408, #488, #1935, .T. ) ;
#1116 = DIRECTION ( 'NONE',  ( 0.000000000000000000, 0.000000000000000000, -1.000000000000000000 ) ) ;
#1117 = ADVANCED_FACE ( 'NONE', ( #3800 ), #1118, .F. ) ;
#1118 = CYLINDRICAL_SURFACE ( 'NONE', #4961, 1.500000000000001332 ) ;
#1119 = EDGE_LOOP ( 'NONE', ( #4379, #3401 ) ) ;
#1120 = VERTEX_POINT ( 'NONE', #1529 ) ;
#1121 = CARTESIAN_POINT ( 'NONE',  ( 36.10952922903808116, 19.00000000000000000, -67.24999999999998579 ) ) ;
#1122 = EDGE_LOOP ( 'NONE', ( #60, #551 ) ) ;
#1123 = LINE ( 'NONE', #1101, #1441 ) ;
#1124 = FACE_OUTER_BOUND ( 'NONE', #2164, .T. ) ;
#1125 = CARTESIAN_POINT ( 'NONE',  ( 51.00027951109598945, 0.000000000000000000, -77.39275710926580132 ) ) ;
#1126 = DIRECTION ( 'NONE',  ( 0.000000000000000000, 0.000000000000000000, 1.000000000000000000 ) ) ;
#1127 = AXIS2_PLACEMENT_3D ( 'NONE', #4918, #2898, #4046 ) ;
#1128 = CARTESIAN_POINT ( 'NONE',  ( 84.39329640368769958, 17.83573566995293902, -2.606703596312372806 ) ) ;
#1129 = ORIENTED_EDGE ( 'NONE', *, *, #4633, .F. ) ;
#1130 = LINE ( 'NONE', #4686, #8 ) ;
#1131 = AXIS2_PLACEMENT_3D ( 'NONE', #399, #3927, #427 ) ;
#1132 = CARTESIAN_POINT ( 'NONE',  ( 24.24074783053872295, 14.05374569825051445, -17.75670960516897168 ) ) ;
#1133 = DIRECTION ( 'NONE',  ( 0.000000000000000000, -1.000000000000000000, 0.000000000000000000 ) ) ;
#1134 = CARTESIAN_POINT ( 'NONE',  ( 40.57292174796869944, 19.00000000000000000, -65.25000000000000000 ) ) ;
#1135 = EDGE_CURVE ( 'NONE', #1642, #3280, #281, .T. ) ;
#1136 = DIRECTION ( 'NONE',  ( 0.000000000000000000, 0.000000000000000000, 1.000000000000000000 ) ) ;
#1137 = AXIS2_PLACEMENT_3D ( 'NONE', #4200, #1113, #2288 ) ;
#1138 = EDGE_LOOP ( 'NONE', ( #2386, #2548 ) ) ;
#1139 = CARTESIAN_POINT ( 'NONE',  ( 68.36691418796985431, 0.000000000000000000, -69.87278370505750047 ) ) ;
#1140 = DIRECTION ( 'NONE',  ( 0.000000000000000000, -1.000000000000000000, 0.000000000000000000 ) ) ;
#1141 = CIRCLE ( 'NONE', #1793, 1.500000000000001332 ) ;
#1142 = CARTESIAN_POINT ( 'NONE',  ( 51.00027951109598945, 20.00000000000000000, -77.39275710926580132 ) ) ;
#1143 = ORIENTED_EDGE ( 'NONE', *, *, #2673, .T. ) ;
#1144 = CIRCLE ( 'NONE', #1316, 1.500000000000001332 ) ;
#1145 = VERTEX_POINT ( 'NONE', #1039 ) ;
#1146 = CIRCLE ( 'NONE', #1645, 2.000000000000001776 ) ;
#1147 = AXIS2_PLACEMENT_3D ( 'NONE', #3558, #4727, #4349 ) ;
#1148 = AXIS2_PLACEMENT_3D ( 'NONE', #1187, #3893, #4970 ) ;
#1149 = EDGE_CURVE ( 'NONE', #2880, #1018, #4518, .T. ) ;
#1150 = CARTESIAN_POINT ( 'NONE',  ( 85.17936995902775266, 18.48534676748993988, -2.096611827405093109 ) ) ;
#1151 = EDGE_CURVE ( 'NONE', #69, #2339, #2613, .T. ) ;
#1152 = ORIENTED_EDGE ( 'NONE', *, *, #3120, .T. ) ;
#1153 = EDGE_LOOP ( 'NONE', ( #850, #973, #1337, #3534 ) ) ;
#1154 = CARTESIAN_POINT ( 'NONE',  ( 49.58578643762689353, 15.00000000000000355, -0.5857864376269098505 ) ) ;
#1155 = AXIS2_PLACEMENT_3D ( 'NONE', #2886, #537, #1712 ) ;
#1156 = VECTOR ( 'NONE', #239, 1000.000000000000000 ) ;
#1157 = DIRECTION ( 'NONE',  ( 0.000000000000000000, 0.000000000000000000, -1.000000000000000000 ) ) ;
#1158 = LINE ( 'NONE', #1052, #4540 ) ;
#1159 = LINE ( 'NONE', #2765, #258 ) ;
#1160 = CARTESIAN_POINT ( 'NONE',  ( 55.34193818031445744, 19.00000000000000000, -72.87278370505751468 ) ) ;
#1161 = EDGE_LOOP ( 'NONE', ( #1390, #4429, #4679, #854 ) ) ;
#1162 = FACE_BOUND ( 'NONE', #3923, .T. ) ;
#1163 = DIRECTION ( 'NONE',  ( 0.000000000000000000, 0.000000000000000000, 1.000000000000000000 ) ) ;
#1164 = CARTESIAN_POINT ( 'NONE',  ( 57.51276751492369499, 20.00000000000000000, -66.11279700295335715 ) ) ;
#1165 = DIRECTION ( 'NONE',  ( 0.000000000000000000, 0.000000000000000000, -1.000000000000000000 ) ) ;
#1166 = CARTESIAN_POINT ( 'NONE',  ( 61.85442618414216298, 0.000000000000000000, -73.63277040716165800 ) ) ;
#1167 = EDGE_LOOP ( 'NONE', ( #659, #3667, #506, #1706 ) ) ;
#1168 = DIRECTION ( 'NONE',  ( 0.000000000000000000, -1.000000000000000000, -0.000000000000000000 ) ) ;
#1169 = ORIENTED_EDGE ( 'NONE', *, *, #1528, .F. ) ;
#1170 = DIRECTION ( 'NONE',  ( -0.000000000000000000, -1.000000000000000000, -0.000000000000000000 ) ) ;
#1171 = CARTESIAN_POINT ( 'NONE',  ( 46.65862084187751435, 19.00000000000000000, -78.89275710926580132 ) ) ;
#1172 = AXIS2_PLACEMENT_3D ( 'NONE', #4777, #3483, #1157 ) ;
#1173 = VERTEX_POINT ( 'NONE', #2241 ) ;
#1174 = ORIENTED_EDGE ( 'NONE', *, *, #54, .T. ) ;
#1175 = CARTESIAN_POINT ( 'NONE',  ( 48.82945017648675190, 0.000000000000000000, -73.63277040716165800 ) ) ;
#1176 = EDGE_CURVE ( 'NONE', #4309, #3297, #3778, .T. ) ;
#1177 = ORIENTED_EDGE ( 'NONE', *, *, #336, .F. ) ;
#1178 = ORIENTED_EDGE ( 'NONE', *, *, #897, .T. ) ;
#1179 = DIRECTION ( 'NONE',  ( -0.000000000000000000, 1.000000000000000000, -0.000000000000000000 ) ) ;
#1180 = LINE ( 'NONE', #1760, #3409 ) ;
#1181 = EDGE_CURVE ( 'NONE', #1870, #1759, #2346, .T. ) ;
#1182 = EDGE_CURVE ( 'NONE', #2604, #3506, #1881, .T. ) ;
#1183 = LINE ( 'NONE', #3128, #182 ) ;
#1184 = DIRECTION ( 'NONE',  ( 0.000000000000000000, 1.000000000000000000, 0.000000000000000000 ) ) ;
#1185 = EDGE_LOOP ( 'NONE', ( #703, #984, #712, #4894 ) ) ;
#1186 = ORIENTED_EDGE ( 'NONE', *, *, #1310, .F. ) ;
#1187 = CARTESIAN_POINT ( 'NONE',  ( 0.000000000000000000, 20.00000000000000000, 0.000000000000000000 ) ) ;
#1188 = DIRECTION ( 'NONE',  ( 0.4400000000000025002, -0.000000000000000000, -0.8979977728257447778 ) ) ;
#1189 = ADVANCED_FACE ( 'NONE', ( #1854 ), #256, .T. ) ;
#1190 = CARTESIAN_POINT ( 'NONE',  ( 61.85442618414216298, 19.00000000000000000, -73.63277040716165800 ) ) ;
#1191 = CARTESIAN_POINT ( 'NONE',  ( 25.00000000000001066, 19.00000000000000000, -54.49999999999999289 ) ) ;
#1192 = ORIENTED_EDGE ( 'NONE', *, *, #4285, .T. ) ;
#1193 = CARTESIAN_POINT ( 'NONE',  ( 51.00027951109598945, 0.000000000000000000, -80.39275710926580132 ) ) ;
#1194 = ORIENTED_EDGE ( 'NONE', *, *, #436, .T. ) ;
#1195 = DIRECTION ( 'NONE',  ( -0.000000000000000000, 1.000000000000000000, 0.000000000000000000 ) ) ;
#1196 = DIRECTION ( 'NONE',  ( 0.000000000000000000, 0.000000000000000000, 1.000000000000000000 ) ) ;
#1197 = CARTESIAN_POINT ( 'NONE',  ( 59.68359684953292543, 20.00000000000000000, -78.89275710926580132 ) ) ;
#1198 = EDGE_CURVE ( 'NONE', #2529, #488, #2572, .T. ) ;
#1199 = VERTEX_POINT ( 'NONE', #707 ) ;
#1200 = CIRCLE ( 'NONE', #1359, 1.500000000000001332 ) ;
#1201 = ADVANCED_FACE ( 'NONE', ( #4204 ), #3425, .F. ) ;
#1202 = CYLINDRICAL_SURFACE ( 'NONE', #2046, 2.000000000000001776 ) ;
#1203 = EDGE_CURVE ( 'NONE', #2495, #2516, #3901, .T. ) ;
#1204 = ORIENTED_EDGE ( 'NONE', *, *, #969, .F. ) ;
#1205 = CIRCLE ( 'NONE', #2583, 10.49999999999999467 ) ;
#1206 = EDGE_LOOP ( 'NONE', ( #4373, #4040 ) ) ;
#1207 = MECHANICAL_DESIGN_GEOMETRIC_PRESENTATION_REPRESENTATION (  '', ( #2343 ), #1850 ) ;
#1208 = CARTESIAN_POINT ( 'NONE',  ( 87.50000000000001421, 14.23030399291525505, -54.50000000000007105 ) ) ;
#1209 = DIRECTION ( 'NONE',  ( -0.000000000000000000, 1.000000000000000000, -0.000000000000000000 ) ) ;
#1210 = DIRECTION ( 'NONE',  ( 1.000000000000000000, 0.000000000000000000, 0.000000000000000000 ) ) ;
#1211 = ORIENTED_EDGE ( 'NONE', *, *, #4178, .T. ) ;
#1212 = ORIENTED_EDGE ( 'NONE', *, *, #5025, .F. ) ;
#1213 = EDGE_CURVE ( 'NONE', #470, #595, #1236, .T. ) ;
#1214 = DIRECTION ( 'NONE',  ( 0.7071067811865514585, 0.000000000000000000, -0.7071067811865435759 ) ) ;
#1215 = FACE_BOUND ( 'NONE', #4697, .T. ) ;
#1216 = CARTESIAN_POINT ( 'NONE',  ( 0.000000000000000000, 0.000000000000000000, 0.000000000000000000 ) ) ;
#1217 = CYLINDRICAL_SURFACE ( 'NONE', #3453, 1.500000000000001332 ) ;
#1218 = AXIS2_PLACEMENT_3D ( 'NONE', #2389, #3952, #1702 ) ;
#1219 = ORIENTED_EDGE ( 'NONE', *, *, #275, .F. ) ;
#1220 = CARTESIAN_POINT ( 'NONE',  ( 33.00000000000014211, 20.00000000000000000, -16.24999999999982592 ) ) ;
#1221 = EDGE_LOOP ( 'NONE', ( #17, #3209, #4768, #2296 ) ) ;
#1222 = DIRECTION ( 'NONE',  ( 0.000000000000000000, 1.000000000000000000, 0.000000000000000000 ) ) ;
#1223 = DIRECTION ( 'NONE',  ( 0.000000000000000000, 0.000000000000000000, 1.000000000000000000 ) ) ;
#1224 = CIRCLE ( 'NONE', #2440, 1.500000000000001332 ) ;
#1225 = FACE_BOUND ( 'NONE', #3381, .T. ) ;
#1226 = CIRCLE ( 'NONE', #328, 1.500000000000001332 ) ;
#1227 = EDGE_LOOP ( 'NONE', ( #306, #4436, #3611, #3950 ) ) ;
#1228 = CARTESIAN_POINT ( 'NONE',  ( 53.17110884570521989, 20.00000000000000000, -75.13277040716165800 ) ) ;
#1229 = VECTOR ( 'NONE', #4377, 1000.000000000000000 ) ;
#1230 = ORIENTED_EDGE ( 'NONE', *, *, #2465, .F. ) ;
#1231 = ORIENTED_EDGE ( 'NONE', *, *, #341, .T. ) ;
#1232 = CARTESIAN_POINT ( 'NONE',  ( 26.20565344362523064, 14.79525548174407490, -17.09079647720619022 ) ) ;
#1233 = AXIS2_PLACEMENT_3D ( 'NONE', #4573, #2631, #3328 ) ;
#1234 = PLANE ( 'NONE',  #4493 ) ;
#1235 = CARTESIAN_POINT ( 'NONE',  ( 86.99999999999789679, 15.43050659754654852, -2.718920500954754013E-12 ) ) ;
#1236 = CIRCLE ( 'NONE', #1971, 10.49999999999999467 ) ;
#1237 = ORIENTED_EDGE ( 'NONE', *, *, #491, .T. ) ;
#1238 = VECTOR ( 'NONE', #980, 1000.000000000000000 ) ;
#1239 = ORIENTED_EDGE ( 'NONE', *, *, #4980, .F. ) ;
#1240 = CARTESIAN_POINT ( 'NONE',  ( 51.25000000000001421, 19.00000000000000000, -61.25000000000000000 ) ) ;
#1241 = DIRECTION ( 'NONE',  ( 0.000000000000000000, 0.000000000000000000, -1.000000000000000000 ) ) ;
#1242 = CARTESIAN_POINT ( 'NONE',  ( 91.00000000000001421, 20.00000000000000000, -6.000000000000000000 ) ) ;
#1243 = VECTOR ( 'NONE', #1705, 1000.000000000000000 ) ;
#1244 = DIRECTION ( 'NONE',  ( 0.000000000000000000, -1.000000000000000000, 0.000000000000000000 ) ) ;
#1245 = ADVANCED_FACE ( 'NONE', ( #734 ), #4257, .F. ) ;
#1246 = ORIENTED_EDGE ( 'NONE', *, *, #235, .T. ) ;
#1247 = LINE ( 'NONE', #1324, #2859 ) ;
#1248 = ORIENTED_EDGE ( 'NONE', *, *, #4642, .F. ) ;
#1249 = CARTESIAN_POINT ( 'NONE',  ( 34.10952922903808116, 16.00000000000000000, -77.25000000000000000 ) ) ;
#1250 = DIRECTION ( 'NONE',  ( 0.000000000000000000, 0.000000000000000000, -1.000000000000000000 ) ) ;
#1251 = EDGE_CURVE ( 'NONE', #4719, #4314, #787, .T. ) ;
#1252 = ADVANCED_FACE ( 'NONE', ( #2756, #1225, #3577 ), #72, .T. ) ;
#1253 = FACE_OUTER_BOUND ( 'NONE', #1486, .T. ) ;
#1254 = EDGE_CURVE ( 'NONE', #1510, #1325, #2623, .T. ) ;
#1255 = ORIENTED_EDGE ( 'NONE', *, *, #2747, .F. ) ;
#1256 = ORIENTED_EDGE ( 'NONE', *, *, #4472, .T. ) ;
#1257 = VERTEX_POINT ( 'NONE', #1638 ) ;
#1258 = DIRECTION ( 'NONE',  ( 0.000000000000000000, -1.000000000000000000, 0.000000000000000000 ) ) ;
#1259 = CARTESIAN_POINT ( 'NONE',  ( 87.50000000000001421, 19.00000000000000000, -53.24999999999999289 ) ) ;
#1260 = DIRECTION ( 'NONE',  ( 2.775557561562891351E-15, -1.000000000000000000, 0.000000000000000000 ) ) ;
#1261 = DIRECTION ( 'NONE',  ( 0.000000000000000000, 0.000000000000000000, -1.000000000000000000 ) ) ;
#1262 = ORIENTED_EDGE ( 'NONE', *, *, #1558, .F. ) ;
#1263 = ORIENTED_EDGE ( 'NONE', *, *, #3530, .T. ) ;
#1264 = CARTESIAN_POINT ( 'NONE',  ( 0.000000000000000000, 15.00000000000000000, 0.000000000000000000 ) ) ;
#1265 = EDGE_LOOP ( 'NONE', ( #1651, #1450, #4121, #4860 ) ) ;
#1266 = FACE_BOUND ( 'NONE', #3065, .T. ) ;
#1267 = CYLINDRICAL_SURFACE ( 'NONE', #4154, 1.500000000000001332 ) ;
#1268 = EDGE_CURVE ( 'NONE', #3972, #1667, #5056, .T. ) ;
#1269 = DIRECTION ( 'NONE',  ( 1.000000000000000000, -0.000000000000000000, -0.000000000000000000 ) ) ;
#1270 = ORIENTED_EDGE ( 'NONE', *, *, #1741, .F. ) ;
#1271 = VECTOR ( 'NONE', #1852, 1000.000000000000000 ) ;
#1272 = EDGE_LOOP ( 'NONE', ( #4018, #3985 ) ) ;
#1273 = DIRECTION ( 'NONE',  ( -0.000000000000000000, 1.000000000000000000, -0.000000000000000000 ) ) ;
#1274 = ORIENTED_EDGE ( 'NONE', *, *, #1461, .F. ) ;
#1275 = CARTESIAN_POINT ( 'NONE',  ( 84.00000000000001421, 19.00000000000000000, -55.25000000000000000 ) ) ;
#1276 = DIRECTION ( 'NONE',  ( 0.000000000000000000, 1.000000000000000000, 0.000000000000000000 ) ) ;
#1277 = CARTESIAN_POINT ( 'NONE',  ( 49.00000000000427036, 15.43050659754652365, -2.785837544301289390E-12 ) ) ;
#1278 = ORIENTED_EDGE ( 'NONE', *, *, #4975, .T. ) ;
#1279 = ADVANCED_FACE ( 'NONE', ( #1253 ), #3554, .F. ) ;
#1280 = DIRECTION ( 'NONE',  ( -0.000000000000000000, 1.000000000000000000, -0.000000000000000000 ) ) ;
#1281 = VERTEX_POINT ( 'NONE', #816 ) ;
#1282 = VERTEX_POINT ( 'NONE', #2728 ) ;
#1283 = DIRECTION ( 'NONE',  ( 0.000000000000000000, 0.000000000000000000, -1.000000000000000000 ) ) ;
#1284 =( NAMED_UNIT ( * ) PLANE_ANGLE_UNIT ( ) SI_UNIT ( $, .RADIAN. ) );
#1285 = CARTESIAN_POINT ( 'NONE',  ( 48.82945017648675190, 19.00000000000000000, -66.11279700295332873 ) ) ;
#1286 = CARTESIAN_POINT ( 'NONE',  ( 54.00000000000002132, 13.99999999999999112, -5.000000000000087930 ) ) ;
#1287 = VECTOR ( 'NONE', #3041, 1000.000000000000000 ) ;
#1288 = VERTEX_POINT ( 'NONE', #459 ) ;
#1289 = ORIENTED_EDGE ( 'NONE', *, *, #1685, .F. ) ;
#1290 = CARTESIAN_POINT ( 'NONE',  ( 7.499999999999998224, 0.000000000000000000, 0.000000000000000000 ) ) ;
#1291 = DIRECTION ( 'NONE',  ( 0.000000000000000000, 0.000000000000000000, 1.000000000000000000 ) ) ;
#1292 = VECTOR ( 'NONE', #163, 1000.000000000000000 ) ;
#1293 = DIRECTION ( 'NONE',  ( 0.000000000000000000, 0.000000000000000000, 1.000000000000000000 ) ) ;
#1294 = ORIENTED_EDGE ( 'NONE', *, *, #1796, .T. ) ;
#1295 = ORIENTED_EDGE ( 'NONE', *, *, #2862, .T. ) ;
#1296 = DIRECTION ( 'NONE',  ( 0.000000000000000000, 0.000000000000000000, -1.000000000000000000 ) ) ;
#1297 = ORIENTED_EDGE ( 'NONE', *, *, #3012, .F. ) ;
#1298 = ADVANCED_FACE ( 'NONE', ( #1962 ), #2371, .F. ) ;
#1299 = CARTESIAN_POINT ( 'NONE',  ( 46.65862084187751435, 0.000000000000000000, -71.37278370505748626 ) ) ;
#1300 = CARTESIAN_POINT ( 'NONE',  ( 88.11997173735706212, 14.07563300641982629, -15.65241220212804762 ) ) ;
#1301 = CARTESIAN_POINT ( 'NONE',  ( 49.58578643762689353, 15.00000000000001243, -0.5857864376269132922 ) ) ;
#1302 = VECTOR ( 'NONE', #3593, 1000.000000000000000 ) ;
#1303 = ORIENTED_EDGE ( 'NONE', *, *, #928, .T. ) ;
#1304 = LINE ( 'NONE', #2327, #3135 ) ;
#1305 = CIRCLE ( 'NONE', #3346, 1.500000000000001332 ) ;
#1306 = CIRCLE ( 'NONE', #486, 1.500000000000001332 ) ;
#1307 = EDGE_LOOP ( 'NONE', ( #2795, #4521, #518, #346 ) ) ;
#1308 = PLANE ( 'NONE',  #3896 ) ;
#1309 = ADVANCED_FACE ( 'NONE', ( #378 ), #2805, .F. ) ;
#1310 = EDGE_CURVE ( 'NONE', #2332, #3295, #4576, .T. ) ;
#1311 = DIRECTION ( 'NONE',  ( 1.000000000000000000, 0.000000000000000000, 0.000000000000000000 ) ) ;
#1312 = DIRECTION ( 'NONE',  ( 0.000000000000000000, -1.000000000000000000, 0.000000000000000000 ) ) ;
#1313 = ADVANCED_FACE ( 'NONE', ( #2399 ), #3500, .F. ) ;
#1314 = VERTEX_POINT ( 'NONE', #4724 ) ;
#1315 = ORIENTED_EDGE ( 'NONE', *, *, #3660, .F. ) ;
#1316 = AXIS2_PLACEMENT_3D ( 'NONE', #1620, #750, #3464 ) ;
#1317 = CARTESIAN_POINT ( 'NONE',  ( 54.00000000000003553, 8.999999999999991118, -7.000000000000000000 ) ) ;
#1318 = CARTESIAN_POINT ( 'NONE',  ( 23.78335932933479313, 14.00762964041686587, -53.58070325442765380 ) ) ;
#1319 = CARTESIAN_POINT ( 'NONE',  ( 51.00027951109598945, 20.00000000000000000, -80.39275710926580132 ) ) ;
#1320 = CARTESIAN_POINT ( 'NONE',  ( 84.00000000000000000, 14.00000000000000000, -9.750000000000001776 ) ) ;
#1321 = CIRCLE ( 'NONE', #3282, 2.000000000000001776 ) ;
#1322 = VERTEX_POINT ( 'NONE', #410 ) ;
#1323 = EDGE_LOOP ( 'NONE', ( #2573, #4085, #3869, #646 ) ) ;
#1324 = CARTESIAN_POINT ( 'NONE',  ( 46.65862084187751435, 0.000000000000000000, -77.39275710926580132 ) ) ;
#1325 = VERTEX_POINT ( 'NONE', #4368 ) ;
#1326 = DIRECTION ( 'NONE',  ( -1.000000000000000000, 0.000000000000000000, 0.000000000000000000 ) ) ;
#1327 = CYLINDRICAL_SURFACE ( 'NONE', #3300, 5.000000000000000000 ) ;
#1328 = AXIS2_PLACEMENT_3D ( 'NONE', #4454, #4864, #4474 ) ;
#1329 = DIRECTION ( 'NONE',  ( 0.000000000000000000, -1.000000000000000000, 0.000000000000000000 ) ) ;
#1330 = VERTEX_POINT ( 'NONE', #1142 ) ;
#1331 = LINE ( 'NONE', #949, #4061 ) ;
#1332 = AXIS2_PLACEMENT_3D ( 'NONE', #3823, #322, #1032 ) ;
#1333 = EDGE_LOOP ( 'NONE', ( #709, #1246, #1573, #284 ) ) ;
#1334 = CARTESIAN_POINT ( 'NONE',  ( 74.49999999999985789, 19.00000000000000000, -53.75000000000012790 ) ) ;
#1335 = DIRECTION ( 'NONE',  ( 0.000000000000000000, 0.000000000000000000, 1.000000000000000000 ) ) ;
#1336 = CARTESIAN_POINT ( 'NONE',  ( 87.82842712474624136, 15.00000000000000533, 0.000000000000000000 ) ) ;
#1337 = ORIENTED_EDGE ( 'NONE', *, *, #3156, .T. ) ;
#1338 = ADVANCED_FACE ( 'NONE', ( #866 ), #480, .T. ) ;
#1339 = DIRECTION ( 'NONE',  ( 0.000000000000000000, -1.000000000000000000, 0.000000000000000000 ) ) ;
#1340 = PLANE ( 'NONE',  #4146 ) ;
#1341 = CARTESIAN_POINT ( 'NONE',  ( 48.82945017648675190, 20.00000000000000000, -76.63277040716165800 ) ) ;
#1342 = EDGE_CURVE ( 'NONE', #4622, #2091, #2216, .T. ) ;
#1343 = LINE ( 'NONE', #1320, #345 ) ;
#1344 = ORIENTED_EDGE ( 'NONE', *, *, #2304, .T. ) ;
#1345 = EDGE_CURVE ( 'NONE', #1785, #590, #3688, .T. ) ;
#1346 = LINE ( 'NONE', #247, #2117 ) ;
#1347 = VERTEX_POINT ( 'NONE', #4695 ) ;
#1348 = CARTESIAN_POINT ( 'NONE',  ( 28.50000000000001066, 14.00000000000000000, -60.25000000000000000 ) ) ;
#1349 = DIRECTION ( 'NONE',  ( -0.000000000000000000, 1.000000000000000000, -0.000000000000000000 ) ) ;
#1350 =( BOUNDED_CURVE ( )  B_SPLINE_CURVE ( 3, ( #3446, #1874, #349, #1901 ),
 .UNSPECIFIED., .F., .F. ) 
 B_SPLINE_CURVE_WITH_KNOTS ( ( 4, 4 ),
 ( 0.7853981633974477239, 1.570796326794896780 ),
 .UNSPECIFIED. ) 
 CURVE ( )  GEOMETRIC_REPRESENTATION_ITEM ( )  RATIONAL_B_SPLINE_CURVE ( ( 1.000000000000000000, 0.9492530216741910110, 0.9492530216741910110, 1.000000000000000000 ) ) 
 REPRESENTATION_ITEM ( '' )  );
#1351 = DIRECTION ( 'NONE',  ( 0.000000000000000000, 0.000000000000000000, 1.000000000000000000 ) ) ;
#1352 = CARTESIAN_POINT ( 'NONE',  ( 51.25000000000001421, 19.00000000000000000, -71.75000000000000000 ) ) ;
#1353 = ORIENTED_EDGE ( 'NONE', *, *, #3238, .T. ) ;
#1354 = ORIENTED_EDGE ( 'NONE', *, *, #1547, .F. ) ;
#1355 = DIRECTION ( 'NONE',  ( -0.000000000000000000, 1.000000000000000000, -0.000000000000000000 ) ) ;
#1356 = EDGE_CURVE ( 'NONE', #215, #4754, #3984, .T. ) ;
#1357 = CARTESIAN_POINT ( 'NONE',  ( 50.93881339071258196, 18.02960541477216339, -1.996513726471040195 ) ) ;
#1358 = ORIENTED_EDGE ( 'NONE', *, *, #4081, .F. ) ;
#1359 = AXIS2_PLACEMENT_3D ( 'NONE', #1745, #2915, #2147 ) ;
#1360 = CARTESIAN_POINT ( 'NONE',  ( 87.50000000000001421, 14.23030399291527637, -51.99999999999999289 ) ) ;
#1361 = LINE ( 'NONE', #4069, #3010 ) ;
#1362 = DIRECTION ( 'NONE',  ( 0.000000000000000000, 0.000000000000000000, -1.000000000000000000 ) ) ;
#1363 = AXIS2_PLACEMENT_3D ( 'NONE', #4571, #334, #4935 ) ;
#1364 = CARTESIAN_POINT ( 'NONE',  ( 25.00000000000001421, 14.23030399291524972, -51.99999999999990763 ) ) ;
#1365 = AXIS2_PLACEMENT_3D ( 'NONE', #2764, #878, #391 ) ;
#1366 = VERTEX_POINT ( 'NONE', #4419 ) ;
#1367 = FACE_OUTER_BOUND ( 'NONE', #3965, .T. ) ;
#1368 = VERTEX_POINT ( 'NONE', #2501 ) ;
#1369 = DIRECTION ( 'NONE',  ( 0.000000000000000000, 0.000000000000000000, -1.000000000000000000 ) ) ;
#1370 = CARTESIAN_POINT ( 'NONE',  ( 51.00027951109598945, 0.000000000000000000, -62.35281030084918541 ) ) ;
#1371 = CARTESIAN_POINT ( 'NONE',  ( 89.50000000000002842, 15.00000000000000000, -7.500000000000000000 ) ) ;
#1372 = ORIENTED_EDGE ( 'NONE', *, *, #4586, .F. ) ;
#1373 = CARTESIAN_POINT ( 'NONE',  ( 41.76316701949487253, 14.00000000000000000, -65.25000000000000000 ) ) ;
#1374 = CIRCLE ( 'NONE', #4223, 2.000000000000001776 ) ;
#1375 = ORIENTED_EDGE ( 'NONE', *, *, #1203, .T. ) ;
#1376 = AXIS2_PLACEMENT_3D ( 'NONE', #4006, #2418, #922 ) ;
#1377 = EDGE_LOOP ( 'NONE', ( #3881, #1315, #1550, #4259 ) ) ;
#1378 = CARTESIAN_POINT ( 'NONE',  ( 25.00000000000000711, 19.00000000000000000, -16.75000000000001066 ) ) ;
#1379 = CIRCLE ( 'NONE', #3511, 5.000000000000004441 ) ;
#1380 = DIRECTION ( 'NONE',  ( 0.000000000000000000, 0.000000000000000000, 1.000000000000000000 ) ) ;
#1381 = ORIENTED_EDGE ( 'NONE', *, *, #2907, .F. ) ;
#1382 = CARTESIAN_POINT ( 'NONE',  ( 48.82945017648675190, 20.00000000000000000, -67.61279700295332873 ) ) ;
#1383 = CARTESIAN_POINT ( 'NONE',  ( 23.50000000000000355, 14.00000000000000000, -14.75000000000000178 ) ) ;
#1384 = CARTESIAN_POINT ( 'NONE',  ( 24.92140524911113175, 14.20558708723444141, -51.99999999999994316 ) ) ;
#1385 = DIRECTION ( 'NONE',  ( 0.000000000000000000, 0.000000000000000000, -1.000000000000000000 ) ) ;
#1386 = DIRECTION ( 'NONE',  ( -0.000000000000000000, -1.000000000000000000, -0.000000000000000000 ) ) ;
#1387 = AXIS2_PLACEMENT_3D ( 'NONE', #4325, #344, #3843 ) ;
#1388 = EDGE_LOOP ( 'NONE', ( #3488, #3709 ) ) ;
#1389 = CARTESIAN_POINT ( 'NONE',  ( 61.25000000000002132, 16.00000000000000000, -82.24999999999998579 ) ) ;
#1390 = ORIENTED_EDGE ( 'NONE', *, *, #2417, .F. ) ;
#1391 = DIRECTION ( 'NONE',  ( 0.000000000000000000, 0.000000000000000000, -1.000000000000000000 ) ) ;
#1392 = DIRECTION ( 'NONE',  ( 0.000000000000000000, 0.000000000000000000, -1.000000000000000000 ) ) ;
#1393 = CIRCLE ( 'NONE', #4906, 1.500000000000001332 ) ;
#1394 = VECTOR ( 'NONE', #2786, 1000.000000000000000 ) ;
#1395 = TOROIDAL_SURFACE ( 'NONE', #2540, 12.49999999999999467, 2.000000000000000000 ) ;
#1396 = CARTESIAN_POINT ( 'NONE',  ( 49.83249681859877711, 17.86138288757737769, -0.8324968185981256319 ) ) ;
#1397 = EDGE_CURVE ( 'NONE', #904, #1812, #14, .T. ) ;
#1398 = VERTEX_POINT ( 'NONE', #2521 ) ;
#1399 = CIRCLE ( 'NONE', #4015, 1.500000000000001332 ) ;
#1400 = AXIS2_PLACEMENT_3D ( 'NONE', #3330, #2174, #4888 ) ;
#1401 = EDGE_CURVE ( 'NONE', #910, #2681, #4912, .T. ) ;
#1402 = DIRECTION ( 'NONE',  ( 0.000000000000000000, -1.000000000000000000, 0.000000000000000000 ) ) ;
#1403 = EDGE_CURVE ( 'NONE', #2740, #2295, #3199, .T. ) ;
#1404 = VECTOR ( 'NONE', #2470, 1000.000000000000000 ) ;
#1405 = VERTEX_POINT ( 'NONE', #925 ) ;
#1406 = ORIENTED_EDGE ( 'NONE', *, *, #1460, .T. ) ;
#1407 = CARTESIAN_POINT ( 'NONE',  ( 44.48779150726828391, 20.00000000000000000, -76.63277040716162958 ) ) ;
#1408 = DIRECTION ( 'NONE',  ( 0.000000000000000000, 1.000000000000000000, 0.000000000000000000 ) ) ;
#1409 = ORIENTED_EDGE ( 'NONE', *, *, #2793, .F. ) ;
#1410 = DIRECTION ( 'NONE',  ( 0.000000000000000000, 0.000000000000000000, -1.000000000000000000 ) ) ;
#1411 = CARTESIAN_POINT ( 'NONE',  ( 64.02525551875139342, 19.00000000000000000, -65.35281030084921383 ) ) ;
#1412 = CARTESIAN_POINT ( 'NONE',  ( 24.18079923701439071, 14.04621469191650718, -54.19771372177157076 ) ) ;
#1413 = CARTESIAN_POINT ( 'NONE',  ( 48.82945017648675190, 0.000000000000000000, -76.63277040716165800 ) ) ;
#1414 = EDGE_CURVE ( 'NONE', #4023, #1056, #991, .T. ) ;
#1415 = CARTESIAN_POINT ( 'NONE',  ( 25.00000000000000711, 19.00000000000000000, -15.50000000000001066 ) ) ;
#1416 = VECTOR ( 'NONE', #4650, 1000.000000000000000 ) ;
#1417 = VERTEX_POINT ( 'NONE', #2116 ) ;
#1418 = CYLINDRICAL_SURFACE ( 'NONE', #3582, 1.500000000000001332 ) ;
#1419 = CARTESIAN_POINT ( 'NONE',  ( 66.19608485336061676, 0.000000000000000000, -76.63277040716165800 ) ) ;
#1420 = DIRECTION ( 'NONE',  ( 0.000000000000000000, 0.000000000000000000, -1.000000000000000000 ) ) ;
#1421 = EDGE_CURVE ( 'NONE', #3138, #2462, #1399, .T. ) ;
#1422 = EDGE_CURVE ( 'NONE', #875, #1744, #4498, .T. ) ;
#1423 = LINE ( 'NONE', #1875, #2376 ) ;
#1424 = ORIENTED_EDGE ( 'NONE', *, *, #3892, .T. ) ;
#1425 = DIRECTION ( 'NONE',  ( -0.000000000000000000, 1.000000000000000000, -0.000000000000000000 ) ) ;
#1426 = CARTESIAN_POINT ( 'NONE',  ( 53.17110884570521989, 0.000000000000000000, -76.63277040716165800 ) ) ;
#1427 = VERTEX_POINT ( 'NONE', #584 ) ;
#1428 = VERTEX_POINT ( 'NONE', #968 ) ;
#1429 = DIRECTION ( 'NONE',  ( 0.000000000000000000, 0.000000000000000000, 1.000000000000000000 ) ) ;
#1430 = FACE_BOUND ( 'NONE', #2923, .T. ) ;
#1431 = ORIENTED_EDGE ( 'NONE', *, *, #1629, .T. ) ;
#1432 = CARTESIAN_POINT ( 'NONE',  ( 55.34193818031445744, 19.00000000000000000, -65.35281030084921383 ) ) ;
#1433 = DIRECTION ( 'NONE',  ( -0.000000000000000000, 1.000000000000000000, -0.000000000000000000 ) ) ;
#1434 = DIRECTION ( 'NONE',  ( 0.000000000000000000, -1.000000000000000000, -0.000000000000000000 ) ) ;
#1435 = DIRECTION ( 'NONE',  ( 0.000000000000000000, 0.000000000000000000, 1.000000000000000000 ) ) ;
#1436 = DIRECTION ( 'NONE',  ( -1.000000000000000000, 0.000000000000000000, -0.000000000000000000 ) ) ;
#1437 = ORIENTED_EDGE ( 'NONE', *, *, #4489, .T. ) ;
#1438 = DIRECTION ( 'NONE',  ( -0.000000000000000000, 1.000000000000000000, -0.000000000000000000 ) ) ;
#1439 = CARTESIAN_POINT ( 'NONE',  ( 64.51584715477328302, 18.97015514429608274, -55.25000000000000000 ) ) ;
#1440 = PLANE ( 'NONE',  #1444 ) ;
#1441 = VECTOR ( 'NONE', #3838, 1000.000000000000000 ) ;
#1442 = CARTESIAN_POINT ( 'NONE',  ( 48.54882409490850392, 17.48161713944585216, -0.6287520327591026303 ) ) ;
#1443 = EDGE_CURVE ( 'NONE', #4309, #412, #3527, .T. ) ;
#1444 = AXIS2_PLACEMENT_3D ( 'NONE', #4632, #1521, #5000 ) ;
#1445 = ORIENTED_EDGE ( 'NONE', *, *, #1182, .F. ) ;
#1446 = CARTESIAN_POINT ( 'NONE',  ( 48.82945017648675190, 19.00000000000000000, -73.63277040716165800 ) ) ;
#1447 = AXIS2_PLACEMENT_3D ( 'NONE', #4283, #1276, #1223 ) ;
#1448 = CARTESIAN_POINT ( 'NONE',  ( 87.50000000000001421, 19.00000000000000000, -53.24999999999999289 ) ) ;
#1449 = VECTOR ( 'NONE', #4128, 1000.000000000000000 ) ;
#1450 = ORIENTED_EDGE ( 'NONE', *, *, #5046, .T. ) ;
#1451 = ORIENTED_EDGE ( 'NONE', *, *, #2166, .T. ) ;
#1452 = FACE_OUTER_BOUND ( 'NONE', #4700, .T. ) ;
#1453 = CARTESIAN_POINT ( 'NONE',  ( 42.31696217265903925, 20.00000000000000000, -71.37278370505748626 ) ) ;
#1454 = VECTOR ( 'NONE', #2924, 1000.000000000000000 ) ;
#1455 = ORIENTED_EDGE ( 'NONE', *, *, #1947, .F. ) ;
#1456 = CARTESIAN_POINT ( 'NONE',  ( 46.65862084187751435, 20.00000000000000000, -72.87278370505748626 ) ) ;
#1457 = SURFACE_STYLE_USAGE ( .BOTH. , #2175 ) ;
#1458 = ADVANCED_FACE ( 'NONE', ( #3247 ), #2089, .F. ) ;
#1459 = CARTESIAN_POINT ( 'NONE',  ( 61.25000000000002132, 18.89897948556635399, -55.25000000000000000 ) ) ;
#1460 = EDGE_CURVE ( 'NONE', #138, #4292, #3936, .T. ) ;
#1461 = EDGE_CURVE ( 'NONE', #3743, #4881, #3609, .T. ) ;
#1462 = AXIS2_PLACEMENT_3D ( 'NONE', #1545, #4631, #3822 ) ;
#1463 = EDGE_CURVE ( 'NONE', #4844, #4199, #2910, .T. ) ;
#1464 = DIRECTION ( 'NONE',  ( -0.000000000000000000, -1.000000000000000000, -0.000000000000000000 ) ) ;
#1465 = EDGE_CURVE ( 'NONE', #3013, #2247, #339, .T. ) ;
#1466 = CARTESIAN_POINT ( 'NONE',  ( 46.65862084187751435, 19.00000000000000000, -72.87278370505748626 ) ) ;
#1467 = ORIENTED_EDGE ( 'NONE', *, *, #2569, .T. ) ;
#1468 = CIRCLE ( 'NONE', #4408, 2.000000000000001332 ) ;
#1469 = FACE_BOUND ( 'NONE', #3109, .T. ) ;
#1470 = DIRECTION ( 'NONE',  ( 0.000000000000000000, 0.000000000000000000, 1.000000000000000000 ) ) ;
#1471 = CARTESIAN_POINT ( 'NONE',  ( 51.00027951109598945, 20.00000000000000000, -69.87278370505750047 ) ) ;
#1472 = FACE_OUTER_BOUND ( 'NONE', #4395, .T. ) ;
#1473 = CARTESIAN_POINT ( 'NONE',  ( 88.70887087057698750, 14.00845590966433996, -53.57856704295824102 ) ) ;
#1474 = AXIS2_PLACEMENT_3D ( 'NONE', #1895, #4272, #2330 ) ;
#1475 = VERTEX_POINT ( 'NONE', #2067 ) ;
#1476 = AXIS2_PLACEMENT_3D ( 'NONE', #4471, #3809, #1046 ) ;
#1477 = DIRECTION ( 'NONE',  ( 0.000000000000000000, -1.000000000000000000, -0.000000000000000000 ) ) ;
#1478 = CARTESIAN_POINT ( 'NONE',  ( 50.43315623301151618, 18.89897948556635399, -55.25000000000000000 ) ) ;
#1479 = AXIS2_PLACEMENT_3D ( 'NONE', #3319, #4856, #2930 ) ;
#1480 = CIRCLE ( 'NONE', #4833, 1.500000000000001332 ) ;
#1481 = EDGE_LOOP ( 'NONE', ( #868, #2809, #1616, #3400 ) ) ;
#1482 = ORIENTED_EDGE ( 'NONE', *, *, #3021, .F. ) ;
#1483 = FACE_OUTER_BOUND ( 'NONE', #210, .T. ) ;
#1484 = AXIS2_PLACEMENT_3D ( 'NONE', #2109, #4478, #2438 ) ;
#1485 = CARTESIAN_POINT ( 'NONE',  ( 48.82945017648675190, 20.00000000000000000, -75.13277040716165800 ) ) ;
#1486 = EDGE_LOOP ( 'NONE', ( #276, #2879, #1643, #1255 ) ) ;
#1487 = FACE_OUTER_BOUND ( 'NONE', #933, .T. ) ;
#1488 = DIRECTION ( 'NONE',  ( 0.000000000000000000, 0.000000000000000000, -1.000000000000000000 ) ) ;
#1489 = DIRECTION ( 'NONE',  ( 0.000000000000000000, 1.000000000000000000, 0.000000000000000000 ) ) ;
#1490 = DIRECTION ( 'NONE',  ( -2.973811673103097665E-16, 0.000000000000000000, -1.000000000000000000 ) ) ;
#1491 = DIRECTION ( 'NONE',  ( 0.000000000000000000, 1.000000000000000000, 0.000000000000000000 ) ) ;
#1492 = EDGE_CURVE ( 'NONE', #1807, #412, #1883, .T. ) ;
#1493 = EDGE_LOOP ( 'NONE', ( #1707, #2053 ) ) ;
#1494 = AXIS2_PLACEMENT_3D ( 'NONE', #1134, #4533, #3079 ) ;
#1495 = EDGE_CURVE ( 'NONE', #3087, #96, #4169, .T. ) ;
#1496 = CARTESIAN_POINT ( 'NONE',  ( 46.65862084187751435, 20.00000000000000000, -69.87278370505747205 ) ) ;
#1497 = CARTESIAN_POINT ( 'NONE',  ( 24.37907514662846609, 14.07544058072311266, -15.65283763063173339 ) ) ;
#1498 = FACE_OUTER_BOUND ( 'NONE', #4287, .T. ) ;
#1499 = DIRECTION ( 'NONE',  ( 0.000000000000000000, 0.000000000000000000, 1.000000000000000000 ) ) ;
#1500 = VECTOR ( 'NONE', #1892, 1000.000000000000000 ) ;
#1501 = CARTESIAN_POINT ( 'NONE',  ( 89.00000000000002842, 14.00000000000000000, -60.25000000000000000 ) ) ;
#1502 = ORIENTED_EDGE ( 'NONE', *, *, #4803, .T. ) ;
#1503 = CARTESIAN_POINT ( 'NONE',  ( 7.499999999999998224, 20.00000000000000000, -7.500000000000000000 ) ) ;
#1504 = DIRECTION ( 'NONE',  ( 0.000000000000000000, 0.000000000000000000, -1.000000000000000000 ) ) ;
#1505 = CARTESIAN_POINT ( 'NONE',  ( 59.68359684953292543, 19.00000000000000000, -71.37278370505751468 ) ) ;
#1506 = ORIENTED_EDGE ( 'NONE', *, *, #1527, .T. ) ;
#1507 = ORIENTED_EDGE ( 'NONE', *, *, #2372, .T. ) ;
#1508 = DIRECTION ( 'NONE',  ( -3.426614273534433207E-16, 0.000000000000000000, 1.000000000000000000 ) ) ;
#1509 = AXIS2_PLACEMENT_3D ( 'NONE', #2445, #2010, #3934 ) ;
#1510 = VERTEX_POINT ( 'NONE', #3634 ) ;
#1511 = ADVANCED_FACE ( 'NONE', ( #4037 ), #1014, .T. ) ;
#1512 = CARTESIAN_POINT ( 'NONE',  ( 89.49999999999998579, 20.00000000000000000, -140.0000000000000000 ) ) ;
#1513 = CARTESIAN_POINT ( 'NONE',  ( 51.00027951109598945, 19.00000000000000000, -63.85281030084918541 ) ) ;
#1514 = FACE_OUTER_BOUND ( 'NONE', #555, .T. ) ;
#1515 = FACE_OUTER_BOUND ( 'NONE', #770, .T. ) ;
#1516 = CARTESIAN_POINT ( 'NONE',  ( 55.34193818031445744, 20.00000000000000000, -71.37278370505751468 ) ) ;
#1517 = EDGE_LOOP ( 'NONE', ( #1262, #934, #1756, #2707, #368, #3579, #4138, #2938 ) ) ;
#1518 = CARTESIAN_POINT ( 'NONE',  ( 57.51276751492369499, 19.00000000000000000, -76.63277040716165800 ) ) ;
#1519 = CARTESIAN_POINT ( 'NONE',  ( 5.999999999999973355, 0.000000000000000000, -134.0000000000000000 ) ) ;
#1520 = DIRECTION ( 'NONE',  ( 0.000000000000000000, 1.000000000000000000, 0.000000000000000000 ) ) ;
#1521 = DIRECTION ( 'NONE',  ( 0.000000000000000000, 0.000000000000000000, -1.000000000000000000 ) ) ;
#1522 = DIRECTION ( 'NONE',  ( 1.000000000000000000, 0.000000000000000000, -1.982541115402065356E-16 ) ) ;
#1523 = ORIENTED_EDGE ( 'NONE', *, *, #3214, .F. ) ;
#1524 = DIRECTION ( 'NONE',  ( -0.000000000000000000, 1.000000000000000000, -0.000000000000000000 ) ) ;
#1525 = VECTOR ( 'NONE', #690, 1000.000000000000000 ) ;
#1526 = CARTESIAN_POINT ( 'NONE',  ( 87.50000000000001421, 19.00000000000000000, -51.99999999999999289 ) ) ;
#1527 = EDGE_CURVE ( 'NONE', #4685, #307, #1423, .T. ) ;
#1528 = EDGE_CURVE ( 'NONE', #2845, #3949, #4176, .T. ) ;
#1529 = CARTESIAN_POINT ( 'NONE',  ( 66.14897948556637175, 14.00000000000000000, -60.25000000000000000 ) ) ;
#1530 = ORIENTED_EDGE ( 'NONE', *, *, #4391, .T. ) ;
#1531 = VERTEX_POINT ( 'NONE', #3005 ) ;
#1532 = CARTESIAN_POINT ( 'NONE',  ( 85.78492801674123314, 19.67719910948341422, -3.229116829101608577 ) ) ;
#1533 = ORIENTED_EDGE ( 'NONE', *, *, #777, .T. ) ;
#1534 = CARTESIAN_POINT ( 'NONE',  ( 42.31696217265903925, 19.00000000000000000, -69.87278370505747205 ) ) ;
#1535 = CARTESIAN_POINT ( 'NONE',  ( 64.02525551875139342, 0.000000000000000000, -78.89275710926580132 ) ) ;
#1536 = DIRECTION ( 'NONE',  ( -2.775557561562890957E-15, 1.000000000000000000, 0.000000000000000000 ) ) ;
#1537 =( BOUNDED_CURVE ( )  B_SPLINE_CURVE ( 3, ( #4384, #1753, #3647, #4867 ),
 .UNSPECIFIED., .F., .F. ) 
 B_SPLINE_CURVE_WITH_KNOTS ( ( 4, 4 ),
 ( 0.000000000000000000, 1.570796326794896780 ),
 .UNSPECIFIED. ) 
 CURVE ( )  GEOMETRIC_REPRESENTATION_ITEM ( )  RATIONAL_B_SPLINE_CURVE ( ( 1.000000000000000000, 0.8047378541243649375, 0.8047378541243649375, 1.000000000000000000 ) ) 
 REPRESENTATION_ITEM ( '' )  );
#1538 = CARTESIAN_POINT ( 'NONE',  ( 36.10952922903808116, 16.00000000000000000, -73.25000000000000000 ) ) ;
#1539 = AXIS2_PLACEMENT_3D ( 'NONE', #979, #2536, #2491 ) ;
#1540 = FACE_OUTER_BOUND ( 'NONE', #2969, .T. ) ;
#1541 = EDGE_LOOP ( 'NONE', ( #1278, #873, #430, #1686 ) ) ;
#1542 = FACE_BOUND ( 'NONE', #1777, .T. ) ;
#1543 = VECTOR ( 'NONE', #2282, 1000.000000000000000 ) ;
#1544 = CYLINDRICAL_SURFACE ( 'NONE', #3263, 1.500000000000001332 ) ;
#1545 = CARTESIAN_POINT ( 'NONE',  ( 46.65862084187751435, 0.000000000000000000, -78.89275710926580132 ) ) ;
#1546 = FACE_OUTER_BOUND ( 'NONE', #4369, .T. ) ;
#1547 = EDGE_CURVE ( 'NONE', #3307, #1999, #184, .T. ) ;
#1548 = CYLINDRICAL_SURFACE ( 'NONE', #995, 5.000000000000000000 ) ;
#1549 = VECTOR ( 'NONE', #4225, 1000.000000000000000 ) ;
#1550 = ORIENTED_EDGE ( 'NONE', *, *, #561, .F. ) ;
#1551 = CARTESIAN_POINT ( 'NONE',  ( 55.34193818031445744, 20.00000000000000000, -63.85281030084921383 ) ) ;
#1552 = ORIENTED_EDGE ( 'NONE', *, *, #648, .F. ) ;
#1553 = DIRECTION ( 'NONE',  ( 1.000000000000000000, 0.000000000000000000, 0.000000000000000000 ) ) ;
#1554 = EDGE_CURVE ( 'NONE', #3728, #1667, #826, .T. ) ;
#1555 = DIRECTION ( 'NONE',  ( 0.000000000000000000, 0.000000000000000000, 1.000000000000000000 ) ) ;
#1556 = ORIENTED_EDGE ( 'NONE', *, *, #1213, .F. ) ;
#1557 = CIRCLE ( 'NONE', #2865, 10.49999999999999467 ) ;
#1558 = EDGE_CURVE ( 'NONE', #3267, #3755, #2951, .T. ) ;
#1559 = VERTEX_POINT ( 'NONE', #1191 ) ;
#1560 = EDGE_CURVE ( 'NONE', #5061, #809, #4340, .T. ) ;
#1561 = VECTOR ( 'NONE', #243, 1000.000000000000000 ) ;
#1562 = DIRECTION ( 'NONE',  ( 0.000000000000000000, -1.000000000000000000, 0.000000000000000000 ) ) ;
#1563 = EDGE_LOOP ( 'NONE', ( #4949, #3228, #2882, #5053 ) ) ;
#1564 = ADVANCED_FACE ( 'NONE', ( #1981 ), #3107, .T. ) ;
#1565 = ORIENTED_EDGE ( 'NONE', *, *, #4060, .T. ) ;
#1566 = DIRECTION ( 'NONE',  ( 0.000000000000000000, 0.000000000000000000, -1.000000000000000000 ) ) ;
#1567 = AXIS2_PLACEMENT_3D ( 'NONE', #1610, #3166, #2318 ) ;
#1568 = AXIS2_PLACEMENT_3D ( 'NONE', #4738, #498, #3925 ) ;
#1569 = DIRECTION ( 'NONE',  ( 0.000000000000000000, -1.000000000000000000, -0.000000000000000000 ) ) ;
#1570 = CARTESIAN_POINT ( 'NONE',  ( 0.000000000000000000, 0.000000000000000000, 0.000000000000000000 ) ) ;
#1571 = DIRECTION ( 'NONE',  ( 0.000000000000000000, 0.000000000000000000, 1.000000000000000000 ) ) ;
#1572 = FACE_OUTER_BOUND ( 'NONE', #2903, .T. ) ;
#1573 = ORIENTED_EDGE ( 'NONE', *, *, #1687, .T. ) ;
#1574 = ORIENTED_EDGE ( 'NONE', *, *, #3059, .F. ) ;
#1575 = DIRECTION ( 'NONE',  ( -0.000000000000000000, 1.000000000000000000, -0.000000000000000000 ) ) ;
#1576 = CARTESIAN_POINT ( 'NONE',  ( 24.00535603700005538, 14.02419512319700523, -15.97516175070144406 ) ) ;
#1577 = CARTESIAN_POINT ( 'NONE',  ( 44.48779150726828391, 20.00000000000000000, -67.61279700295332873 ) ) ;
#1578 = EDGE_CURVE ( 'NONE', #4113, #3267, #66, .T. ) ;
#1579 = ADVANCED_FACE ( 'NONE', ( #2723 ), #1548, .T. ) ;
#1580 = FACE_OUTER_BOUND ( 'NONE', #4851, .T. ) ;
#1581 = VERTEX_POINT ( 'NONE', #2773 ) ;
#1582 = DIRECTION ( 'NONE',  ( -0.000000000000000000, 1.000000000000000000, -0.000000000000000000 ) ) ;
#1583 = ORIENTED_EDGE ( 'NONE', *, *, #1897, .F. ) ;
#1584 = EDGE_CURVE ( 'NONE', #4482, #4887, #16, .T. ) ;
#1585 = CYLINDRICAL_SURFACE ( 'NONE', #2835, 1.500000000000001332 ) ;
#1586 = FACE_OUTER_BOUND ( 'NONE', #942, .T. ) ;
#1587 = EDGE_CURVE ( 'NONE', #2121, #3329, #4666, .T. ) ;
#1588 = DIRECTION ( 'NONE',  ( 0.000000000000000000, 0.000000000000000000, -1.000000000000000000 ) ) ;
#1589 = VECTOR ( 'NONE', #4836, 1000.000000000000000 ) ;
#1590 = ORIENTED_EDGE ( 'NONE', *, *, #111, .T. ) ;
#1591 = ORIENTED_EDGE ( 'NONE', *, *, #1465, .F. ) ;
#1592 = ADVANCED_FACE ( 'NONE', ( #1580 ), #2391, .F. ) ;
#1593 = CARTESIAN_POINT ( 'NONE',  ( 85.24842748806659642, 18.69845446785787502, -2.184835519145754468 ) ) ;
#1594 = ORIENTED_EDGE ( 'NONE', *, *, #2703, .T. ) ;
#1595 = VERTEX_POINT ( 'NONE', #3187 ) ;
#1596 = DIRECTION ( 'NONE',  ( 0.000000000000000000, -1.000000000000000000, 0.000000000000000000 ) ) ;
#1597 = CARTESIAN_POINT ( 'NONE',  ( 51.00027951109598945, 0.000000000000000000, -71.37278370505751468 ) ) ;
#1598 = CARTESIAN_POINT ( 'NONE',  ( 86.16750318139999365, 17.86138288757801718, -0.8324968185978941504 ) ) ;
#1599 = ORIENTED_EDGE ( 'NONE', *, *, #3238, .F. ) ;
#1600 = ORIENTED_EDGE ( 'NONE', *, *, #3627, .F. ) ;
#1601 = CARTESIAN_POINT ( 'NONE',  ( 59.68359684953292543, 0.000000000000000000, -71.37278370505751468 ) ) ;
#1602 = CARTESIAN_POINT ( 'NONE',  ( 55.34193818031445744, 20.00000000000000000, -77.39275710926580132 ) ) ;
#1603 = DIRECTION ( 'NONE',  ( 0.000000000000000000, -1.000000000000000000, 0.000000000000000000 ) ) ;
#1604 = CARTESIAN_POINT ( 'NONE',  ( 26.08107335692185913, 14.71698865455736005, -52.60053718510936704 ) ) ;
#1605 = ORIENTED_EDGE ( 'NONE', *, *, #2368, .F. ) ;
#1606 = CARTESIAN_POINT ( 'NONE',  ( 51.25000000000001421, 14.00000000000000000, -71.75000000000000000 ) ) ;
#1607 = ORIENTED_EDGE ( 'NONE', *, *, #1198, .F. ) ;
#1608 = DIRECTION ( 'NONE',  ( -0.000000000000000000, 1.000000000000000000, -0.000000000000000000 ) ) ;
#1609 = DIRECTION ( 'NONE',  ( -0.000000000000000000, -1.000000000000000000, -0.000000000000000000 ) ) ;
#1610 = CARTESIAN_POINT ( 'NONE',  ( 66.19608485336061676, 0.000000000000000000, -67.61279700295335715 ) ) ;
#1611 = EDGE_CURVE ( 'NONE', #1559, #4779, #4634, .T. ) ;
#1612 = EDGE_CURVE ( 'NONE', #3943, #4335, #3873, .T. ) ;
#1613 = VERTEX_POINT ( 'NONE', #5051 ) ;
#1614 = CIRCLE ( 'NONE', #143, 1.500000000000001332 ) ;
#1615 = DIRECTION ( 'NONE',  ( -0.000000000000000000, 1.000000000000000000, -0.000000000000000000 ) ) ;
#1616 = ORIENTED_EDGE ( 'NONE', *, *, #1495, .F. ) ;
#1617 = ORIENTED_EDGE ( 'NONE', *, *, #3641, .T. ) ;
#1618 = CARTESIAN_POINT ( 'NONE',  ( 53.17110884570521989, 20.00000000000000000, -76.63277040716165800 ) ) ;
#1619 = APPLICATION_PROTOCOL_DEFINITION ( 'draft international standard', 'automotive_design', 1998, #4445 ) ;
#1620 = CARTESIAN_POINT ( 'NONE',  ( 55.34193818031445744, 20.00000000000000000, -71.37278370505751468 ) ) ;
#1621 = EDGE_LOOP ( 'NONE', ( #1896, #362, #4548, #35 ) ) ;
#1622 = VERTEX_POINT ( 'NONE', #1956 ) ;
#1623 = ADVANCED_FACE ( 'NONE', ( #452 ), #3571, .F. ) ;
#1624 = LINE ( 'NONE', #87, #1966 ) ;
#1625 = ORIENTED_EDGE ( 'NONE', *, *, #4553, .F. ) ;
#1626 = ADVANCED_FACE ( 'NONE', ( #3136 ), #1217, .F. ) ;
#1627 = FACE_OUTER_BOUND ( 'NONE', #4185, .T. ) ;
#1628 = CARTESIAN_POINT ( 'NONE',  ( 55.34193818031445744, 19.00000000000000000, -71.37278370505751468 ) ) ;
#1629 = EDGE_CURVE ( 'NONE', #1622, #2845, #3615, .T. ) ;
#1630 = DIRECTION ( 'NONE',  ( 0.000000000000000000, 0.000000000000000000, 1.000000000000000000 ) ) ;
#1631 = CIRCLE ( 'NONE', #161, 1.500000000000001332 ) ;
#1632 = ORIENTED_EDGE ( 'NONE', *, *, #1090, .T. ) ;
#1633 = CARTESIAN_POINT ( 'NONE',  ( 47.81975701414417301, 14.49455961457949016, -55.24999999999999289 ) ) ;
#1634 = ORIENTED_EDGE ( 'NONE', *, *, #2806, .T. ) ;
#1635 = CYLINDRICAL_SURFACE ( 'NONE', #4227, 1.500000000000001332 ) ;
#1636 = CYLINDRICAL_SURFACE ( 'NONE', #1955, 1.500000000000001332 ) ;
#1637 = AXIS2_PLACEMENT_3D ( 'NONE', #2848, #887, #3999 ) ;
#1638 = CARTESIAN_POINT ( 'NONE',  ( 57.51276751492369499, 20.00000000000000000, -76.63277040716165800 ) ) ;
#1639 = CIRCLE ( 'NONE', #4323, 2.000000000000001776 ) ;
#1640 = ORIENTED_EDGE ( 'NONE', *, *, #4828, .T. ) ;
#1641 = VECTOR ( 'NONE', #4843, 1000.000000000000000 ) ;
#1642 = VERTEX_POINT ( 'NONE', #860 ) ;
#1643 = ORIENTED_EDGE ( 'NONE', *, *, #1791, .T. ) ;
#1644 = CARTESIAN_POINT ( 'NONE',  ( 53.17110884570521989, 0.000000000000000000, -73.63277040716165800 ) ) ;
#1645 = AXIS2_PLACEMENT_3D ( 'NONE', #1102, #2558, #1488 ) ;
#1646 = AXIS2_PLACEMENT_3D ( 'NONE', #4621, #3044, #1889 ) ;
#1647 = CARTESIAN_POINT ( 'NONE',  ( 54.00000000000002132, 13.99999999999999112, -5.000000000000087930 ) ) ;
#1648 = CARTESIAN_POINT ( 'NONE',  ( 87.82842712474193547, 15.51601320452212995, -5.967601465326829127E-16 ) ) ;
#1649 = ORIENTED_EDGE ( 'NONE', *, *, #2581, .F. ) ;
#1650 = CIRCLE ( 'NONE', #2702, 1.500000000000001332 ) ;
#1651 = ORIENTED_EDGE ( 'NONE', *, *, #2451, .T. ) ;
#1652 = FACE_OUTER_BOUND ( 'NONE', #4509, .T. ) ;
#1653 = CARTESIAN_POINT ( 'NONE',  ( 40.02502783967819511, 16.00000000000000000, -77.25000000000000000 ) ) ;
#1654 = CARTESIAN_POINT ( 'NONE',  ( 89.49999999999998579, 15.00000000000000000, -132.5000000000000000 ) ) ;
#1655 = AXIS2_PLACEMENT_3D ( 'NONE', #4968, #1491, #2156 ) ;
#1656 = DIRECTION ( 'NONE',  ( -2.775557561562891351E-15, 1.000000000000000000, 0.000000000000000000 ) ) ;
#1657 = EDGE_CURVE ( 'NONE', #4779, #890, #2891, .T. ) ;
#1658 = ORIENTED_EDGE ( 'NONE', *, *, #1397, .F. ) ;
#1659 = CARTESIAN_POINT ( 'NONE',  ( 66.14897948556637175, 19.00000000000000000, -55.25000000000000000 ) ) ;
#1660 = ORIENTED_EDGE ( 'NONE', *, *, #2323, .F. ) ;
#1661 = CARTESIAN_POINT ( 'NONE',  ( 86.28579732692699622, 14.80009570367995586, -17.09089991001608766 ) ) ;
#1662 = CARTESIAN_POINT ( 'NONE',  ( 59.68359684953292543, 20.00000000000000000, -62.35281030084921383 ) ) ;
#1663 = DIRECTION ( 'NONE',  ( -1.000000000000000000, 0.000000000000000000, 3.469446951953611231E-16 ) ) ;
#1664 = ORIENTED_EDGE ( 'NONE', *, *, #859, .F. ) ;
#1665 = CARTESIAN_POINT ( 'NONE',  ( 7.499999999999998224, 15.00000000000000000, -7.500000000000000000 ) ) ;
#1666 = ORIENTED_EDGE ( 'NONE', *, *, #3421, .F. ) ;
#1667 = VERTEX_POINT ( 'NONE', #4850 ) ;
#1668 = DIRECTION ( 'NONE',  ( 0.000000000000000000, 1.000000000000000000, 0.000000000000000000 ) ) ;
#1669 = CARTESIAN_POINT ( 'NONE',  ( -2.775557561562891351E-14, 20.00000000000000000, -140.0000000000000000 ) ) ;
#1670 = CARTESIAN_POINT ( 'NONE',  ( 7.499999999999973355, 15.00000000000000000, -132.5000000000000000 ) ) ;
#1671 = EDGE_CURVE ( 'NONE', #1969, #215, #2958, .T. ) ;
#1672 = ORIENTED_EDGE ( 'NONE', *, *, #3341, .F. ) ;
#1673 = VERTEX_POINT ( 'NONE', #550 ) ;
#1674 = FACE_OUTER_BOUND ( 'NONE', #233, .T. ) ;
#1675 = FACE_BOUND ( 'NONE', #1122, .T. ) ;
#1676 = LINE ( 'NONE', #1216, #3091 ) ;
#1677 = DIRECTION ( 'NONE',  ( 0.000000000000000000, 0.000000000000000000, -1.000000000000000000 ) ) ;
#1678 = ORIENTED_EDGE ( 'NONE', *, *, #280, .F. ) ;
#1679 = ORIENTED_EDGE ( 'NONE', *, *, #133, .F. ) ;
#1680 = DIRECTION ( 'NONE',  ( 1.000000000000000000, 0.000000000000000000, 0.000000000000000000 ) ) ;
#1681 = ORIENTED_EDGE ( 'NONE', *, *, #2213, .T. ) ;
#1682 = CARTESIAN_POINT ( 'NONE',  ( 36.10952922903808116, 19.00000000000000000, -69.24999999999998579 ) ) ;
#1683 = DIRECTION ( 'NONE',  ( 0.000000000000000000, 0.000000000000000000, 1.000000000000000000 ) ) ;
#1684 = CARTESIAN_POINT ( 'NONE',  ( 61.25000000000002132, 16.00000000000000000, -71.75000000000000000 ) ) ;
#1685 = EDGE_CURVE ( 'NONE', #307, #4736, #1730, .T. ) ;
#1686 = ORIENTED_EDGE ( 'NONE', *, *, #2429, .F. ) ;
#1687 = EDGE_CURVE ( 'NONE', #3413, #3174, #4995, .T. ) ;
#1688 = EDGE_LOOP ( 'NONE', ( #3179, #2677, #2852, #4371 ) ) ;
#1689 = EDGE_CURVE ( 'NONE', #4622, #2356, #3239, .T. ) ;
#1690 = EDGE_CURVE ( 'NONE', #2295, #2740, #2057, .T. ) ;
#1691 = VERTEX_POINT ( 'NONE', #4435 ) ;
#1692 = DIRECTION ( 'NONE',  ( -0.000000000000000000, 1.000000000000000000, 0.000000000000000000 ) ) ;
#1693 = CIRCLE ( 'NONE', #1033, 1.500000000000001332 ) ;
#1694 = CIRCLE ( 'NONE', #4953, 1.500000000000001332 ) ;
#1695 = CARTESIAN_POINT ( 'NONE',  ( 64.02525551875139342, 19.00000000000000000, -78.89275710926580132 ) ) ;
#1696 = LINE ( 'NONE', #1286, #2285 ) ;
#1697 = VECTOR ( 'NONE', #4827, 1000.000000000000000 ) ;
#1698 = VECTOR ( 'NONE', #1865, 1000.000000000000000 ) ;
#1699 = ORIENTED_EDGE ( 'NONE', *, *, #4696, .T. ) ;
#1700 = ORIENTED_EDGE ( 'NONE', *, *, #967, .F. ) ;
#1701 = CARTESIAN_POINT ( 'NONE',  ( 25.00000000000000711, 19.00000000000000000, -16.75000000000001066 ) ) ;
#1702 = DIRECTION ( 'NONE',  ( 0.000000000000000000, -0.000000000000000000, -1.000000000000000000 ) ) ;
#1703 = DIRECTION ( 'NONE',  ( -0.000000000000000000, 1.000000000000000000, -0.000000000000000000 ) ) ;
#1704 = CIRCLE ( 'NONE', #3003, 2.000000000000001776 ) ;
#1705 = DIRECTION ( 'NONE',  ( -1.000000000000000000, 0.000000000000000000, 0.000000000000000000 ) ) ;
#1706 = ORIENTED_EDGE ( 'NONE', *, *, #1741, .T. ) ;
#1707 = ORIENTED_EDGE ( 'NONE', *, *, #3833, .F. ) ;
#1708 = DIRECTION ( 'NONE',  ( 0.000000000000000000, 0.000000000000000000, 1.000000000000000000 ) ) ;
#1709 = ORIENTED_EDGE ( 'NONE', *, *, #3167, .F. ) ;
#1710 = CARTESIAN_POINT ( 'NONE',  ( 86.41821372099138898, 14.71742228812048481, -17.39825868794436303 ) ) ;
#1711 = CARTESIAN_POINT ( 'NONE',  ( 88.25968553571064490, 14.05369295432311461, -17.75626478252016582 ) ) ;
#1712 = DIRECTION ( 'NONE',  ( 0.000000000000000000, 0.000000000000000000, -1.000000000000000000 ) ) ;
#1713 = EDGE_LOOP ( 'NONE', ( #3779, #4288 ) ) ;
#1714 = CARTESIAN_POINT ( 'NONE',  ( 51.00027951109598945, 0.000000000000000000, -63.85281030084918541 ) ) ;
#1715 = CIRCLE ( 'NONE', #729, 4.999999999999997335 ) ;
#1716 = AXIS2_PLACEMENT_3D ( 'NONE', #98, #511, #3602 ) ;
#1717 = EDGE_CURVE ( 'NONE', #2751, #1257, #201, .T. ) ;
#1718 = AXIS2_PLACEMENT_3D ( 'NONE', #431, #3902, #2263 ) ;
#1719 = ORIENTED_EDGE ( 'NONE', *, *, #2321, .T. ) ;
#1720 = EDGE_CURVE ( 'NONE', #2550, #3972, #1343, .T. ) ;
#1721 = LINE ( 'NONE', #593, #549 ) ;
#1722 = FACE_OUTER_BOUND ( 'NONE', #2133, .T. ) ;
#1723 = EDGE_CURVE ( 'NONE', #612, #3972, #1537, .T. ) ;
#1724 = FACE_OUTER_BOUND ( 'NONE', #1265, .T. ) ;
#1725 = ORIENTED_EDGE ( 'NONE', *, *, #190, .T. ) ;
#1726 = AXIS2_PLACEMENT_3D ( 'NONE', #4118, #2561, #4581 ) ;
#1727 = DIRECTION ( 'NONE',  ( -0.000000000000000000, 1.000000000000000000, -0.000000000000000000 ) ) ;
#1728 = CARTESIAN_POINT ( 'NONE',  ( 7.499999999999971578, 0.000000000000000000, -140.0000000000000000 ) ) ;
#1729 = DIRECTION ( 'NONE',  ( 0.000000000000000000, -1.000000000000000000, 0.000000000000000000 ) ) ;
#1730 = LINE ( 'NONE', #4767, #751 ) ;
#1731 = AXIS2_PLACEMENT_3D ( 'NONE', #896, #3223, #3703 ) ;
#1732 = CIRCLE ( 'NONE', #2377, 2.000000000000001776 ) ;
#1733 = ORIENTED_EDGE ( 'NONE', *, *, #4663, .T. ) ;
#1734 = ADVANCED_FACE ( 'NONE', ( #4073 ), #2878, .F. ) ;
#1735 = CARTESIAN_POINT ( 'NONE',  ( 40.02502783967819511, 19.00000000000000000, -75.25000000000000000 ) ) ;
#1736 = ORIENTED_EDGE ( 'NONE', *, *, #2614, .F. ) ;
#1737 = FACE_OUTER_BOUND ( 'NONE', #1481, .T. ) ;
#1738 = FACE_OUTER_BOUND ( 'NONE', #4389, .T. ) ;
#1739 = CIRCLE ( 'NONE', #1328, 1.500000000000001332 ) ;
#1740 = DIRECTION ( 'NONE',  ( -0.5773502691896233996, -0.5773502691896240657, -0.5773502691896298389 ) ) ;
#1741 = EDGE_CURVE ( 'NONE', #1759, #1870, #2708, .T. ) ;
#1742 = DIRECTION ( 'NONE',  ( -1.000000000000000000, 0.000000000000000000, 0.000000000000000000 ) ) ;
#1743 = EDGE_LOOP ( 'NONE', ( #2244, #3250 ) ) ;
#1744 = VERTEX_POINT ( 'NONE', #4048 ) ;
#1745 = CARTESIAN_POINT ( 'NONE',  ( 64.02525551875139342, 19.00000000000000000, -63.85281030084921383 ) ) ;
#1746 = EDGE_CURVE ( 'NONE', #4996, #2768, #514, .T. ) ;
#1747 = CARTESIAN_POINT ( 'NONE',  ( 50.34602037942784136, 19.52357700057532952, -2.932897497914116691 ) ) ;
#1748 = ORIENTED_EDGE ( 'NONE', *, *, #2196, .T. ) ;
#1749 = CARTESIAN_POINT ( 'NONE',  ( 64.02525551875139342, 19.00000000000000000, -71.37278370505751468 ) ) ;
#1750 = CARTESIAN_POINT ( 'NONE',  ( 23.75840209435498807, 14.00665473521043225, -53.08338750303246911 ) ) ;
#1751 = DIRECTION ( 'NONE',  ( -0.000000000000000000, 1.000000000000000000, -0.000000000000000000 ) ) ;
#1752 = LINE ( 'NONE', #1413, #3200 ) ;
#1753 = CARTESIAN_POINT ( 'NONE',  ( 84.00000000000001421, 16.07106781186547551, -14.75000000000000000 ) ) ;
#1754 = ORIENTED_EDGE ( 'NONE', *, *, #1345, .T. ) ;
#1755 = CARTESIAN_POINT ( 'NONE',  ( 51.25000000000001421, 14.00000000000000000, -84.24999999999998579 ) ) ;
#1756 = ORIENTED_EDGE ( 'NONE', *, *, #1899, .F. ) ;
#1757 = CARTESIAN_POINT ( 'NONE',  ( 25.00000000000000711, 19.00000000000000000, -16.75000000000001066 ) ) ;
#1758 = DIRECTION ( 'NONE',  ( 0.000000000000000000, -1.000000000000000000, 0.000000000000000000 ) ) ;
#1759 = VERTEX_POINT ( 'NONE', #503 ) ;
#1760 = CARTESIAN_POINT ( 'NONE',  ( 64.02525551875139342, 0.000000000000000000, -65.35281030084921383 ) ) ;
#1761 = ORIENTED_EDGE ( 'NONE', *, *, #2040, .T. ) ;
#1762 = VERTEX_POINT ( 'NONE', #2413 ) ;
#1763 = CARTESIAN_POINT ( 'NONE',  ( -2.775557561562891351E-14, 0.000000000000000000, -140.0000000000000000 ) ) ;
#1764 = FACE_OUTER_BOUND ( 'NONE', #1227, .T. ) ;
#1765 = EDGE_LOOP ( 'NONE', ( #3180, #3092, #4133, #999 ) ) ;
#1766 = AXIS2_PLACEMENT_3D ( 'NONE', #3126, #2605, #3785 ) ;
#1767 = CARTESIAN_POINT ( 'NONE',  ( 32.99999999999987921, 20.00000000000000000, -53.74999999999983658 ) ) ;
#1768 = CARTESIAN_POINT ( 'NONE',  ( 36.00000000000009948, 31.99999999999988987, 12.99999999999998401 ) ) ;
#1769 = ADVANCED_FACE ( 'NONE', ( #145 ), #3977, .F. ) ;
#1770 = DIRECTION ( 'NONE',  ( 0.000000000000000000, 0.000000000000000000, 1.000000000000000000 ) ) ;
#1771 = AXIS2_PLACEMENT_3D ( 'NONE', #1887, #1070, #1045 ) ;
#1772 = FACE_OUTER_BOUND ( 'NONE', #3831, .T. ) ;
#1773 = EDGE_CURVE ( 'NONE', #1863, #482, #4347, .T. ) ;
#1774 = VERTEX_POINT ( 'NONE', #4026 ) ;
#1775 = EDGE_CURVE ( 'NONE', #1056, #2489, #2080, .T. ) ;
#1776 = DIRECTION ( 'NONE',  ( 0.000000000000000000, 0.000000000000000000, 1.000000000000000000 ) ) ;
#1777 = EDGE_LOOP ( 'NONE', ( #768, #1248 ) ) ;
#1778 = CARTESIAN_POINT ( 'NONE',  ( 63.02393195713675311, 13.99999999981626253, -59.34743477501719866 ) ) ;
#1779 = CARTESIAN_POINT ( 'NONE',  ( 0.000000000000000000, 15.00000000000000000, -5.000000000000000000 ) ) ;
#1780 = CARTESIAN_POINT ( 'NONE',  ( 88.71664067066521397, 14.00762964041686232, -52.91929674557233909 ) ) ;
#1781 = ORIENTED_EDGE ( 'NONE', *, *, #3042, .F. ) ;
#1782 = CYLINDRICAL_SURFACE ( 'NONE', #3251, 1.500000000000001332 ) ;
#1783 = CIRCLE ( 'NONE', #4971, 1.500000000000001332 ) ;
#1784 = ORIENTED_EDGE ( 'NONE', *, *, #3388, .T. ) ;
#1785 = VERTEX_POINT ( 'NONE', #3264 ) ;
#1786 = CARTESIAN_POINT ( 'NONE',  ( 57.51276751492369499, 20.00000000000000000, -73.63277040716165800 ) ) ;
#1787 = EDGE_CURVE ( 'NONE', #4104, #4685, #3672, .T. ) ;
#1788 = UNCERTAINTY_MEASURE_WITH_UNIT (LENGTH_MEASURE( 1.000000000000000082E-05 ), #2811, 'distance_accuracy_value', 'NONE');
#1789 = CARTESIAN_POINT ( 'NONE',  ( 0.000000000000000000, 19.00000000000000000, 0.000000000000000000 ) ) ;
#1790 = ORIENTED_EDGE ( 'NONE', *, *, #1090, .F. ) ;
#1791 = EDGE_CURVE ( 'NONE', #4199, #525, #4752, .T. ) ;
#1792 = DIRECTION ( 'NONE',  ( 0.000000000000000000, 0.000000000000000000, -1.000000000000000000 ) ) ;
#1793 = AXIS2_PLACEMENT_3D ( 'NONE', #649, #602, #1776 ) ;
#1794 = DIRECTION ( 'NONE',  ( -0.000000000000000000, 1.000000000000000000, -0.000000000000000000 ) ) ;
#1795 = FACE_OUTER_BOUND ( 'NONE', #2622, .T. ) ;
#1796 = EDGE_CURVE ( 'NONE', #4012, #3060, #4501, .T. ) ;
#1797 = FACE_OUTER_BOUND ( 'NONE', #4882, .T. ) ;
#1798 = DIRECTION ( 'NONE',  ( 0.000000000000000000, -1.000000000000000000, 0.000000000000000000 ) ) ;
#1799 = ORIENTED_EDGE ( 'NONE', *, *, #521, .T. ) ;
#1800 = CARTESIAN_POINT ( 'NONE',  ( 64.02525551875139342, 0.000000000000000000, -72.87278370505751468 ) ) ;
#1801 = CARTESIAN_POINT ( 'NONE',  ( 59.68359684953292543, 20.00000000000000000, -71.37278370505751468 ) ) ;
#1802 = FACE_OUTER_BOUND ( 'NONE', #1909, .T. ) ;
#1803 = VECTOR ( 'NONE', #1794, 1000.000000000000000 ) ;
#1804 = CIRCLE ( 'NONE', #825, 1.500000000000001332 ) ;
#1805 = CARTESIAN_POINT ( 'NONE',  ( 87.50000000000001421, 14.23030399291525505, -54.50000000000007105 ) ) ;
#1806 = EDGE_CURVE ( 'NONE', #4515, #4922, #2639, .T. ) ;
#1807 = VERTEX_POINT ( 'NONE', #4893 ) ;
#1808 = AXIS2_PLACEMENT_3D ( 'NONE', #100, #3877, #4751 ) ;
#1809 = CARTESIAN_POINT ( 'NONE',  ( 62.06672652128057877, 18.89897948556635399, -55.25000000000000000 ) ) ;
#1810 = DIRECTION ( 'NONE',  ( 0.000000000000000000, 0.000000000000000000, 1.000000000000000000 ) ) ;
#1811 = VERTEX_POINT ( 'NONE', #1080 ) ;
#1812 = VERTEX_POINT ( 'NONE', #1466 ) ;
#1813 = CARTESIAN_POINT ( 'NONE',  ( 46.65862084187751435, 0.000000000000000000, -80.39275710926580132 ) ) ;
#1814 = CARTESIAN_POINT ( 'NONE',  ( 50.25937409034930425, 19.63093591433594298, -3.126385144967636531 ) ) ;
#1815 = EDGE_LOOP ( 'NONE', ( #4180, #4156, #971, #4097 ) ) ;
#1816 = CARTESIAN_POINT ( 'NONE',  ( 55.34193818031445744, 19.00000000000000000, -78.89275710926580132 ) ) ;
#1817 = LINE ( 'NONE', #4165, #2044 ) ;
#1818 = FACE_OUTER_BOUND ( 'NONE', #3303, .T. ) ;
#1819 = DIRECTION ( 'NONE',  ( 0.000000000000000000, 0.000000000000000000, -1.000000000000000000 ) ) ;
#1820 = EDGE_CURVE ( 'NONE', #950, #1927, #3023, .T. ) ;
#1821 = CARTESIAN_POINT ( 'NONE',  ( 77.50000000000009948, 19.00000000000000000, -19.25000000000014921 ) ) ;
#1822 = ORIENTED_EDGE ( 'NONE', *, *, #342, .T. ) ;
#1823 = CYLINDRICAL_SURFACE ( 'NONE', #3101, 1.500000000000001332 ) ;
#1824 = DIRECTION ( 'NONE',  ( 0.000000000000000000, -1.000000000000000000, 0.000000000000000000 ) ) ;
#1825 = DIRECTION ( 'NONE',  ( 0.000000000000000000, 0.000000000000000000, -1.000000000000000000 ) ) ;
#1826 = DIRECTION ( 'NONE',  ( -1.000000000000000000, -2.478176394252583113E-16, 0.000000000000000000 ) ) ;
#1827 = VERTEX_POINT ( 'NONE', #4192 ) ;
#1828 = DIRECTION ( 'NONE',  ( 0.000000000000000000, 1.000000000000000000, 0.000000000000000000 ) ) ;
#1829 = CARTESIAN_POINT ( 'NONE',  ( 51.25000000000001421, 18.89897948556635754, -55.25000000000000000 ) ) ;
#1830 = ORIENTED_EDGE ( 'NONE', *, *, #411, .F. ) ;
#1831 = EDGE_CURVE ( 'NONE', #3052, #3428, #2203, .T. ) ;
#1832 = ADVANCED_FACE ( 'NONE', ( #673 ), #3387, .F. ) ;
#1833 = ORIENTED_EDGE ( 'NONE', *, *, #283, .F. ) ;
#1834 = DIRECTION ( 'NONE',  ( -0.000000000000000000, 1.000000000000000000, -0.000000000000000000 ) ) ;
#1835 = EDGE_CURVE ( 'NONE', #1405, #3556, #3051, .T. ) ;
#1836 = FACE_OUTER_BOUND ( 'NONE', #5059, .T. ) ;
#1837 = EDGE_LOOP ( 'NONE', ( #4822, #4778 ) ) ;
#1838 = CARTESIAN_POINT ( 'NONE',  ( 87.82842712474624136, 20.00000000000000000, -2.000000000000000000 ) ) ;
#1839 = LINE ( 'NONE', #2274, #2698 ) ;
#1840 = CARTESIAN_POINT ( 'NONE',  ( 5.999999999999973355, 20.00000000000000000, -134.0000000000000000 ) ) ;
#1841 = DIRECTION ( 'NONE',  ( 0.000000000000000000, 0.000000000000000000, 1.000000000000000000 ) ) ;
#1842 = CARTESIAN_POINT ( 'NONE',  ( 34.10952922903808116, 16.00000000000000000, -73.25000000000000000 ) ) ;
#1843 = EDGE_LOOP ( 'NONE', ( #3477, #2224, #4934, #1467 ) ) ;
#1844 = FACE_BOUND ( 'NONE', #4643, .T. ) ;
#1845 = DIRECTION ( 'NONE',  ( -1.000000000000000000, 0.000000000000000000, -0.000000000000000000 ) ) ;
#1846 = DIRECTION ( 'NONE',  ( 0.000000000000000000, 0.000000000000000000, 1.000000000000000000 ) ) ;
#1847 = CARTESIAN_POINT ( 'NONE',  ( 34.10952922903808116, 19.00000000000000000, -67.24999999999998579 ) ) ;
#1848 = CARTESIAN_POINT ( 'NONE',  ( 49.12714694732235898, 18.69540491546973371, -1.592623453448409832 ) ) ;
#1849 = VECTOR ( 'NONE', #3474, 1000.000000000000000 ) ;
#1850 =( GEOMETRIC_REPRESENTATION_CONTEXT ( 3 ) GLOBAL_UNCERTAINTY_ASSIGNED_CONTEXT ( ( #2099 ) ) GLOBAL_UNIT_ASSIGNED_CONTEXT ( ( #3383, #313, #4526 ) ) REPRESENTATION_CONTEXT ( 'NONE', 'WORKASPACE' ) );
#1851 = ORIENTED_EDGE ( 'NONE', *, *, #2645, .F. ) ;
#1852 = DIRECTION ( 'NONE',  ( -0.000000000000000000, 1.000000000000000000, -0.000000000000000000 ) ) ;
#1853 = CIRCLE ( 'NONE', #3414, 2.000000000000001776 ) ;
#1854 = FACE_OUTER_BOUND ( 'NONE', #4032, .T. ) ;
#1855 = VERTEX_POINT ( 'NONE', #4506 ) ;
#1856 = ORIENTED_EDGE ( 'NONE', *, *, #859, .T. ) ;
#1857 = CARTESIAN_POINT ( 'NONE',  ( 82.00000000000001421, 8.999999999999998224, -5.000000000000087930 ) ) ;
#1858 = ADVANCED_FACE ( 'NONE', ( #2999 ), #3789, .F. ) ;
#1859 =( BOUNDED_CURVE ( )  B_SPLINE_CURVE ( 3, ( #3975, #2056, #914, #142 ),
 .UNSPECIFIED., .F., .F. ) 
 B_SPLINE_CURVE_WITH_KNOTS ( ( 4, 4 ),
 ( 3.141592653589793116, 4.712388980384689674 ),
 .UNSPECIFIED. ) 
 CURVE ( )  GEOMETRIC_REPRESENTATION_ITEM ( )  RATIONAL_B_SPLINE_CURVE ( ( 1.000000000000000000, 0.8047378541243649375, 0.8047378541243649375, 1.000000000000000000 ) ) 
 REPRESENTATION_ITEM ( '' )  );
#1860 = CARTESIAN_POINT ( 'NONE',  ( 51.25000000000001421, 18.89897948556635754, -55.25000000000000000 ) ) ;
#1861 = EDGE_CURVE ( 'NONE', #487, #2913, #4943, .T. ) ;
#1862 = CIRCLE ( 'NONE', #401, 1.500000000000001332 ) ;
#1863 = VERTEX_POINT ( 'NONE', #1842 ) ;
#1864 = CARTESIAN_POINT ( 'NONE',  ( 59.68359684953292543, 0.000000000000000000, -78.89275710926580132 ) ) ;
#1865 = DIRECTION ( 'NONE',  ( -1.713307136767216603E-16, -0.000000000000000000, 1.000000000000000000 ) ) ;
#1866 = DIRECTION ( 'NONE',  ( -0.000000000000000000, 1.000000000000000000, -0.000000000000000000 ) ) ;
#1867 = CIRCLE ( 'NONE', #4728, 1.500000000000001332 ) ;
#1868 = CARTESIAN_POINT ( 'NONE',  ( 51.00027951109598945, 0.000000000000000000, -71.37278370505751468 ) ) ;
#1869 = DIRECTION ( 'NONE',  ( 0.000000000000000000, 1.000000000000000000, 0.000000000000000000 ) ) ;
#1870 = VERTEX_POINT ( 'NONE', #3411 ) ;
#1871 = CIRCLE ( 'NONE', #2279, 1.500000000000001332 ) ;
#1872 = CARTESIAN_POINT ( 'NONE',  ( 32.10952922903808116, 14.00000000000000000, -69.24999999999998579 ) ) ;
#1873 = CARTESIAN_POINT ( 'NONE',  ( 24.38002826264294143, 14.07563300641983339, -17.84758779787197369 ) ) ;
#1874 = CARTESIAN_POINT ( 'NONE',  ( 49.20570084204869232, 4.205700842048628374, -0.2057008420486800548 ) ) ;
#1875 = CARTESIAN_POINT ( 'NONE',  ( 2.725994033677847439E-15, 8.999999999999976907, -6.000000000000000000 ) ) ;
#1876 = VECTOR ( 'NONE', #6, 1000.000000000000000 ) ;
#1877 = VERTEX_POINT ( 'NONE', #3025 ) ;
#1878 = CARTESIAN_POINT ( 'NONE',  ( 59.68359684953292543, 20.00000000000000000, -65.35281030084921383 ) ) ;
#1879 = AXIS2_PLACEMENT_3D ( 'NONE', #2170, #2223, #3734 ) ;
#1880 = DIRECTION ( 'NONE',  ( 0.000000000000000000, 1.000000000000000000, 0.000000000000000000 ) ) ;
#1881 = LINE ( 'NONE', #3398, #3496 ) ;
#1882 = ADVANCED_FACE ( 'NONE', ( #1772 ), #4143, .F. ) ;
#1883 = CIRCLE ( 'NONE', #4750, 5.000000000000004441 ) ;
#1884 = AXIS2_PLACEMENT_3D ( 'NONE', #1944, #2306, #4324 ) ;
#1885 = ORIENTED_EDGE ( 'NONE', *, *, #2742, .F. ) ;
#1886 = EDGE_LOOP ( 'NONE', ( #621, #4171, #1445, #4126 ) ) ;
#1887 = CARTESIAN_POINT ( 'NONE',  ( 59.68359684953292543, 19.00000000000000000, -78.89275710926580132 ) ) ;
#1888 = AXIS2_PLACEMENT_3D ( 'NONE', #4717, #1244, #374 ) ;
#1889 = DIRECTION ( 'NONE',  ( 0.000000000000000000, 0.000000000000000000, 1.000000000000000000 ) ) ;
#1890 = ORIENTED_EDGE ( 'NONE', *, *, #4920, .T. ) ;
#1891 = CARTESIAN_POINT ( 'NONE',  ( 44.48779150726828391, 19.00000000000000000, -75.13277040716162958 ) ) ;
#1892 = DIRECTION ( 'NONE',  ( 1.000000000000000000, -0.000000000000000000, 0.000000000000000000 ) ) ;
#1893 = DIRECTION ( 'NONE',  ( 0.000000000000000000, -1.000000000000000000, 0.000000000000000000 ) ) ;
#1894 = CARTESIAN_POINT ( 'NONE',  ( 61.25000000000002132, 16.00000000000000000, -61.25000000000000000 ) ) ;
#1895 = CARTESIAN_POINT ( 'NONE',  ( 57.51276751492369499, 20.00000000000000000, -67.61279700295335715 ) ) ;
#1896 = ORIENTED_EDGE ( 'NONE', *, *, #742, .T. ) ;
#1897 = EDGE_CURVE ( 'NONE', #4104, #1056, #696, .T. ) ;
#1898 = PLANE ( 'NONE',  #1148 ) ;
#1899 = EDGE_CURVE ( 'NONE', #2986, #4113, #3841, .T. ) ;
#1900 = CARTESIAN_POINT ( 'NONE',  ( 24.01124517847245698, 14.02598976207676884, -17.51918059195477539 ) ) ;
#1901 = CARTESIAN_POINT ( 'NONE',  ( 48.17157287525382259, 3.171572875253757751, 0.000000000000000000 ) ) ;
#1902 = DIRECTION ( 'NONE',  ( 0.000000000000000000, -1.000000000000000000, -0.000000000000000000 ) ) ;
#1903 = CARTESIAN_POINT ( 'NONE',  ( 51.00027951109598945, 19.00000000000000000, -71.37278370505751468 ) ) ;
#1904 = EDGE_LOOP ( 'NONE', ( #765, #889, #2075, #2122, #833, #1590, #1289, #4002 ) ) ;
#1905 = DIRECTION ( 'NONE',  ( 0.000000000000000000, 0.000000000000000000, -1.000000000000000000 ) ) ;
#1906 = DIRECTION ( 'NONE',  ( 0.000000000000000000, 0.000000000000000000, 1.000000000000000000 ) ) ;
#1907 = CARTESIAN_POINT ( 'NONE',  ( 49.61672769653583259, 18.91911604669471458, -55.24999999999998579 ) ) ;
#1908 = ORIENTED_EDGE ( 'NONE', *, *, #4269, .F. ) ;
#1909 = EDGE_LOOP ( 'NONE', ( #3673, #2816, #1761, #43 ) ) ;
#1910 = CARTESIAN_POINT ( 'NONE',  ( -2.626866977907736502E-14, 0.000000000000000000, -132.5000000000000000 ) ) ;
#1911 = ORIENTED_EDGE ( 'NONE', *, *, #3059, .T. ) ;
#1912 = CARTESIAN_POINT ( 'NONE',  ( 42.31696217265903925, 20.00000000000000000, -71.37278370505748626 ) ) ;
#1913 = EDGE_CURVE ( 'NONE', #1405, #1347, #1557, .T. ) ;
#1914 = CARTESIAN_POINT ( 'NONE',  ( 87.50000000000001421, 14.23030399291523374, -15.49999999999987388 ) ) ;
#1915 = DIRECTION ( 'NONE',  ( -1.000000000000000000, -3.469446951953611033E-15, 0.000000000000000000 ) ) ;
#1916 = LINE ( 'NONE', #772, #4908 ) ;
#1917 = CARTESIAN_POINT ( 'NONE',  ( 86.10017664426594308, 19.55781307426026316, -2.880417467478000759 ) ) ;
#1918 = ORIENTED_EDGE ( 'NONE', *, *, #2991, .T. ) ;
#1919 = EDGE_CURVE ( 'NONE', #2822, #2880, #3441, .T. ) ;
#1920 = CARTESIAN_POINT ( 'NONE',  ( 7.499999999999998224, 15.00000000000000000, 0.000000000000000000 ) ) ;
#1921 = CARTESIAN_POINT ( 'NONE',  ( 64.02525551875139342, 19.00000000000000000, -72.87278370505751468 ) ) ;
#1922 = CARTESIAN_POINT ( 'NONE',  ( 64.02525551875139342, 19.00000000000000000, -71.37278370505751468 ) ) ;
#1923 = FACE_OUTER_BOUND ( 'NONE', #2794, .T. ) ;
#1924 = CARTESIAN_POINT ( 'NONE',  ( 25.16427815813966973, 14.28196708356998990, -54.50000000000001421 ) ) ;
#1925 = EDGE_CURVE ( 'NONE', #1827, #3428, #1964, .T. ) ;
#1926 = EDGE_CURVE ( 'NONE', #62, #3258, #269, .T. ) ;
#1927 = VERTEX_POINT ( 'NONE', #1821 ) ;
#1928 = CARTESIAN_POINT ( 'NONE',  ( 28.50000000000000355, 19.00000000000000000, -9.750000000000001776 ) ) ;
#1929 = AXIS2_PLACEMENT_3D ( 'NONE', #1076, #2713, #4649 ) ;
#1930 = VECTOR ( 'NONE', #2636, 1000.000000000000000 ) ;
#1931 = CARTESIAN_POINT ( 'NONE',  ( 64.02525551875139342, 20.00000000000000000, -71.37278370505751468 ) ) ;
#1932 = DIRECTION ( 'NONE',  ( 0.000000000000000000, 0.000000000000000000, 1.000000000000000000 ) ) ;
#1933 = ORIENTED_EDGE ( 'NONE', *, *, #4107, .F. ) ;
#1934 = ORIENTED_EDGE ( 'NONE', *, *, #4858, .F. ) ;
#1935 = CIRCLE ( 'NONE', #2107, 1.500000000000001332 ) ;
#1936 = CYLINDRICAL_SURFACE ( 'NONE', #4084, 1.500000000000001332 ) ;
#1937 = ORIENTED_EDGE ( 'NONE', *, *, #3481, .T. ) ;
#1938 = ORIENTED_EDGE ( 'NONE', *, *, #2166, .F. ) ;
#1939 = EDGE_CURVE ( 'NONE', #1100, #2681, #3520, .T. ) ;
#1940 = ADVANCED_FACE ( 'NONE', ( #4215 ), #5042, .F. ) ;
#1941 = CARTESIAN_POINT ( 'NONE',  ( 44.48779150726828391, 20.00000000000000000, -73.63277040716162958 ) ) ;
#1942 = DIRECTION ( 'NONE',  ( 0.000000000000000000, -1.000000000000000000, 0.000000000000000000 ) ) ;
#1943 = CARTESIAN_POINT ( 'NONE',  ( 51.00027951109598945, 19.00000000000000000, -72.87278370505751468 ) ) ;
#1944 = CARTESIAN_POINT ( 'NONE',  ( 25.00000000000001066, 19.00000000000000000, -53.24999999999999289 ) ) ;
#1945 = VECTOR ( 'NONE', #4579, 1000.000000000000000 ) ;
#1946 = DIRECTION ( 'NONE',  ( 0.000000000000000000, -1.000000000000000000, 0.000000000000000000 ) ) ;
#1947 = EDGE_CURVE ( 'NONE', #1199, #2031, #172, .T. ) ;
#1948 = VERTEX_POINT ( 'NONE', #1160 ) ;
#1949 = EDGE_LOOP ( 'NONE', ( #1599, #963 ) ) ;
#1950 = ADVANCED_FACE ( 'NONE', ( #1540 ), #3108, .T. ) ;
#1951 = LINE ( 'NONE', #397, #3033 ) ;
#1952 = AXIS2_PLACEMENT_3D ( 'NONE', #4510, #2956, #1060 ) ;
#1953 = CARTESIAN_POINT ( 'NONE',  ( 34.10952922903808116, 19.00000000000000000, -75.25000000000000000 ) ) ;
#1954 = CARTESIAN_POINT ( 'NONE',  ( 64.02525551875139342, 20.00000000000000000, -63.85281030084921383 ) ) ;
#1955 = AXIS2_PLACEMENT_3D ( 'NONE', #2419, #4339, #1683 ) ;
#1956 = CARTESIAN_POINT ( 'NONE',  ( 57.51276751492369499, 19.00000000000000000, -69.11279700295335715 ) ) ;
#1957 = VECTOR ( 'NONE', #3573, 1000.000000000000000 ) ;
#1958 = ORIENTED_EDGE ( 'NONE', *, *, #194, .F. ) ;
#1959 = CARTESIAN_POINT ( 'NONE',  ( 46.35102051443365667, 19.00000000000000000, -55.25000000000000000 ) ) ;
#1960 = ORIENTED_EDGE ( 'NONE', *, *, #1746, .T. ) ;
#1961 = DIRECTION ( 'NONE',  ( 0.000000000000000000, 0.000000000000000000, -1.000000000000000000 ) ) ;
#1962 = FACE_OUTER_BOUND ( 'NONE', #4690, .T. ) ;
#1963 = EDGE_LOOP ( 'NONE', ( #25, #1976 ) ) ;
#1964 = CIRCLE ( 'NONE', #3680, 5.000000000000000000 ) ;
#1965 = ORIENTED_EDGE ( 'NONE', *, *, #5010, .F. ) ;
#1966 = VECTOR ( 'NONE', #425, 1000.000000000000000 ) ;
#1967 = CARTESIAN_POINT ( 'NONE',  ( 48.82945017648675190, 19.00000000000000000, -75.13277040716165800 ) ) ;
#1968 = ORIENTED_EDGE ( 'NONE', *, *, #2151, .F. ) ;
#1969 = VERTEX_POINT ( 'NONE', #393 ) ;
#1970 = FACE_OUTER_BOUND ( 'NONE', #1563, .T. ) ;
#1971 = AXIS2_PLACEMENT_3D ( 'NONE', #3374, #330, #3455 ) ;
#1972 = DIRECTION ( 'NONE',  ( -0.000000000000000000, -1.000000000000000000, -0.000000000000000000 ) ) ;
#1973 = DIRECTION ( 'NONE',  ( 0.000000000000000000, 1.000000000000000000, 0.000000000000000000 ) ) ;
#1974 = LINE ( 'NONE', #3099, #3278 ) ;
#1975 = ORIENTED_EDGE ( 'NONE', *, *, #4760, .F. ) ;
#1976 = ORIENTED_EDGE ( 'NONE', *, *, #1791, .F. ) ;
#1977 = CARTESIAN_POINT ( 'NONE',  ( 0.000000000000000000, 17.82842712474620583, -4.000000000000047962 ) ) ;
#1978 = FACE_BOUND ( 'NONE', #2441, .T. ) ;
#1979 = DIRECTION ( 'NONE',  ( -0.000000000000000000, 1.000000000000000000, -0.000000000000000000 ) ) ;
#1980 = EDGE_CURVE ( 'NONE', #4424, #3930, #1144, .T. ) ;
#1981 = FACE_OUTER_BOUND ( 'NONE', #566, .T. ) ;
#1982 = CIRCLE ( 'NONE', #1332, 12.49999999999999645 ) ;
#1983 = ORIENTED_EDGE ( 'NONE', *, *, #2090, .T. ) ;
#1984 = DIRECTION ( 'NONE',  ( 0.000000000000000000, 0.000000000000000000, -1.000000000000000000 ) ) ;
#1985 = ORIENTED_EDGE ( 'NONE', *, *, #1342, .T. ) ;
#1986 = CARTESIAN_POINT ( 'NONE',  ( 33.00000000000012790, 19.00000000000000000, -19.24999999999982947 ) ) ;
#1987 = LINE ( 'NONE', #2066, #2601 ) ;
#1988 = CARTESIAN_POINT ( 'NONE',  ( 89.00000000000002842, 14.00000000000000000, -55.25000000000000000 ) ) ;
#1989 = ORIENTED_EDGE ( 'NONE', *, *, #1403, .T. ) ;
#1990 = EDGE_CURVE ( 'NONE', #2495, #1613, #1974, .T. ) ;
#1991 = CARTESIAN_POINT ( 'NONE',  ( 87.50000000000001421, 19.00000000000000000, -51.99999999999999289 ) ) ;
#1992 = EDGE_CURVE ( 'NONE', #3016, #3949, #254, .T. ) ;
#1993 = EDGE_LOOP ( 'NONE', ( #4229, #4330, #2024, #3879 ) ) ;
#1994 = EDGE_CURVE ( 'NONE', #2409, #381, #911, .T. ) ;
#1995 = ORIENTED_EDGE ( 'NONE', *, *, #1657, .T. ) ;
#1996 = DIRECTION ( 'NONE',  ( -0.000000000000000000, 1.000000000000000000, -0.000000000000000000 ) ) ;
#1997 = CARTESIAN_POINT ( 'NONE',  ( 34.10952922903808116, 19.00000000000000000, -73.25000000000000000 ) ) ;
#1998 = DIRECTION ( 'NONE',  ( 0.000000000000000000, 0.000000000000000000, -1.000000000000000000 ) ) ;
#1999 = VERTEX_POINT ( 'NONE', #773 ) ;
#2000 = ORIENTED_EDGE ( 'NONE', *, *, #1775, .F. ) ;
#2001 = CYLINDRICAL_SURFACE ( 'NONE', #3940, 2.000000000000000000 ) ;
#2002 = ORIENTED_EDGE ( 'NONE', *, *, #998, .F. ) ;
#2003 = DIRECTION ( 'NONE',  ( 0.000000000000000000, 1.000000000000000000, 0.000000000000000000 ) ) ;
#2004 = DIRECTION ( 'NONE',  ( 0.000000000000000000, -1.000000000000000000, 0.000000000000000000 ) ) ;
#2005 = DIRECTION ( 'NONE',  ( -1.000000000000000000, -0.000000000000000000, -0.000000000000000000 ) ) ;
#2006 = ORIENTED_EDGE ( 'NONE', *, *, #1401, .F. ) ;
#2007 = CARTESIAN_POINT ( 'NONE',  ( 47.98407129616951750, 18.97015779732565477, -55.24999999999999289 ) ) ;
#2008 = ORIENTED_EDGE ( 'NONE', *, *, #2102, .F. ) ;
#2009 = CYLINDRICAL_SURFACE ( 'NONE', #164, 2.000000000000001776 ) ;
#2010 = DIRECTION ( 'NONE',  ( 0.000000000000000000, -1.000000000000000000, -0.000000000000000000 ) ) ;
#2011 = B_SPLINE_CURVE_WITH_KNOTS ( 'NONE', 3,
 ( #536, #4511, #3723, #2500, #1711, #3299, #4855, #2566, #2928, #2186, #3272, #966, #558, #2087, #2520, #4829, #1300, #605, #4484, #582 ),
 .UNSPECIFIED., .F., .F.,
 ( 4, 2, 2, 2, 2, 2, 2, 2, 2, 4 ),
 ( 0.007990456278740351928, 0.008484281943118223909, 0.008978107607496097625, 0.009471933271873969606, 0.009965758936251843322, 0.01045958460062971530, 0.01070649743281865997, 0.01095341026500760463, 0.01144723592938549916, 0.01194106159376339543 ),
 .UNSPECIFIED. ) ;
#2012 = DIRECTION ( 'NONE',  ( 0.000000000000000000, 0.000000000000000000, 1.000000000000000000 ) ) ;
#2013 = AXIS2_PLACEMENT_3D ( 'NONE', #4450, #1355, #4470 ) ;
#2014 = ORIENTED_EDGE ( 'NONE', *, *, #520, .F. ) ;
#2015 = VECTOR ( 'NONE', #946, 1000.000000000000000 ) ;
#2016 = ORIENTED_EDGE ( 'NONE', *, *, #3327, .T. ) ;
#2017 = ORIENTED_EDGE ( 'NONE', *, *, #869, .T. ) ;
#2018 = LINE ( 'NONE', #1644, #3570 ) ;
#2019 = EDGE_CURVE ( 'NONE', #3930, #4424, #2940, .T. ) ;
#2020 = EDGE_CURVE ( 'NONE', #2587, #1642, #4328, .T. ) ;
#2021 = DIRECTION ( 'NONE',  ( 0.000000000000000000, 0.000000000000000000, -1.000000000000000000 ) ) ;
#2022 = DIRECTION ( 'NONE',  ( 0.000000000000000000, 0.000000000000000000, 1.000000000000000000 ) ) ;
#2023 = B_SPLINE_CURVE_WITH_KNOTS ( 'NONE', 3,
 ( #2654, #1532, #4646, #3533, #2270, #2680, #2298, #1593, #1150, #791, #5011, #335 ),
 .UNSPECIFIED., .F., .F.,
 ( 4, 2, 2, 2, 2, 4 ),
 ( -1.254221987674286024E-05, 0.0003438242318080666181, 0.0007001906834928760693, 0.001412923586862494104, 0.002125656490232111489, 0.002838389393601729524 ),
 .UNSPECIFIED. ) ;
#2024 = ORIENTED_EDGE ( 'NONE', *, *, #1831, .F. ) ;
#2025 = ORIENTED_EDGE ( 'NONE', *, *, #3214, .T. ) ;
#2026 = CYLINDRICAL_SURFACE ( 'NONE', #1073, 1.500000000000001332 ) ;
#2027 = FACE_BOUND ( 'NONE', #2262, .T. ) ;
#2028 = LINE ( 'NONE', #2436, #4480 ) ;
#2029 = CARTESIAN_POINT ( 'NONE',  ( 55.34193818031445744, 19.00000000000000000, -78.89275710926580132 ) ) ;
#2030 = AXIS2_PLACEMENT_3D ( 'NONE', #3030, #4589, #1085 ) ;
#2031 = VERTEX_POINT ( 'NONE', #2661 ) ;
#2032 = LINE ( 'NONE', #95, #978 ) ;
#2033 = ORIENTED_EDGE ( 'NONE', *, *, #3991, .T. ) ;
#2034 = CARTESIAN_POINT ( 'NONE',  ( 51.25000000000001421, 16.00000000000000000, -84.24999999999998579 ) ) ;
#2035 = CARTESIAN_POINT ( 'NONE',  ( 48.17157287525382259, 3.171572875253757751, 0.000000000000000000 ) ) ;
#2036 = CIRCLE ( 'NONE', #4567, 2.499999999999998668 ) ;
#2037 = DIRECTION ( 'NONE',  ( 0.000000000000000000, 0.000000000000000000, 1.000000000000000000 ) ) ;
#2038 = ORIENTED_EDGE ( 'NONE', *, *, #2451, .F. ) ;
#2039 = DIRECTION ( 'NONE',  ( 0.000000000000000000, 0.000000000000000000, -1.000000000000000000 ) ) ;
#2040 = EDGE_CURVE ( 'NONE', #3396, #4692, #4604, .T. ) ;
#2041 = ORIENTED_EDGE ( 'NONE', *, *, #2108, .T. ) ;
#2042 = ORIENTED_EDGE ( 'NONE', *, *, #1723, .F. ) ;
#2043 = DIRECTION ( 'NONE',  ( 0.000000000000000000, 0.000000000000000000, -1.000000000000000000 ) ) ;
#2044 = VECTOR ( 'NONE', #4403, 1000.000000000000000 ) ;
#2045 = CARTESIAN_POINT ( 'NONE',  ( 86.41421356237313489, 15.00000000000000000, -0.5857864376269161788 ) ) ;
#2046 = AXIS2_PLACEMENT_3D ( 'NONE', #2760, #3067, #4261 ) ;
#2047 = AXIS2_PLACEMENT_3D ( 'NONE', #2608, #4967, #220 ) ;
#2048 = CARTESIAN_POINT ( 'NONE',  ( 82.00000000000001421, 14.00000000000000000, -5.000000000000087930 ) ) ;
#2049 = LINE ( 'NONE', #2460, #2695 ) ;
#2050 = AXIS2_PLACEMENT_3D ( 'NONE', #782, #4333, #3471 ) ;
#2051 = ORIENTED_EDGE ( 'NONE', *, *, #4458, .F. ) ;
#2052 = CIRCLE ( 'NONE', #4913, 1.500000000000001332 ) ;
#2053 = ORIENTED_EDGE ( 'NONE', *, *, #1992, .F. ) ;
#2054 = DIRECTION ( 'NONE',  ( -0.000000000000000000, 1.000000000000000000, 0.000000000000000000 ) ) ;
#2055 = PLANE ( 'NONE',  #1218 ) ;
#2056 = CARTESIAN_POINT ( 'NONE',  ( 28.50000000000000355, 16.07106781186547551, -14.75000000000000355 ) ) ;
#2057 = CIRCLE ( 'NONE', #3854, 1.500000000000001332 ) ;
#2058 = CARTESIAN_POINT ( 'NONE',  ( 55.34193818031445744, 0.000000000000000000, -78.89275710926580132 ) ) ;
#2059 = ADVANCED_FACE ( 'NONE', ( #3540 ), #2307, .F. ) ;
#2060 = PRODUCT_RELATED_PRODUCT_CATEGORY ( 'part', '', ( #3186 ) ) ;
#2061 = ORIENTED_EDGE ( 'NONE', *, *, #3122, .F. ) ;
#2062 = ORIENTED_EDGE ( 'NONE', *, *, #1994, .T. ) ;
#2063 = DIRECTION ( 'NONE',  ( 0.000000000000000000, -1.000000000000000000, 0.000000000000000000 ) ) ;
#2064 = EDGE_LOOP ( 'NONE', ( #861, #2688, #1634, #631, #352, #2975 ) ) ;
#2065 = DIRECTION ( 'NONE',  ( -0.000000000000000000, 1.000000000000000000, -0.000000000000000000 ) ) ;
#2066 = CARTESIAN_POINT ( 'NONE',  ( 0.000000000000000000, 0.000000000000000000, -6.000000000000000000 ) ) ;
#2067 = CARTESIAN_POINT ( 'NONE',  ( 64.02525551875139342, 20.00000000000000000, -65.35281030084921383 ) ) ;
#2068 = VERTEX_POINT ( 'NONE', #4627 ) ;
#2069 = FACE_OUTER_BOUND ( 'NONE', #2655, .T. ) ;
#2070 = AXIS2_PLACEMENT_3D ( 'NONE', #1513, #2450, #2480 ) ;
#2071 = ORIENTED_EDGE ( 'NONE', *, *, #4320, .T. ) ;
#2072 = CARTESIAN_POINT ( 'NONE',  ( 61.25000000000002132, 14.00000000000000000, -71.75000000000000000 ) ) ;
#2073 = DIRECTION ( 'NONE',  ( 0.000000000000000000, 0.000000000000000000, 1.000000000000000000 ) ) ;
#2074 = CARTESIAN_POINT ( 'NONE',  ( 7.499999999999973355, 15.00000000000000000, -140.0000000000000000 ) ) ;
#2075 = ORIENTED_EDGE ( 'NONE', *, *, #4066, .T. ) ;
#2076 = ORIENTED_EDGE ( 'NONE', *, *, #3966, .T. ) ;
#2077 = CARTESIAN_POINT ( 'NONE',  ( 82.00000000000001421, 14.00000000000000000, -5.000000000000087930 ) ) ;
#2078 = CARTESIAN_POINT ( 'NONE',  ( 7.499999999999998224, 20.00000000000000000, -5.000000000000000000 ) ) ;
#2079 = LINE ( 'NONE', #1242, #3505 ) ;
#2080 = LINE ( 'NONE', #4821, #1243 ) ;
#2081 = ADVANCED_FACE ( 'NONE', ( #1572 ), #3637, .T. ) ;
#2082 = VERTEX_POINT ( 'NONE', #3207 ) ;
#2083 = ORIENTED_EDGE ( 'NONE', *, *, #4321, .F. ) ;
#2084 = CARTESIAN_POINT ( 'NONE',  ( 50.37427797816101105, 14.81649658091073007, -55.25000000000000000 ) ) ;
#2085 = ORIENTED_EDGE ( 'NONE', *, *, #3660, .T. ) ;
#2086 = CARTESIAN_POINT ( 'NONE',  ( 86.25928161824921858, 14.81802680870169908, -16.57575774855901685 ) ) ;
#2087 = CARTESIAN_POINT ( 'NONE',  ( 88.48875482152756433, 14.02598976207676529, -15.98081940804526369 ) ) ;
#2088 = EDGE_CURVE ( 'NONE', #4735, #4023, #140, .T. ) ;
#2089 = PLANE ( 'NONE',  #1479 ) ;
#2090 = EDGE_CURVE ( 'NONE', #4351, #1762, #2049, .T. ) ;
#2091 = VERTEX_POINT ( 'NONE', #2074 ) ;
#2092 = CARTESIAN_POINT ( 'NONE',  ( 82.00000000000001421, 8.999999999999998224, -7.000000000000000000 ) ) ;
#2093 = ADVANCED_FACE ( 'NONE', ( #1724 ), #4737, .T. ) ;
#2094 = ORIENTED_EDGE ( 'NONE', *, *, #1994, .F. ) ;
#2095 = CARTESIAN_POINT ( 'NONE',  ( 44.48779150726828391, 0.000000000000000000, -69.11279700295332873 ) ) ;
#2096 = CIRCLE ( 'NONE', #1766, 1.500000000000001332 ) ;
#2097 = AXIS2_PLACEMENT_3D ( 'NONE', #3096, #3022, #3840 ) ;
#2098 = CARTESIAN_POINT ( 'NONE',  ( 29.99999999999990052, 19.00000000000000000, -50.74999999999981526 ) ) ;
#2099 = UNCERTAINTY_MEASURE_WITH_UNIT (LENGTH_MEASURE( 1.000000000000000082E-05 ), #3383, 'distance_accuracy_value', 'NONE');
#2100 = DIRECTION ( 'NONE',  ( 1.000000000000000000, 0.000000000000000000, 0.000000000000000000 ) ) ;
#2101 = EDGE_CURVE ( 'NONE', #3280, #3337, #2374, .T. ) ;
#2102 = EDGE_CURVE ( 'NONE', #2489, #2121, #1696, .T. ) ;
#2103 = VERTEX_POINT ( 'NONE', #2792 ) ;
#2104 = CARTESIAN_POINT ( 'NONE',  ( 4.999999999999974243, 20.00000000000000000, -132.5000000000000000 ) ) ;
#2105 = CARTESIAN_POINT ( 'NONE',  ( 24.68116507364631929, 14.13906641442937939, -54.46959566184236934 ) ) ;
#2106 = DIRECTION ( 'NONE',  ( 0.000000000000000000, -0.7071067811865510144, 0.7071067811865440200 ) ) ;
#2107 = AXIS2_PLACEMENT_3D ( 'NONE', #630, #2674, #3754 ) ;
#2108 = EDGE_CURVE ( 'NONE', #3198, #4459, #853, .T. ) ;
#2109 = CARTESIAN_POINT ( 'NONE',  ( 46.65862084187751435, 20.00000000000000000, -78.89275710926580132 ) ) ;
#2110 = EDGE_CURVE ( 'NONE', #121, #412, #2871, .T. ) ;
#2111 = ORIENTED_EDGE ( 'NONE', *, *, #4203, .F. ) ;
#2112 = DIRECTION ( 'NONE',  ( -0.000000000000000000, 1.000000000000000000, -0.000000000000000000 ) ) ;
#2113 = EDGE_LOOP ( 'NONE', ( #4903, #2300, #2734, #2085 ) ) ;
#2114 = CARTESIAN_POINT ( 'NONE',  ( 87.17267008701416842, 14.33324448823183062, -15.50000000000000711 ) ) ;
#2115 = FACE_OUTER_BOUND ( 'NONE', #2349, .T. ) ;
#2116 = CARTESIAN_POINT ( 'NONE',  ( 90.99999999999997158, 14.00000000000000000, -134.0000000000000000 ) ) ;
#2117 = VECTOR ( 'NONE', #223, 1000.000000000000000 ) ;
#2118 = EDGE_CURVE ( 'NONE', #2823, #1314, #3257, .T. ) ;
#2119 = CARTESIAN_POINT ( 'NONE',  ( 61.85442618414216298, 19.00000000000000000, -69.11279700295335715 ) ) ;
#2120 = VECTOR ( 'NONE', #1582, 1000.000000000000000 ) ;
#2121 = VERTEX_POINT ( 'NONE', #3232 ) ;
#2122 = ORIENTED_EDGE ( 'NONE', *, *, #521, .F. ) ;
#2123 = CARTESIAN_POINT ( 'NONE',  ( 86.41421356237314910, 16.06806363747541866, -0.5857864376269126261 ) ) ;
#2124 = AXIS2_PLACEMENT_3D ( 'NONE', #4683, #3073, #1105 ) ;
#2125 = CARTESIAN_POINT ( 'NONE',  ( 84.98162883070607165, 17.55796977632590838, -2.018371169293988743 ) ) ;
#2126 = ORIENTED_EDGE ( 'NONE', *, *, #3012, .T. ) ;
#2127 = AXIS2_PLACEMENT_3D ( 'NONE', #1453, #2576, #4136 ) ;
#2128 = CARTESIAN_POINT ( 'NONE',  ( 86.74434537995728078, 14.53580388209611662, -54.25852065212083630 ) ) ;
#2129 = CARTESIAN_POINT ( 'NONE',  ( 24.38261146110579958, 14.07802939640450113, -54.33995979620851813 ) ) ;
#2130 = CARTESIAN_POINT ( 'NONE',  ( 44.48779150726828391, 0.000000000000000000, -67.61279700295332873 ) ) ;
#2131 = DIRECTION ( 'NONE',  ( 0.000000000000000000, 0.000000000000000000, -1.000000000000000000 ) ) ;
#2132 = CIRCLE ( 'NONE', #832, 1.500000000000001332 ) ;
#2133 = EDGE_LOOP ( 'NONE', ( #230, #3349, #3612, #195 ) ) ;
#2134 = DIRECTION ( 'NONE',  ( -2.973811673103097665E-16, 0.000000000000000000, -1.000000000000000000 ) ) ;
#2135 = ORIENTED_EDGE ( 'NONE', *, *, #871, .F. ) ;
#2136 = EDGE_CURVE ( 'NONE', #3943, #603, #2531, .T. ) ;
#2137 = CARTESIAN_POINT ( 'NONE',  ( 61.25000000000002132, 18.89897948556635399, -60.25000000000000000 ) ) ;
#2138 = CYLINDRICAL_SURFACE ( 'NONE', #2392, 1.500000000000001332 ) ;
#2139 = VECTOR ( 'NONE', #3955, 1000.000000000000000 ) ;
#2140 = DIRECTION ( 'NONE',  ( -3.469446951953611231E-16, 0.000000000000000000, -1.000000000000000000 ) ) ;
#2141 = ORIENTED_EDGE ( 'NONE', *, *, #1149, .T. ) ;
#2142 = LINE ( 'NONE', #4880, #4793 ) ;
#2143 = AXIS2_PLACEMENT_3D ( 'NONE', #625, #4035, #4102 ) ;
#2144 = EDGE_LOOP ( 'NONE', ( #3472, #3944, #2215, #447 ) ) ;
#2145 = ADVANCED_FACE ( 'NONE', ( #543 ), #2369, .T. ) ;
#2146 = ORIENTED_EDGE ( 'NONE', *, *, #3148, .F. ) ;
#2147 = DIRECTION ( 'NONE',  ( 0.000000000000000000, 0.000000000000000000, -1.000000000000000000 ) ) ;
#2148 = VECTOR ( 'NONE', #3636, 1000.000000000000000 ) ;
#2149 = EDGE_CURVE ( 'NONE', #1559, #2779, #2204, .T. ) ;
#2150 = CARTESIAN_POINT ( 'NONE',  ( 36.10952922903808116, 14.00000000000000000, -65.24999999999998579 ) ) ;
#2151 = EDGE_CURVE ( 'NONE', #2254, #152, #165, .T. ) ;
#2152 = ORIENTED_EDGE ( 'NONE', *, *, #1414, .T. ) ;
#2153 = CARTESIAN_POINT ( 'NONE',  ( 86.41950181500791928, 14.71664691522179780, -52.59987812784657280 ) ) ;
#2154 = CARTESIAN_POINT ( 'NONE',  ( 23.74993831398111155, 14.00625082297579738, -53.41438815322172928 ) ) ;
#2155 = LINE ( 'NONE', #3696, #1561 ) ;
#2156 = DIRECTION ( 'NONE',  ( 0.000000000000000000, 0.000000000000000000, 1.000000000000000000 ) ) ;
#2157 = ORIENTED_EDGE ( 'NONE', *, *, #667, .F. ) ;
#2158 = LINE ( 'NONE', #4098, #4559 ) ;
#2159 = EDGE_LOOP ( 'NONE', ( #1625, #3142 ) ) ;
#2160 = CARTESIAN_POINT ( 'NONE',  ( 62.12561250970184545, 14.81649658093480859, -55.24999999998865974 ) ) ;
#2161 = CARTESIAN_POINT ( 'NONE',  ( 84.00000000000000000, 19.00000000000000000, -14.75000000000000178 ) ) ;
#2162 = CARTESIAN_POINT ( 'NONE',  ( 55.34193818031445744, 0.000000000000000000, -77.39275710926580132 ) ) ;
#2163 = AXIS2_PLACEMENT_3D ( 'NONE', #786, #4311, #3220 ) ;
#2164 = EDGE_LOOP ( 'NONE', ( #333, #1406, #270, #4052 ) ) ;
#2165 = PLANE ( 'NONE',  #5007 ) ;
#2166 = EDGE_CURVE ( 'NONE', #62, #4030, #736, .T. ) ;
#2167 = VERTEX_POINT ( 'NONE', #614 ) ;
#2168 = ORIENTED_EDGE ( 'NONE', *, *, #3964, .T. ) ;
#2169 = CARTESIAN_POINT ( 'NONE',  ( 48.82945017648675190, 0.000000000000000000, -75.13277040716165800 ) ) ;
#2170 = CARTESIAN_POINT ( 'NONE',  ( 51.00027951109598945, 0.000000000000000000, -78.89275710926580132 ) ) ;
#2171 = EDGE_LOOP ( 'NONE', ( #4029, #3675, #2872, #3241 ) ) ;
#2172 = AXIS2_PLACEMENT_3D ( 'NONE', #769, #1049, #3883 ) ;
#2173 = VECTOR ( 'NONE', #5014, 1000.000000000000000 ) ;
#2174 = DIRECTION ( 'NONE',  ( 0.000000000000000000, 1.000000000000000000, 0.000000000000000000 ) ) ;
#2175 = SURFACE_SIDE_STYLE ('',( #2971 ) ) ;
#2176 = CARTESIAN_POINT ( 'NONE',  ( 24.00543098199993253, 14.02418082550309109, -52.47483220813099791 ) ) ;
#2177 = EDGE_CURVE ( 'NONE', #4351, #571, #4900, .T. ) ;
#2178 = CIRCLE ( 'NONE', #3168, 2.500000000000002220 ) ;
#2179 = DIRECTION ( 'NONE',  ( 0.000000000000000000, -1.000000000000000000, 0.000000000000000000 ) ) ;
#2180 = VECTOR ( 'NONE', #3757, 1000.000000000000000 ) ;
#2181 = DIRECTION ( 'NONE',  ( -0.000000000000000000, -0.000000000000000000, 1.000000000000000000 ) ) ;
#2182 = ORIENTED_EDGE ( 'NONE', *, *, #1897, .T. ) ;
#2183 = CARTESIAN_POINT ( 'NONE',  ( 59.68359684953292543, 20.00000000000000000, -78.89275710926580132 ) ) ;
#2184 = EDGE_LOOP ( 'NONE', ( #4669, #260, #4954, #175, #2008, #4647 ) ) ;
#2185 = FACE_OUTER_BOUND ( 'NONE', #4721, .T. ) ;
#2186 = CARTESIAN_POINT ( 'NONE',  ( 88.75002045706231968, 14.00625288700633497, -16.58551063786633506 ) ) ;
#2187 = CARTESIAN_POINT ( 'NONE',  ( 49.62302823626330195, 19.31336848645799975, -2.419092268348451480 ) ) ;
#2188 = ORIENTED_EDGE ( 'NONE', *, *, #1345, .F. ) ;
#2189 = CARTESIAN_POINT ( 'NONE',  ( 0.000000000000000000, 18.89897948556635399, -60.25000000000000000 ) ) ;
#2190 = AXIS2_PLACEMENT_3D ( 'NONE', #4602, #5040, #289 ) ;
#2191 = DIRECTION ( 'NONE',  ( 0.000000000000000000, 0.000000000000000000, 1.000000000000000000 ) ) ;
#2192 = VERTEX_POINT ( 'NONE', #594 ) ;
#2193 = AXIS2_PLACEMENT_3D ( 'NONE', #1654, #3953, #170 ) ;
#2194 = ORIENTED_EDGE ( 'NONE', *, *, #359, .T. ) ;
#2195 = DIRECTION ( 'NONE',  ( -0.000000000000000000, 1.000000000000000000, -0.000000000000000000 ) ) ;
#2196 = EDGE_CURVE ( 'NONE', #2332, #96, #3760, .T. ) ;
#2197 = VECTOR ( 'NONE', #858, 1000.000000000000000 ) ;
#2198 = CARTESIAN_POINT ( 'NONE',  ( 50.17157287525380127, 19.71404520791034543, -3.333333333333411641 ) ) ;
#2199 = ORIENTED_EDGE ( 'NONE', *, *, #2429, .T. ) ;
#2200 = CARTESIAN_POINT ( 'NONE',  ( 86.28613521994623170, 14.79987335731578746, -53.59213132963364501 ) ) ;
#2201 = DIRECTION ( 'NONE',  ( 1.000000000000000000, -0.000000000000000000, 0.000000000000000000 ) ) ;
#2202 = FACE_OUTER_BOUND ( 'NONE', #1167, .T. ) ;
#2203 = LINE ( 'NONE', #2974, #655 ) ;
#2204 = CIRCLE ( 'NONE', #983, 1.250000000000001110 ) ;
#2205 = EDGE_LOOP ( 'NONE', ( #1112, #2094 ) ) ;
#2206 = LINE ( 'NONE', #579, #1454 ) ;
#2207 = CARTESIAN_POINT ( 'NONE',  ( 66.14897948556637175, 19.00000000000000000, -55.25000000000000000 ) ) ;
#2208 = CYLINDRICAL_SURFACE ( 'NONE', #3412, 1.250000000000001110 ) ;
#2209 = AXIS2_PLACEMENT_3D ( 'NONE', #753, #3132, #318 ) ;
#2210 = EDGE_CURVE ( 'NONE', #883, #2337, #3603, .T. ) ;
#2211 = CARTESIAN_POINT ( 'NONE',  ( 84.00000000000001421, 19.00000000000000000, -55.25000000000000000 ) ) ;
#2212 = EDGE_CURVE ( 'NONE', #1417, #152, #2917, .T. ) ;
#2213 = EDGE_CURVE ( 'NONE', #412, #1366, #1000, .T. ) ;
#2214 = ADVANCED_FACE ( 'NONE', ( #2246 ), #3352, .F. ) ;
#2215 = ORIENTED_EDGE ( 'NONE', *, *, #3762, .F. ) ;
#2216 = CIRCLE ( 'NONE', #99, 7.500000000000007105 ) ;
#2217 = VECTOR ( 'NONE', #3951, 1000.000000000000000 ) ;
#2218 = DIRECTION ( 'NONE',  ( -1.000000000000000000, -2.478176394252583606E-16, 0.000000000000000000 ) ) ;
#2219 = DIRECTION ( 'NONE',  ( 0.000000000000000000, 0.000000000000000000, 1.000000000000000000 ) ) ;
#2220 = ORIENTED_EDGE ( 'NONE', *, *, #1689, .F. ) ;
#2221 = EDGE_LOOP ( 'NONE', ( #3225, #2850 ) ) ;
#2222 = DIRECTION ( 'NONE',  ( 0.000000000000000000, 0.000000000000000000, 1.000000000000000000 ) ) ;
#2223 = DIRECTION ( 'NONE',  ( -0.000000000000000000, 1.000000000000000000, -0.000000000000000000 ) ) ;
#2224 = ORIENTED_EDGE ( 'NONE', *, *, #4744, .T. ) ;
#2225 = DIRECTION ( 'NONE',  ( 0.000000000000000000, 1.000000000000000000, 0.000000000000000000 ) ) ;
#2226 = FILL_AREA_STYLE ('',( #3813 ) ) ;
#2227 = CARTESIAN_POINT ( 'NONE',  ( 37.97530350344057837, 0.000000000000000000, -72.87278370505748626 ) ) ;
#2228 = DIRECTION ( 'NONE',  ( 0.000000000000000000, -1.000000000000000000, 0.000000000000000000 ) ) ;
#2229 = DIRECTION ( 'NONE',  ( 0.000000000000000000, 0.000000000000000000, -1.000000000000000000 ) ) ;
#2230 = CIRCLE ( 'NONE', #3048, 10.49999999999999467 ) ;
#2231 = ORIENTED_EDGE ( 'NONE', *, *, #4100, .F. ) ;
#2232 = DIRECTION ( 'NONE',  ( 0.000000000000000000, 0.000000000000000000, -1.000000000000000000 ) ) ;
#2233 = CARTESIAN_POINT ( 'NONE',  ( 24.68262711379135510, 14.13939801082889680, -15.52992320348602107 ) ) ;
#2234 = CARTESIAN_POINT ( 'NONE',  ( 61.25000000000002132, 18.89897948556635399, -55.25000000000000000 ) ) ;
#2235 = CARTESIAN_POINT ( 'NONE',  ( 91.00000000000001421, 20.00000000000000000, 1.784287003861858500E-15 ) ) ;
#2236 = CARTESIAN_POINT ( 'NONE',  ( 87.65916326203416986, 14.18245758536062695, -54.49239165462648060 ) ) ;
#2237 = EDGE_LOOP ( 'NONE', ( #59, #2449, #3924, #2943 ) ) ;
#2238 = ADVANCED_FACE ( 'NONE', ( #1430, #263 ), #236, .F. ) ;
#2239 = DIRECTION ( 'NONE',  ( 2.478176394252584099E-16, -1.000000000000000000, 0.000000000000000000 ) ) ;
#2240 = ADVANCED_FACE ( 'NONE', ( #1836 ), #3442, .T. ) ;
#2241 = CARTESIAN_POINT ( 'NONE',  ( 51.25000000000001421, 19.00000000000000000, -82.24999999999998579 ) ) ;
#2242 = ORIENTED_EDGE ( 'NONE', *, *, #893, .T. ) ;
#2243 = ADVANCED_FACE ( 'NONE', ( #2555 ), #2968, .T. ) ;
#2244 = ORIENTED_EDGE ( 'NONE', *, *, #1657, .F. ) ;
#2245 = DIRECTION ( 'NONE',  ( 0.000000000000000000, 0.000000000000000000, -1.000000000000000000 ) ) ;
#2246 = FACE_OUTER_BOUND ( 'NONE', #4253, .T. ) ;
#2247 = VERTEX_POINT ( 'NONE', #1021 ) ;
#2248 = DIRECTION ( 'NONE',  ( 0.000000000000000000, 1.000000000000000000, 0.000000000000000000 ) ) ;
#2249 = DIRECTION ( 'NONE',  ( 1.000000000000000000, 0.000000000000000000, 0.000000000000000000 ) ) ;
#2250 = CARTESIAN_POINT ( 'NONE',  ( 87.00000000000004263, 4.585786437626869549, -0.5857864376269129592 ) ) ;
#2251 = EDGE_CURVE ( 'NONE', #1774, #1428, #4243, .T. ) ;
#2252 = DIRECTION ( 'NONE',  ( 0.000000000000000000, 0.000000000000000000, -1.000000000000000000 ) ) ;
#2253 = CARTESIAN_POINT ( 'NONE',  ( 82.00000000000001421, 14.00000000000000000, -7.000000000000000000 ) ) ;
#2254 = VERTEX_POINT ( 'NONE', #214 ) ;
#2255 = DIRECTION ( 'NONE',  ( 0.000000000000000000, 0.000000000000000000, 1.000000000000000000 ) ) ;
#2256 = CYLINDRICAL_SURFACE ( 'NONE', #1462, 1.500000000000001332 ) ;
#2257 = LINE ( 'NONE', #2591, #3817 ) ;
#2258 = AXIS2_PLACEMENT_3D ( 'NONE', #1891, #2656, #389 ) ;
#2259 = EDGE_CURVE ( 'NONE', #2845, #1622, #1804, .T. ) ;
#2260 = CARTESIAN_POINT ( 'NONE',  ( 49.26551388729345859, 16.69806194885335771, -0.2655138872934773020 ) ) ;
#2261 = AXIS2_PLACEMENT_3D ( 'NONE', #2625, #1880, #706 ) ;
#2262 = EDGE_LOOP ( 'NONE', ( #1081, #4453 ) ) ;
#2263 = DIRECTION ( 'NONE',  ( 1.000000000000000000, 0.000000000000000000, 0.000000000000000000 ) ) ;
#2264 = DIRECTION ( 'NONE',  ( -0.000000000000000000, -1.000000000000000000, -0.000000000000000000 ) ) ;
#2265 = DIRECTION ( 'NONE',  ( -0.000000000000000000, 1.000000000000000000, 0.000000000000000000 ) ) ;
#2266 = EDGE_CURVE ( 'NONE', #2082, #1774, #975, .T. ) ;
#2267 = ORIENTED_EDGE ( 'NONE', *, *, #2020, .T. ) ;
#2268 = EDGE_LOOP ( 'NONE', ( #918, #4108, #3771, #538 ) ) ;
#2269 = CARTESIAN_POINT ( 'NONE',  ( 34.10952922903808116, 19.00000000000000000, -73.25000000000000000 ) ) ;
#2270 = CARTESIAN_POINT ( 'NONE',  ( 85.61101787503241667, 19.46196161518497547, -2.840644029496209200 ) ) ;
#2271 = AXIS2_PLACEMENT_3D ( 'NONE', #886, #803, #4302 ) ;
#2272 = VERTEX_POINT ( 'NONE', #2150 ) ;
#2273 = CARTESIAN_POINT ( 'NONE',  ( 64.02525551875139342, 20.00000000000000000, -69.87278370505750047 ) ) ;
#2274 = CARTESIAN_POINT ( 'NONE',  ( 87.50000000000001421, 19.00000000000000000, -54.49999999999999289 ) ) ;
#2275 = CARTESIAN_POINT ( 'NONE',  ( 23.50000000000001066, 14.00000000000000000, -60.25000000000000000 ) ) ;
#2276 = CIRCLE ( 'NONE', #242, 4.999999999999997335 ) ;
#2277 = DIRECTION ( 'NONE',  ( 1.000000000000000000, 0.000000000000000000, -1.387778780781450211E-15 ) ) ;
#2278 = ORIENTED_EDGE ( 'NONE', *, *, #1806, .T. ) ;
#2279 = AXIS2_PLACEMENT_3D ( 'NONE', #3217, #2442, #4051 ) ;
#2280 = FACE_BOUND ( 'NONE', #2159, .T. ) ;
#2281 = CARTESIAN_POINT ( 'NONE',  ( 36.10952922903808116, 19.00000000000000000, -73.25000000000000000 ) ) ;
#2282 = DIRECTION ( 'NONE',  ( -1.982541115402065110E-16, -0.000000000000000000, -1.000000000000000000 ) ) ;
#2283 = LINE ( 'NONE', #3796, #846 ) ;
#2284 = CARTESIAN_POINT ( 'NONE',  ( 87.89274118828639359, 14.12353757994463699, -54.43946724697402573 ) ) ;
#2285 = VECTOR ( 'NONE', #4734, 1000.000000000000000 ) ;
#2286 = ADVANCED_FACE ( 'NONE', ( #1764 ), #3018, .F. ) ;
#2287 = ORIENTED_EDGE ( 'NONE', *, *, #4100, .T. ) ;
#2288 = DIRECTION ( 'NONE',  ( 0.000000000000000000, 0.000000000000000000, -1.000000000000000000 ) ) ;
#2289 = AXIS2_PLACEMENT_3D ( 'NONE', #4426, #2869, #1335 ) ;
#2290 = CIRCLE ( 'NONE', #4011, 1.500000000000001332 ) ;
#2291 = CARTESIAN_POINT ( 'NONE',  ( 51.25000000000001421, 19.00000000000000000, -82.24999999999998579 ) ) ;
#2292 = LINE ( 'NONE', #3038, #156 ) ;
#2293 = VECTOR ( 'NONE', #2005, 1000.000000000000000 ) ;
#2294 = AXIS2_PLACEMENT_3D ( 'NONE', #4942, #200, #1435 ) ;
#2295 = VERTEX_POINT ( 'NONE', #3504 ) ;
#2296 = ORIENTED_EDGE ( 'NONE', *, *, #2774, .T. ) ;
#2297 = AXIS2_PLACEMENT_3D ( 'NONE', #3626, #2131, #4411 ) ;
#2298 = CARTESIAN_POINT ( 'NONE',  ( 85.40091347736507998, 19.08394818737336962, -2.426647995006712133 ) ) ;
#2299 = ADVANCED_FACE ( 'NONE', ( #4985 ), #1936, .F. ) ;
#2300 = ORIENTED_EDGE ( 'NONE', *, *, #2494, .F. ) ;
#2301 = DIRECTION ( 'NONE',  ( 0.000000000000000000, 0.000000000000000000, 1.000000000000000000 ) ) ;
#2302 = CARTESIAN_POINT ( 'NONE',  ( 28.50000000000001066, 19.00000000000000000, -55.25000000000000000 ) ) ;
#2303 = LINE ( 'NONE', #771, #3089 ) ;
#2304 = EDGE_CURVE ( 'NONE', #416, #1281, #4334, .T. ) ;
#2305 = ADVANCED_FACE ( 'NONE', ( #766 ), #3458, .T. ) ;
#2306 = DIRECTION ( 'NONE',  ( -0.000000000000000000, -1.000000000000000000, -0.000000000000000000 ) ) ;
#2307 = CYLINDRICAL_SURFACE ( 'NONE', #2124, 1.250000000000001110 ) ;
#2308 = EDGE_LOOP ( 'NONE', ( #1748, #19, #3547, #4092 ) ) ;
#2309 = FACE_BOUND ( 'NONE', #2503, .T. ) ;
#2310 = EDGE_LOOP ( 'NONE', ( #4755, #3756, #1219, #1506 ) ) ;
#2311 = DIRECTION ( 'NONE',  ( -0.000000000000000000, -1.000000000000000000, -0.000000000000000000 ) ) ;
#2312 = DIRECTION ( 'NONE',  ( 0.000000000000000000, 0.000000000000000000, -1.000000000000000000 ) ) ;
#2313 = CARTESIAN_POINT ( 'NONE',  ( 87.50000000000001421, 19.00000000000000000, -53.24999999999999289 ) ) ;
#2314 = CARTESIAN_POINT ( 'NONE',  ( 29.99999999999990052, 20.00000000000000000, -50.74999999999981526 ) ) ;
#2315 = ORIENTED_EDGE ( 'NONE', *, *, #967, .T. ) ;
#2316 = DIRECTION ( 'NONE',  ( 0.000000000000000000, 0.000000000000000000, 1.000000000000000000 ) ) ;
#2317 = CARTESIAN_POINT ( 'NONE',  ( 48.17157287525379417, 17.19275263435465817, -9.486874814855872934E-16 ) ) ;
#2318 = DIRECTION ( 'NONE',  ( 0.000000000000000000, 0.000000000000000000, 1.000000000000000000 ) ) ;
#2319 = VERTEX_POINT ( 'NONE', #384 ) ;
#2320 = EDGE_LOOP ( 'NONE', ( #1607, #4859, #212, #3404 ) ) ;
#2321 = EDGE_CURVE ( 'NONE', #1762, #4735, #2023, .T. ) ;
#2322 = CARTESIAN_POINT ( 'NONE',  ( 84.00000000000000000, 19.00000000000000000, -14.75000000000000178 ) ) ;
#2323 = EDGE_CURVE ( 'NONE', #2427, #1673, #4907, .T. ) ;
#2324 = VERTEX_POINT ( 'NONE', #2732 ) ;
#2325 = EDGE_LOOP ( 'NONE', ( #4151, #1574 ) ) ;
#2326 = CARTESIAN_POINT ( 'NONE',  ( 74.50000000000012790, 20.00000000000000000, -16.25000000000012434 ) ) ;
#2327 = CARTESIAN_POINT ( 'NONE',  ( 40.02502783967819511, 19.00000000000000000, -75.25000000000000000 ) ) ;
#2328 = CARTESIAN_POINT ( 'NONE',  ( 33.00000000000014211, 19.00000000000000000, -16.24999999999982592 ) ) ;
#2329 = FACE_OUTER_BOUND ( 'NONE', #1001, .T. ) ;
#2330 = DIRECTION ( 'NONE',  ( 0.000000000000000000, 0.000000000000000000, 1.000000000000000000 ) ) ;
#2331 = EDGE_LOOP ( 'NONE', ( #4245, #2807, #3152, #462 ) ) ;
#2332 = VERTEX_POINT ( 'NONE', #3143 ) ;
#2333 = FACE_BOUND ( 'NONE', #2205, .T. ) ;
#2334 = CARTESIAN_POINT ( 'NONE',  ( 23.78324235265763775, 14.00761993403916961, -17.08053209795891192 ) ) ;
#2335 = CARTESIAN_POINT ( 'NONE',  ( 61.85442618414216298, 20.00000000000000000, -76.63277040716165800 ) ) ;
#2336 = CARTESIAN_POINT ( 'NONE',  ( 25.32470283767122154, 14.34207151626739041, -54.46758812428154073 ) ) ;
#2337 = VERTEX_POINT ( 'NONE', #310 ) ;
#2338 = LINE ( 'NONE', #403, #1549 ) ;
#2339 = VERTEX_POINT ( 'NONE', #1860 ) ;
#2340 = DIRECTION ( 'NONE',  ( -0.000000000000000000, -1.000000000000000000, -0.000000000000000000 ) ) ;
#2341 = DIRECTION ( 'NONE',  ( 0.000000000000000000, 1.000000000000000000, 0.000000000000000000 ) ) ;
#2342 = AXIS2_PLACEMENT_3D ( 'NONE', #3524, #1195, #2396 ) ;
#2343 = STYLED_ITEM ( 'NONE', ( #691 ), #867 ) ;
#2344 = VERTEX_POINT ( 'NONE', #3910 ) ;
#2345 = ORIENTED_EDGE ( 'NONE', *, *, #4370, .F. ) ;
#2346 = CIRCLE ( 'NONE', #2759, 1.500000000000001332 ) ;
#2347 = CARTESIAN_POINT ( 'NONE',  ( 87.50000000000001421, 19.00000000000000000, -53.24999999999999289 ) ) ;
#2348 = ORIENTED_EDGE ( 'NONE', *, *, #710, .T. ) ;
#2349 = EDGE_LOOP ( 'NONE', ( #3980, #1784, #469, #1830 ) ) ;
#2350 = ADVANCED_FACE ( 'NONE', ( #4698 ), #4234, .T. ) ;
#2351 = DIRECTION ( 'NONE',  ( 0.000000000000000000, -1.000000000000000000, 0.000000000000000000 ) ) ;
#2352 = DIRECTION ( 'NONE',  ( -0.000000000000000000, 1.000000000000000000, 0.000000000000000000 ) ) ;
#2353 = CIRCLE ( 'NONE', #4726, 1.500000000000001332 ) ;
#2354 = CARTESIAN_POINT ( 'NONE',  ( 86.37697176373949048, 19.31336848645845095, -2.419092268349055441 ) ) ;
#2355 = ORIENTED_EDGE ( 'NONE', *, *, #2177, .F. ) ;
#2356 = VERTEX_POINT ( 'NONE', #1910 ) ;
#2357 = CARTESIAN_POINT ( 'NONE',  ( 61.25000000000002132, 19.00000000000000000, -71.75000000000000000 ) ) ;
#2358 = CIRCLE ( 'NONE', #3015, 1.500000000000001332 ) ;
#2359 = FACE_BOUND ( 'NONE', #4224, .T. ) ;
#2360 = DIRECTION ( 'NONE',  ( -0.000000000000000000, 1.000000000000000000, -0.000000000000000000 ) ) ;
#2361 = CARTESIAN_POINT ( 'NONE',  ( 26.24971305500482188, 14.82398775962410475, -53.42386818015175720 ) ) ;
#2362 = CIRCLE ( 'NONE', #413, 1.500000000000001332 ) ;
#2363 = ORIENTED_EDGE ( 'NONE', *, *, #2929, .F. ) ;
#2364 = CARTESIAN_POINT ( 'NONE',  ( 64.02525551875139342, 0.000000000000000000, -69.87278370505750047 ) ) ;
#2365 = ORIENTED_EDGE ( 'NONE', *, *, #2372, .F. ) ;
#2366 = CARTESIAN_POINT ( 'NONE',  ( 48.82945017648675190, 0.000000000000000000, -66.11279700295332873 ) ) ;
#2367 = DIRECTION ( 'NONE',  ( 0.000000000000000000, 0.000000000000000000, 1.000000000000000000 ) ) ;
#2368 = EDGE_CURVE ( 'NONE', #3728, #612, #5060, .T. ) ;
#2369 = TOROIDAL_SURFACE ( 'NONE', #3194, 2.499999999999999556, 5.000000000000000000 ) ;
#2370 = EDGE_CURVE ( 'NONE', #2834, #1314, #2534, .T. ) ;
#2371 = CYLINDRICAL_SURFACE ( 'NONE', #3850, 1.500000000000001332 ) ;
#2372 = EDGE_CURVE ( 'NONE', #3824, #4273, #2700, .T. ) ;
#2373 = ADVANCED_FACE ( 'NONE', ( #2709 ), #1202, .T. ) ;
#2374 = CIRCLE ( 'NONE', #3436, 1.500000000000001332 ) ;
#2375 = EDGE_LOOP ( 'NONE', ( #4863, #1908 ) ) ;
#2376 = VECTOR ( 'NONE', #1826, 1000.000000000000000 ) ;
#2377 = AXIS2_PLACEMENT_3D ( 'NONE', #1538, #2352, #420 ) ;
#2378 = CARTESIAN_POINT ( 'NONE',  ( 28.50000000000001066, 19.00000000000000000, -60.25000000000000000 ) ) ;
#2379 = ORIENTED_EDGE ( 'NONE', *, *, #466, .F. ) ;
#2380 = ORIENTED_EDGE ( 'NONE', *, *, #27, .F. ) ;
#2381 = CARTESIAN_POINT ( 'NONE',  ( 55.34193818031445744, 0.000000000000000000, -69.87278370505750047 ) ) ;
#2382 = AXIS2_PLACEMENT_3D ( 'NONE', #2029, #4000, #1677 ) ;
#2383 = CIRCLE ( 'NONE', #4665, 1.500000000000001332 ) ;
#2384 = CARTESIAN_POINT ( 'NONE',  ( 87.82842712474624136, 15.00000000000000000, 0.000000000000000000 ) ) ;
#2385 = CARTESIAN_POINT ( 'NONE',  ( 66.19608485336061676, 0.000000000000000000, -73.63277040716165800 ) ) ;
#2386 = ORIENTED_EDGE ( 'NONE', *, *, #3742, .F. ) ;
#2387 = ORIENTED_EDGE ( 'NONE', *, *, #2862, .F. ) ;
#2388 = LINE ( 'NONE', #1264, #2217 ) ;
#2389 = CARTESIAN_POINT ( 'NONE',  ( 51.25000000000001421, 19.00000000000000000, -71.75000000000000000 ) ) ;
#2390 = CARTESIAN_POINT ( 'NONE',  ( 84.41421356237312068, 16.41421356237310292, -2.585786437626961920 ) ) ;
#2391 = CYLINDRICAL_SURFACE ( 'NONE', #2546, 1.500000000000001332 ) ;
#2392 = AXIS2_PLACEMENT_3D ( 'NONE', #4442, #2545, #4417 ) ;
#2393 = ORIENTED_EDGE ( 'NONE', *, *, #1554, .T. ) ;
#2394 = CARTESIAN_POINT ( 'NONE',  ( 74.49999999999985789, 20.00000000000000000, -53.75000000000012790 ) ) ;
#2395 = ORIENTED_EDGE ( 'NONE', *, *, #4286, .T. ) ;
#2396 = DIRECTION ( 'NONE',  ( 0.000000000000000000, 0.000000000000000000, -1.000000000000000000 ) ) ;
#2397 = DIRECTION ( 'NONE',  ( 0.000000000000000000, 0.000000000000000000, 1.000000000000000000 ) ) ;
#2398 = CIRCLE ( 'NONE', #3782, 1.500000000000001332 ) ;
#2399 = FACE_OUTER_BOUND ( 'NONE', #2597, .T. ) ;
#2400 = EDGE_CURVE ( 'NONE', #4162, #4440, #2290, .T. ) ;
#2401 = ORIENTED_EDGE ( 'NONE', *, *, #2266, .F. ) ;
#2402 = EDGE_CURVE ( 'NONE', #416, #4440, #1098, .T. ) ;
#2403 = VERTEX_POINT ( 'NONE', #1121 ) ;
#2404 = ORIENTED_EDGE ( 'NONE', *, *, #2902, .F. ) ;
#2405 = CARTESIAN_POINT ( 'NONE',  ( 66.19608485336061676, 20.00000000000000000, -75.13277040716165800 ) ) ;
#2406 = LINE ( 'NONE', #931, #3196 ) ;
#2407 = CARTESIAN_POINT ( 'NONE',  ( 97.00000000000001421, 15.00000000000000000, 0.000000000000000000 ) ) ;
#2408 = VERTEX_POINT ( 'NONE', #3860 ) ;
#2409 = VERTEX_POINT ( 'NONE', #360 ) ;
#2410 = CARTESIAN_POINT ( 'NONE',  ( 57.51276751492369499, 19.00000000000000000, -66.11279700295335715 ) ) ;
#2411 = CYLINDRICAL_SURFACE ( 'NONE', #5052, 1.500000000000001332 ) ;
#2412 = CARTESIAN_POINT ( 'NONE',  ( 0.000000000000000000, 14.00000000000000000, -5.000000000000087930 ) ) ;
#2413 = CARTESIAN_POINT ( 'NONE',  ( 85.82842712474622715, 19.71404520791034543, -3.333333333333412973 ) ) ;
#2414 = ORIENTED_EDGE ( 'NONE', *, *, #1773, .F. ) ;
#2415 = DIRECTION ( 'NONE',  ( 0.000000000000000000, 0.000000000000000000, -1.000000000000000000 ) ) ;
#2416 = ORIENTED_EDGE ( 'NONE', *, *, #1421, .F. ) ;
#2417 = EDGE_CURVE ( 'NONE', #4619, #1877, #92, .T. ) ;
#2418 = DIRECTION ( 'NONE',  ( 0.000000000000000000, 1.000000000000000000, 0.000000000000000000 ) ) ;
#2419 = CARTESIAN_POINT ( 'NONE',  ( 64.02525551875139342, 0.000000000000000000, -71.37278370505751468 ) ) ;
#2420 =( BOUNDED_CURVE ( )  B_SPLINE_CURVE ( 3, ( #3397, #2317, #4950, #4226 ),
 .UNSPECIFIED., .F., .F. ) 
 B_SPLINE_CURVE_WITH_KNOTS ( ( 4, 4 ),
 ( 3.141592653589790896, 4.372552070930581181 ),
 .UNSPECIFIED. ) 
 CURVE ( )  GEOMETRIC_REPRESENTATION_ITEM ( )  RATIONAL_B_SPLINE_CURVE ( ( 1.000000000000000000, 0.8776643872851475070, 0.8776643872851475070, 1.000000000000000000 ) ) 
 REPRESENTATION_ITEM ( '' )  );
#2421 = DIRECTION ( 'NONE',  ( 0.000000000000000000, -1.000000000000000000, -0.000000000000000000 ) ) ;
#2422 = VECTOR ( 'NONE', #3281, 1000.000000000000000 ) ;
#2423 = ORIENTED_EDGE ( 'NONE', *, *, #4871, .T. ) ;
#2424 = CARTESIAN_POINT ( 'NONE',  ( 96.99999999999997158, 15.00000000000000000, -132.5000000000000000 ) ) ;
#2425 = AXIS2_PLACEMENT_3D ( 'NONE', #4186, #3933, #687 ) ;
#2426 = VERTEX_POINT ( 'NONE', #3172 ) ;
#2427 = VERTEX_POINT ( 'NONE', #1991 ) ;
#2428 = CARTESIAN_POINT ( 'NONE',  ( 25.98621082287159467, 14.65997945482859954, -15.96542832909609722 ) ) ;
#2429 = EDGE_CURVE ( 'NONE', #4676, #3456, #848, .T. ) ;
#2430 = DIRECTION ( 'NONE',  ( 0.000000000000000000, -0.000000000000000000, 1.000000000000000000 ) ) ;
#2431 = CARTESIAN_POINT ( 'NONE',  ( 84.92199736947290489, 17.12105274121119081, -2.078002630527161276 ) ) ;
#2432 = ORIENTED_EDGE ( 'NONE', *, *, #369, .T. ) ;
#2433 = EDGE_LOOP ( 'NONE', ( #4337, #325, #1594, #3019 ) ) ;
#2434 = DIRECTION ( 'NONE',  ( 0.000000000000000000, 1.000000000000000000, 0.000000000000000000 ) ) ;
#2435 = FACE_BOUND ( 'NONE', #4062, .T. ) ;
#2436 = CARTESIAN_POINT ( 'NONE',  ( 55.34193818031445744, 0.000000000000000000, -62.35281030084921383 ) ) ;
#2437 = CIRCLE ( 'NONE', #1047, 1.500000000000001332 ) ;
#2438 = DIRECTION ( 'NONE',  ( 0.000000000000000000, 0.000000000000000000, 1.000000000000000000 ) ) ;
#2439 = ORIENTED_EDGE ( 'NONE', *, *, #3481, .F. ) ;
#2440 = AXIS2_PLACEMENT_3D ( 'NONE', #1801, #4483, #2589 ) ;
#2441 = EDGE_LOOP ( 'NONE', ( #3502, #1455 ) ) ;
#2442 = DIRECTION ( 'NONE',  ( 0.000000000000000000, -1.000000000000000000, 0.000000000000000000 ) ) ;
#2443 = ORIENTED_EDGE ( 'NONE', *, *, #695, .T. ) ;
#2444 = DIRECTION ( 'NONE',  ( 0.000000000000000000, 1.000000000000000000, 0.000000000000000000 ) ) ;
#2445 = CARTESIAN_POINT ( 'NONE',  ( 7.499999999999998224, 15.00000000000000000, -7.500000000000000000 ) ) ;
#2446 = VECTOR ( 'NONE', #3548, 1000.000000000000000 ) ;
#2447 = CARTESIAN_POINT ( 'NONE',  ( 49.58578643762987781, 15.30960792271321402, -0.5857864376299012354 ) ) ;
#2448 = VECTOR ( 'NONE', #1438, 1000.000000000000000 ) ;
#2449 = ORIENTED_EDGE ( 'NONE', *, *, #3658, .F. ) ;
#2450 = DIRECTION ( 'NONE',  ( 0.000000000000000000, -1.000000000000000000, 0.000000000000000000 ) ) ;
#2451 = EDGE_CURVE ( 'NONE', #96, #2272, #3354, .T. ) ;
#2452 = VECTOR ( 'NONE', #4529, 1000.000000000000000 ) ;
#2453 = ORIENTED_EDGE ( 'NONE', *, *, #3167, .T. ) ;
#2454 = ORIENTED_EDGE ( 'NONE', *, *, #3641, .F. ) ;
#2455 = CARTESIAN_POINT ( 'NONE',  ( 25.00000000000000711, 14.23030399291527281, -15.50000000000000888 ) ) ;
#2456 = AXIS2_PLACEMENT_3D ( 'NONE', #3047, #266, #4212 ) ;
#2457 = VECTOR ( 'NONE', #2638, 1000.000000000000000 ) ;
#2458 = EDGE_CURVE ( 'NONE', #3337, #3280, #4657, .T. ) ;
#2459 = CARTESIAN_POINT ( 'NONE',  ( 89.50000000000002842, 0.000000000000000000, 0.000000000000000000 ) ) ;
#2460 = CARTESIAN_POINT ( 'NONE',  ( 0.000000000000000000, 19.71404520791034543, -3.333333333333412973 ) ) ;
#2461 = VECTOR ( 'NONE', #4312, 1000.000000000000000 ) ;
#2462 = VERTEX_POINT ( 'NONE', #4866 ) ;
#2463 = CIRCLE ( 'NONE', #4170, 1.500000000000001332 ) ;
#2464 = ORIENTED_EDGE ( 'NONE', *, *, #369, .F. ) ;
#2465 = EDGE_CURVE ( 'NONE', #735, #1510, #4095, .T. ) ;
#2466 = DIRECTION ( 'NONE',  ( -0.000000000000000000, 1.000000000000000000, -0.000000000000000000 ) ) ;
#2467 = FACE_BOUND ( 'NONE', #224, .T. ) ;
#2468 = CARTESIAN_POINT ( 'NONE',  ( 42.31696217265903925, 19.00000000000000000, -71.37278370505748626 ) ) ;
#2469 = EDGE_CURVE ( 'NONE', #3903, #487, #2584, .T. ) ;
#2470 = DIRECTION ( 'NONE',  ( 0.000000000000000000, -1.000000000000000000, 0.000000000000000000 ) ) ;
#2471 = ORIENTED_EDGE ( 'NONE', *, *, #3376, .T. ) ;
#2472 = EDGE_CURVE ( 'NONE', #4692, #2426, #2132, .T. ) ;
#2473 = ORIENTED_EDGE ( 'NONE', *, *, #2323, .T. ) ;
#2474 = CARTESIAN_POINT ( 'NONE',  ( 51.25000000000001421, 13.99999999999999822, -59.25000000000000000 ) ) ;
#2475 = ORIENTED_EDGE ( 'NONE', *, *, #1041, .T. ) ;
#2476 = SPHERICAL_SURFACE ( 'NONE', #1035, 2.000000000000000000 ) ;
#2477 = FACE_OUTER_BOUND ( 'NONE', #4873, .T. ) ;
#2478 = CARTESIAN_POINT ( 'NONE',  ( 48.17157287525378706, 15.00000000000001421, 0.000000000000000000 ) ) ;
#2479 = ORIENTED_EDGE ( 'NONE', *, *, #144, .T. ) ;
#2480 = DIRECTION ( 'NONE',  ( 0.000000000000000000, 0.000000000000000000, -1.000000000000000000 ) ) ;
#2481 = ADVANCED_FACE ( 'NONE', ( #1797 ), #4117, .T. ) ;
#2482 = AXIS2_PLACEMENT_3D ( 'NONE', #539, #3302, #629 ) ;
#2483 = ORIENTED_EDGE ( 'NONE', *, *, #1939, .F. ) ;
#2484 = CARTESIAN_POINT ( 'NONE',  ( 44.48779150726828391, 0.000000000000000000, -66.11279700295332873 ) ) ;
#2485 = EDGE_CURVE ( 'NONE', #3040, #3907, #1480, .T. ) ;
#2486 = EDGE_CURVE ( 'NONE', #1120, #4398, #4341, .T. ) ;
#2487 = LINE ( 'NONE', #2098, #1292 ) ;
#2488 = CARTESIAN_POINT ( 'NONE',  ( 86.03696234271808407, 16.48897028366748430, -0.9630376572819788761 ) ) ;
#2489 = VERTEX_POINT ( 'NONE', #1027 ) ;
#2490 = CARTESIAN_POINT ( 'NONE',  ( 34.10952922903808116, 16.00000000000000000, -75.25000000000000000 ) ) ;
#2491 = DIRECTION ( 'NONE',  ( 0.000000000000000000, 0.000000000000000000, 1.000000000000000000 ) ) ;
#2492 = DIRECTION ( 'NONE',  ( 0.000000000000000000, 0.000000000000000000, 1.000000000000000000 ) ) ;
#2493 = CARTESIAN_POINT ( 'NONE',  ( 46.65862084187751435, 0.000000000000000000, -78.89275710926580132 ) ) ;
#2494 = EDGE_CURVE ( 'NONE', #1855, #2986, #3312, .T. ) ;
#2495 = VERTEX_POINT ( 'NONE', #2537 ) ;
#2496 = ORIENTED_EDGE ( 'NONE', *, *, #219, .F. ) ;
#2497 = DIRECTION ( 'NONE',  ( -1.000000000000000000, 0.000000000000000000, 0.000000000000000000 ) ) ;
#2498 = ORIENTED_EDGE ( 'NONE', *, *, #3308, .T. ) ;
#2499 = FACE_OUTER_BOUND ( 'NONE', #4605, .T. ) ;
#2500 = CARTESIAN_POINT ( 'NONE',  ( 88.12092485337157655, 14.07544058072311088, -17.84716236936827016 ) ) ;
#2501 = CARTESIAN_POINT ( 'NONE',  ( 5.999999999999999112, 14.00000000000000000, -6.000000000000000000 ) ) ;
#2502 = CARTESIAN_POINT ( 'NONE',  ( 62.88325578385887837, 18.91911559758630190, -55.25000000000000000 ) ) ;
#2503 = EDGE_LOOP ( 'NONE', ( #1270, #2953 ) ) ;
#2504 = ORIENTED_EDGE ( 'NONE', *, *, #2088, .T. ) ;
#2505 = DIRECTION ( 'NONE',  ( 0.000000000000000000, -1.000000000000000000, 0.000000000000000000 ) ) ;
#2506 = CIRCLE ( 'NONE', #1929, 1.500000000000001332 ) ;
#2507 = DIRECTION ( 'NONE',  ( 0.000000000000000000, 1.000000000000000000, 0.000000000000000000 ) ) ;
#2508 = ADVANCED_FACE ( 'NONE', ( #598 ), #3717, .F. ) ;
#2509 = EDGE_CURVE ( 'NONE', #2091, #74, #2155, .T. ) ;
#2510 = VECTOR ( 'NONE', #3418, 1000.000000000000114 ) ;
#2511 = ORIENTED_EDGE ( 'NONE', *, *, #117, .F. ) ;
#2512 = CARTESIAN_POINT ( 'NONE',  ( 86.88016976727674034, 14.46876430775106037, -54.34713334727160117 ) ) ;
#2513 = DIRECTION ( 'NONE',  ( 0.000000000000000000, -1.000000000000000000, -0.000000000000000000 ) ) ;
#2514 = DIRECTION ( 'NONE',  ( 0.000000000000000000, 0.000000000000000000, 1.000000000000000000 ) ) ;
#2515 = DIRECTION ( 'NONE',  ( -0.000000000000000000, 1.000000000000000000, -0.000000000000000000 ) ) ;
#2516 = VERTEX_POINT ( 'NONE', #643 ) ;
#2517 = DIRECTION ( 'NONE',  ( -0.000000000000000000, 1.000000000000000000, -0.000000000000000000 ) ) ;
#2518 = ORIENTED_EDGE ( 'NONE', *, *, #4615, .F. ) ;
#2519 = DIRECTION ( 'NONE',  ( 0.000000000000000000, 0.000000000000000000, 1.000000000000000000 ) ) ;
#2520 = CARTESIAN_POINT ( 'NONE',  ( 88.43622433404746630, 14.03153024161506934, -15.91762927860828469 ) ) ;
#2521 = CARTESIAN_POINT ( 'NONE',  ( 40.02502783967819511, 16.00000000000000000, -75.25000000000000000 ) ) ;
#2522 = VECTOR ( 'NONE', #3365, 1000.000000000000000 ) ;
#2523 = EDGE_CURVE ( 'NONE', #1281, #4162, #1752, .T. ) ;
#2524 = FACE_OUTER_BOUND ( 'NONE', #3751, .T. ) ;
#2525 = AXIS2_PLACEMENT_3D ( 'NONE', #39, #755, #5049 ) ;
#2526 = ADVANCED_FACE ( 'NONE', ( #2202 ), #3385, .F. ) ;
#2527 = CIRCLE ( 'NONE', #4978, 1.500000000000001332 ) ;
#2528 = ORIENTED_EDGE ( 'NONE', *, *, #4221, .T. ) ;
#2529 = VERTEX_POINT ( 'NONE', #4554 ) ;
#2530 = CARTESIAN_POINT ( 'NONE',  ( 66.19608485336061676, 19.00000000000000000, -73.63277040716165800 ) ) ;
#2531 = CIRCLE ( 'NONE', #4008, 1.500000000000001332 ) ;
#2532 = CARTESIAN_POINT ( 'NONE',  ( 51.25000000000001421, 16.00000000000000000, -71.75000000000000000 ) ) ;
#2533 = ORIENTED_EDGE ( 'NONE', *, *, #3341, .T. ) ;
#2534 = CIRCLE ( 'NONE', #1646, 1.500000000000001332 ) ;
#2535 = DIRECTION ( 'NONE',  ( 0.000000000000000000, 0.000000000000000000, 1.000000000000000000 ) ) ;
#2536 = DIRECTION ( 'NONE',  ( -0.000000000000000000, 1.000000000000000000, -0.000000000000000000 ) ) ;
#2537 = CARTESIAN_POINT ( 'NONE',  ( 59.68359684953292543, 19.00000000000000000, -69.87278370505750047 ) ) ;
#2538 = DIRECTION ( 'NONE',  ( 0.000000000000000000, 0.000000000000000000, -1.000000000000000000 ) ) ;
#2539 = AXIS2_PLACEMENT_3D ( 'NONE', #1371, #3301, #2860 ) ;
#2540 = AXIS2_PLACEMENT_3D ( 'NONE', #4295, #3512, #343 ) ;
#2541 = ORIENTED_EDGE ( 'NONE', *, *, #5018, .F. ) ;
#2542 = CARTESIAN_POINT ( 'NONE',  ( 64.02525551875139342, 0.000000000000000000, -71.37278370505751468 ) ) ;
#2543 = EDGE_LOOP ( 'NONE', ( #4496, #4438, #2014, #232 ) ) ;
#2544 = CARTESIAN_POINT ( 'NONE',  ( 64.68015967073819183, 14.49457520109147701, -55.25000000000287770 ) ) ;
#2545 = DIRECTION ( 'NONE',  ( -0.000000000000000000, 1.000000000000000000, -0.000000000000000000 ) ) ;
#2546 = AXIS2_PLACEMENT_3D ( 'NONE', #3494, #3546, #1630 ) ;
#2547 = DIRECTION ( 'NONE',  ( 0.000000000000000000, 1.000000000000000000, 0.000000000000000000 ) ) ;
#2548 = ORIENTED_EDGE ( 'NONE', *, *, #3892, .F. ) ;
#2549 = DIRECTION ( 'NONE',  ( 1.000000000000000000, -0.000000000000000000, -1.387778780781450211E-15 ) ) ;
#2550 = VERTEX_POINT ( 'NONE', #1054 ) ;
#2551 = EDGE_CURVE ( 'NONE', #3093, #1691, #993, .T. ) ;
#2552 = ORIENTED_EDGE ( 'NONE', *, *, #4402, .F. ) ;
#2553 = FACE_OUTER_BOUND ( 'NONE', #3735, .T. ) ;
#2554 = CLOSED_SHELL ( 'NONE', ( #4805, #1313, #4555, #4125, #3714, #1117, #4743, #4258, #2904, #4990, #4513, #3532, #278, #1734, #3683, #2629, #645, #2776, #2985, #2508, #3954, #5024, #1279, #4832, #844, #2214, #996, #3373, #2699, #591, #5026, #2621, #2889, #2744, #1832, #147, #874, #906, #93, #4868, #1071, #2637, #714, #711, #5044, #4709, #3437, #2350, #2059, #1201, #815, #1189, #2611, #981, #3553, #2861, #2828, #2286, #4799, #3595, #4672, #1623, #3733, #694, #2678, #2093, #829, #3913, #136, #2676, #1950, #1338, #3739, #2373, #781, #3656, #3685, #2240, #1882, #3545, #485, #641, #4343, #1769, #1940, #2299, #4708, #1298, #3704, #1592, #4132, #2633, #3371, #3905, #1626, #2526, #607, #135, #3836, #2855, #53, #1245, #3222, #3283, #501, #662, #4177, #305, #192, #1458, #2238, #3616, #3439, #4966, #1858, #2836, #3884, #1309, #4670, #3224, #3915, #2145, #1579, #1564, #617, #4714, #4512, #1020, #3499, #4112, #2857, #4014, #1252, #3803, #4233, #177, #3767, #4300, #2305, #4958, #1511, #361, #2931, #3181, #2081, #2481, #3857, #2243, #456 ) ) ;
#2555 = FACE_OUTER_BOUND ( 'NONE', #104, .T. ) ;
#2556 = ORIENTED_EDGE ( 'NONE', *, *, #235, .F. ) ;
#2557 = CARTESIAN_POINT ( 'NONE',  ( 86.87988310376417189, 14.46889168616900356, -52.15300054321520662 ) ) ;
#2558 = DIRECTION ( 'NONE',  ( 1.000000000000000000, 0.000000000000000000, -0.000000000000000000 ) ) ;
#2559 = DIRECTION ( 'NONE',  ( 0.000000000000000000, 0.000000000000000000, 1.000000000000000000 ) ) ;
#2560 = CARTESIAN_POINT ( 'NONE',  ( 32.99999999999987921, 19.00000000000000000, -53.74999999999983658 ) ) ;
#2561 = DIRECTION ( 'NONE',  ( -0.000000000000000000, 1.000000000000000000, -0.000000000000000000 ) ) ;
#2562 = ORIENTED_EDGE ( 'NONE', *, *, #4869, .T. ) ;
#2563 = CARTESIAN_POINT ( 'NONE',  ( 51.58578643762690064, 16.41421356237311002, -2.585786437626951706 ) ) ;
#2564 = ORIENTED_EDGE ( 'NONE', *, *, #1198, .T. ) ;
#2565 = CYLINDRICAL_SURFACE ( 'NONE', #1053, 1.500000000000001332 ) ;
#2566 = CARTESIAN_POINT ( 'NONE',  ( 88.71654843898083698, 14.00763315972421985, -17.08112321174144199 ) ) ;
#2567 = CARTESIAN_POINT ( 'NONE',  ( 49.82272734822410598, 16.20886233224415918, -0.8227273482241322933 ) ) ;
#2568 = TOROIDAL_SURFACE ( 'NONE', #1509, 2.499999999999999556, 5.000000000000000000 ) ;
#2569 = EDGE_CURVE ( 'NONE', #4440, #4162, #2619, .T. ) ;
#2570 = EDGE_LOOP ( 'NONE', ( #3233, #1239, #5009, #2453 ) ) ;
#2571 = DIRECTION ( 'NONE',  ( 0.000000000000000000, 0.000000000000000000, 1.000000000000000000 ) ) ;
#2572 = LINE ( 'NONE', #2626, #3254 ) ;
#2573 = ORIENTED_EDGE ( 'NONE', *, *, #3627, .T. ) ;
#2574 = VERTEX_POINT ( 'NONE', #3333 ) ;
#2575 = DIRECTION ( 'NONE',  ( -7.049035076985119514E-15, -0.000000000000000000, -1.000000000000000000 ) ) ;
#2576 = DIRECTION ( 'NONE',  ( 0.000000000000000000, 1.000000000000000000, 0.000000000000000000 ) ) ;
#2577 = ORIENTED_EDGE ( 'NONE', *, *, #3058, .F. ) ;
#2578 = VECTOR ( 'NONE', #3382, 1000.000000000000000 ) ;
#2579 = CARTESIAN_POINT ( 'NONE',  ( 66.19608485336061676, 19.00000000000000000, -75.13277040716165800 ) ) ;
#2580 = CARTESIAN_POINT ( 'NONE',  ( 53.17110884570521989, 20.00000000000000000, -66.11279700295335715 ) ) ;
#2581 = EDGE_CURVE ( 'NONE', #1427, #1948, #1650, .T. ) ;
#2582 = DIRECTION ( 'NONE',  ( -1.000000000000000000, 0.000000000000000000, 2.973811673103097665E-16 ) ) ;
#2583 = AXIS2_PLACEMENT_3D ( 'NONE', #3876, #1477, #1504 ) ;
#2584 = LINE ( 'NONE', #4191, #2457 ) ;
#2585 = CIRCLE ( 'NONE', #4210, 1.500000000000001332 ) ;
#2586 = DIRECTION ( 'NONE',  ( -0.000000000000000000, 1.000000000000000000, -0.000000000000000000 ) ) ;
#2587 = VERTEX_POINT ( 'NONE', #4580 ) ;
#2588 = CARTESIAN_POINT ( 'NONE',  ( 51.01837116929394966, 17.55796977632591194, -2.018371169293988743 ) ) ;
#2589 = DIRECTION ( 'NONE',  ( 0.000000000000000000, 0.000000000000000000, 1.000000000000000000 ) ) ;
#2590 = VECTOR ( 'NONE', #4538, 1000.000000000000000 ) ;
#2591 = CARTESIAN_POINT ( 'NONE',  ( 49.58578643762692195, 3.999999999999956035, -0.5857864376269100726 ) ) ;
#2592 = CARTESIAN_POINT ( 'NONE',  ( 33.00000000000012790, 20.00000000000000000, -19.24999999999982947 ) ) ;
#2593 = EDGE_LOOP ( 'NONE', ( #3598, #4794, #3829, #1934 ) ) ;
#2594 = DIRECTION ( 'NONE',  ( -0.000000000000000000, -1.000000000000000000, -0.000000000000000000 ) ) ;
#2595 = AXIS2_PLACEMENT_3D ( 'NONE', #3001, #622, #4558 ) ;
#2596 = CARTESIAN_POINT ( 'NONE',  ( 89.49999999999998579, 20.00000000000000000, -135.0000000000000000 ) ) ;
#2597 = EDGE_LOOP ( 'NONE', ( #4658, #3541, #1502, #4612 ) ) ;
#2598 = CIRCLE ( 'NONE', #3911, 1.500000000000001332 ) ;
#2599 = ORIENTED_EDGE ( 'NONE', *, *, #388, .F. ) ;
#2600 = DIRECTION ( 'NONE',  ( 0.000000000000000000, -1.000000000000000000, 0.000000000000000000 ) ) ;
#2601 = VECTOR ( 'NONE', #3165, 1000.000000000000000 ) ;
#2602 = VECTOR ( 'NONE', #4254, 1000.000000000000000 ) ;
#2603 = CARTESIAN_POINT ( 'NONE',  ( 53.17110884570521989, 20.00000000000000000, -67.61279700295335715 ) ) ;
#2604 = VERTEX_POINT ( 'NONE', #2948 ) ;
#2605 = DIRECTION ( 'NONE',  ( 0.000000000000000000, 1.000000000000000000, 0.000000000000000000 ) ) ;
#2606 = CARTESIAN_POINT ( 'NONE',  ( 46.65862084187751435, 19.00000000000000000, -69.87278370505747205 ) ) ;
#2607 = DIRECTION ( 'NONE',  ( 0.000000000000000000, 0.000000000000000000, 1.000000000000000000 ) ) ;
#2608 = CARTESIAN_POINT ( 'NONE',  ( 74.50000000000009948, 20.00000000000000000, -19.25000000000012790 ) ) ;
#2609 = DIRECTION ( 'NONE',  ( 0.000000000000000000, 0.000000000000000000, 1.000000000000000000 ) ) ;
#2610 = VECTOR ( 'NONE', #4111, 1000.000000000000000 ) ;
#2611 = ADVANCED_FACE ( 'NONE', ( #3787 ), #3410, .F. ) ;
#2612 = ORIENTED_EDGE ( 'NONE', *, *, #1414, .F. ) ;
#2613 = B_SPLINE_CURVE_WITH_KNOTS ( 'NONE', 3,
 ( #2983, #355, #684, #1907, #1478, #1829 ),
 .UNSPECIFIED., .F., .F.,
 ( 4, 2, 4 ),
 ( 0.000000000000000000, 0.002450010466525420587, 0.004900020933050841174 ),
 .UNSPECIFIED. ) ;
#2614 = EDGE_CURVE ( 'NONE', #3560, #1827, #1159, .T. ) ;
#2615 = CARTESIAN_POINT ( 'NONE',  ( 68.36691418796985431, 19.00000000000000000, -71.37278370505751468 ) ) ;
#2616 = CARTESIAN_POINT ( 'NONE',  ( 57.51276751492369499, 19.00000000000000000, -73.63277040716165800 ) ) ;
#2617 = FACE_OUTER_BOUND ( 'NONE', #4157, .T. ) ;
#2618 = DIRECTION ( 'NONE',  ( 0.000000000000000000, 0.000000000000000000, -1.000000000000000000 ) ) ;
#2619 = CIRCLE ( 'NONE', #505, 1.500000000000001332 ) ;
#2620 = CARTESIAN_POINT ( 'NONE',  ( 51.60670359631232884, 17.83573566995294257, -2.606703596312378135 ) ) ;
#2621 = ADVANCED_FACE ( 'NONE', ( #4993 ), #3098, .F. ) ;
#2622 = EDGE_LOOP ( 'NONE', ( #2960, #1681, #2025, #49 ) ) ;
#2623 = CIRCLE ( 'NONE', #663, 1.500000000000001332 ) ;
#2624 = VECTOR ( 'NONE', #4431, 1000.000000000000000 ) ;
#2625 = CARTESIAN_POINT ( 'NONE',  ( 46.65862084187751435, 20.00000000000000000, -78.89275710926580132 ) ) ;
#2626 = CARTESIAN_POINT ( 'NONE',  ( 51.00027951109598945, 0.000000000000000000, -65.35281030084918541 ) ) ;
#2627 = ORIENTED_EDGE ( 'NONE', *, *, #275, .T. ) ;
#2628 = EDGE_LOOP ( 'NONE', ( #3443, #4792 ) ) ;
#2629 = ADVANCED_FACE ( 'NONE', ( #3440 ), #2659, .F. ) ;
#2630 = PLANE ( 'NONE',  #2425 ) ;
#2631 = DIRECTION ( 'NONE',  ( 0.000000000000000000, 0.000000000000000000, -1.000000000000000000 ) ) ;
#2632 = ORIENTED_EDGE ( 'NONE', *, *, #3899, .F. ) ;
#2633 = ADVANCED_FACE ( 'NONE', ( #3887 ), #33, .F. ) ;
#2634 = LINE ( 'NONE', #287, #5034 ) ;
#2635 = CARTESIAN_POINT ( 'NONE',  ( 0.000000000000000000, 20.00000000000000000, 0.000000000000000000 ) ) ;
#2636 = DIRECTION ( 'NONE',  ( 1.000000000000000000, 2.478176394252583606E-16, -1.743152798421040463E-32 ) ) ;
#2637 = ADVANCED_FACE ( 'NONE', ( #2329 ), #5041, .T. ) ;
#2638 = DIRECTION ( 'NONE',  ( -1.000000000000000000, -2.478176394252583606E-16, -0.000000000000000000 ) ) ;
#2639 = LINE ( 'NONE', #644, #577 ) ;
#2640 = ORIENTED_EDGE ( 'NONE', *, *, #564, .F. ) ;
#2641 = FACE_BOUND ( 'NONE', #3700, .T. ) ;
#2642 = FACE_OUTER_BOUND ( 'NONE', #3549, .T. ) ;
#2643 = LINE ( 'NONE', #4196, #324 ) ;
#2644 = CARTESIAN_POINT ( 'NONE',  ( 36.10952922903808116, 16.00000000000000000, -77.25000000000000000 ) ) ;
#2645 = EDGE_CURVE ( 'NONE', #941, #1863, #1732, .T. ) ;
#2646 = DIRECTION ( 'NONE',  ( 0.000000000000000000, 0.000000000000000000, 1.000000000000000000 ) ) ;
#2647 = ORIENTED_EDGE ( 'NONE', *, *, #4277, .T. ) ;
#2648 = CARTESIAN_POINT ( 'NONE',  ( 47.04148498506922493, 13.99999999999999822, -59.95586336346651279 ) ) ;
#2649 = LINE ( 'NONE', #4202, #211 ) ;
#2650 = DIRECTION ( 'NONE',  ( 0.000000000000000000, 0.000000000000000000, -1.000000000000000000 ) ) ;
#2651 = ORIENTED_EDGE ( 'NONE', *, *, #76, .T. ) ;
#2652 = ORIENTED_EDGE ( 'NONE', *, *, #2370, .F. ) ;
#2653 = LINE ( 'NONE', #2366, #882 ) ;
#2654 = CARTESIAN_POINT ( 'NONE',  ( 85.82842712474622715, 19.71404520791034543, -3.333333333333412973 ) ) ;
#2655 = EDGE_LOOP ( 'NONE', ( #4569, #3422, #2141, #637, #1037, #448, #3692, #3265 ) ) ;
#2656 = DIRECTION ( 'NONE',  ( 0.000000000000000000, -1.000000000000000000, 0.000000000000000000 ) ) ;
#2657 = CARTESIAN_POINT ( 'NONE',  ( 66.19608485336061676, 19.00000000000000000, -76.63277040716165800 ) ) ;
#2658 = LINE ( 'NONE', #4992, #58 ) ;
#2659 = CYLINDRICAL_SURFACE ( 'NONE', #2952, 1.500000000000001332 ) ;
#2660 = EDGE_CURVE ( 'NONE', #3035, #1417, #1183, .T. ) ;
#2661 = CARTESIAN_POINT ( 'NONE',  ( 66.19608485336061676, 19.00000000000000000, -66.11279700295335715 ) ) ;
#2662 = VECTOR ( 'NONE', #930, 1000.000000000000000 ) ;
#2663 = ORIENTED_EDGE ( 'NONE', *, *, #491, .F. ) ;
#2664 = FACE_BOUND ( 'NONE', #2628, .T. ) ;
#2665 = DIRECTION ( 'NONE',  ( 0.000000000000000000, -1.000000000000000000, 0.000000000000000000 ) ) ;
#2666 = CARTESIAN_POINT ( 'NONE',  ( 32.10952922903808116, 16.00000000000000000, -67.24999999999998579 ) ) ;
#2667 = DIRECTION ( 'NONE',  ( 0.000000000000000000, 0.000000000000000000, -1.000000000000000000 ) ) ;
#2668 = VECTOR ( 'NONE', #4965, 1000.000000000000000 ) ;
#2669 = CARTESIAN_POINT ( 'NONE',  ( 49.89982335573732541, 19.55781307425946380, -2.880417467475691051 ) ) ;
#2670 = ORIENTED_EDGE ( 'NONE', *, *, #4285, .F. ) ;
#2671 = CARTESIAN_POINT ( 'NONE',  ( 89.49999999999995737, 0.000000000000000000, -140.0000000000000000 ) ) ;
#2672 = CARTESIAN_POINT ( 'NONE',  ( 51.00027951109598945, 19.00000000000000000, -78.89275710926580132 ) ) ;
#2673 = EDGE_CURVE ( 'NONE', #4910, #3867, #3114, .T. ) ;
#2674 = DIRECTION ( 'NONE',  ( 0.000000000000000000, 1.000000000000000000, 0.000000000000000000 ) ) ;
#2675 = ORIENTED_EDGE ( 'NONE', *, *, #191, .F. ) ;
#2676 = ADVANCED_FACE ( 'NONE', ( #3050 ), #1395, .T. ) ;
#2677 = ORIENTED_EDGE ( 'NONE', *, *, #3991, .F. ) ;
#2678 = ADVANCED_FACE ( 'NONE', ( #1515 ), #1104, .T. ) ;
#2679 = TOROIDAL_SURFACE ( 'NONE', #972, 2.499999999999999556, 5.000000000000000000 ) ;
#2680 = CARTESIAN_POINT ( 'NONE',  ( 85.48290174131938102, 19.25250342318224028, -2.577969238231388349 ) ) ;
#2681 = VERTEX_POINT ( 'NONE', #1894 ) ;
#2682 = LINE ( 'NONE', #1512, #1525 ) ;
#2683 = DIRECTION ( 'NONE',  ( 0.000000000000000000, 0.000000000000000000, -1.000000000000000000 ) ) ;
#2684 = CYLINDRICAL_SURFACE ( 'NONE', #304, 1.250000000000001110 ) ;
#2685 = CIRCLE ( 'NONE', #3753, 1.500000000000001332 ) ;
#2686 = LINE ( 'NONE', #4240, #3610 ) ;
#2687 = CARTESIAN_POINT ( 'NONE',  ( 85.80750996606080605, 19.72622611658823288, -3.368195264475766670 ) ) ;
#2688 = ORIENTED_EDGE ( 'NONE', *, *, #176, .T. ) ;
#2689 = VECTOR ( 'NONE', #2134, 1000.000000000000000 ) ;
#2690 = FACE_BOUND ( 'NONE', #3581, .T. ) ;
#2691 = DIRECTION ( 'NONE',  ( 0.000000000000000000, 0.000000000000000000, -1.000000000000000000 ) ) ;
#2692 = DIRECTION ( 'NONE',  ( 0.000000000000000000, 0.000000000000000000, 1.000000000000000000 ) ) ;
#2693 = DIRECTION ( 'NONE',  ( 0.000000000000000000, -1.000000000000000000, 0.000000000000000000 ) ) ;
#2694 = DIRECTION ( 'NONE',  ( 0.000000000000000000, 0.000000000000000000, 1.000000000000000000 ) ) ;
#2695 = VECTOR ( 'NONE', #2100, 1000.000000000000000 ) ;
#2696 = VERTEX_POINT ( 'NONE', #3463 ) ;
#2697 = CARTESIAN_POINT ( 'NONE',  ( 53.17110884570521989, 19.00000000000000000, -69.11279700295335715 ) ) ;
#2698 = VECTOR ( 'NONE', #4550, 1000.000000000000000 ) ;
#2699 = ADVANCED_FACE ( 'NONE', ( #3072 ), #2716, .F. ) ;
#2700 = CIRCLE ( 'NONE', #990, 1.500000000000001332 ) ;
#2701 = LINE ( 'NONE', #4638, #65 ) ;
#2702 = AXIS2_PLACEMENT_3D ( 'NONE', #4892, #2228, #1385 ) ;
#2703 = EDGE_CURVE ( 'NONE', #904, #2825, #2686, .T. ) ;
#2704 = DIRECTION ( 'NONE',  ( 0.000000000000000000, 0.000000000000000000, -1.000000000000000000 ) ) ;
#2705 = AXIS2_PLACEMENT_3D ( 'NONE', #1505, #3828, #4617 ) ;
#2706 = EDGE_LOOP ( 'NONE', ( #2393, #610, #2042, #1605 ) ) ;
#2707 = ORIENTED_EDGE ( 'NONE', *, *, #4451, .F. ) ;
#2708 = CIRCLE ( 'NONE', #3691, 1.500000000000001332 ) ;
#2709 = FACE_OUTER_BOUND ( 'NONE', #1161, .T. ) ;
#2710 = EDGE_CURVE ( 'NONE', #5061, #4910, #3865, .T. ) ;
#2711 = ORIENTED_EDGE ( 'NONE', *, *, #3618, .F. ) ;
#2712 = ORIENTED_EDGE ( 'NONE', *, *, #3550, .T. ) ;
#2713 = DIRECTION ( 'NONE',  ( 0.000000000000000000, 1.000000000000000000, 0.000000000000000000 ) ) ;
#2714 = DIRECTION ( 'NONE',  ( -1.000000000000000000, 0.000000000000000000, -0.000000000000000000 ) ) ;
#2715 = CYLINDRICAL_SURFACE ( 'NONE', #383, 2.000000000000001776 ) ;
#2716 = CYLINDRICAL_SURFACE ( 'NONE', #917, 1.500000000000001332 ) ;
#2717 = CARTESIAN_POINT ( 'NONE',  ( 66.19608485336061676, 19.00000000000000000, -67.61279700295335715 ) ) ;
#2718 = ORIENTED_EDGE ( 'NONE', *, *, #4201, .F. ) ;
#2719 = EDGE_LOOP ( 'NONE', ( #4473, #1204, #1851, #4684 ) ) ;
#2720 = FACE_BOUND ( 'NONE', #78, .T. ) ;
#2721 = CARTESIAN_POINT ( 'NONE',  ( 32.10952922903808116, 16.00000000000000000, -69.24999999999998579 ) ) ;
#2722 = FACE_OUTER_BOUND ( 'NONE', #1307, .T. ) ;
#2723 = FACE_OUTER_BOUND ( 'NONE', #1993, .T. ) ;
#2724 = ORIENTED_EDGE ( 'NONE', *, *, #2136, .T. ) ;
#2725 = DIRECTION ( 'NONE',  ( 0.000000000000000000, 0.000000000000000000, -1.000000000000000000 ) ) ;
#2726 = ORIENTED_EDGE ( 'NONE', *, *, #4936, .T. ) ;
#2727 = DIRECTION ( 'NONE',  ( -1.000000000000000000, 0.000000000000000000, 0.000000000000000000 ) ) ;
#2728 = CARTESIAN_POINT ( 'NONE',  ( 68.36691418796985431, 19.00000000000000000, -69.87278370505750047 ) ) ;
#2729 = EDGE_CURVE ( 'NONE', #612, #4038, #1916, .T. ) ;
#2730 = ORIENTED_EDGE ( 'NONE', *, *, #3120, .F. ) ;
#2731 = ORIENTED_EDGE ( 'NONE', *, *, #1135, .F. ) ;
#2732 = CARTESIAN_POINT ( 'NONE',  ( 77.49999999999987210, 20.00000000000000000, -50.75000000000015632 ) ) ;
#2733 = ORIENTED_EDGE ( 'NONE', *, *, #648, .T. ) ;
#2734 = ORIENTED_EDGE ( 'NONE', *, *, #3376, .F. ) ;
#2735 = CARTESIAN_POINT ( 'NONE',  ( 25.32732991298582448, 14.33324448823183062, -18.00000000000001776 ) ) ;
#2736 = CARTESIAN_POINT ( 'NONE',  ( 66.19608485336061676, 20.00000000000000000, -69.11279700295335715 ) ) ;
#2737 = CARTESIAN_POINT ( 'NONE',  ( 51.00027951109598945, 20.00000000000000000, -71.37278370505751468 ) ) ;
#2738 = CARTESIAN_POINT ( 'NONE',  ( 84.68597366033368701, 17.73468419217959990, -2.314026339666380494 ) ) ;
#2739 = EDGE_LOOP ( 'NONE', ( #4387, #3202 ) ) ;
#2740 = VERTEX_POINT ( 'NONE', #797 ) ;
#2741 = EDGE_CURVE ( 'NONE', #2751, #4676, #4244, .T. ) ;
#2742 = EDGE_CURVE ( 'NONE', #375, #2332, #1321, .T. ) ;
#2743 = FACE_OUTER_BOUND ( 'NONE', #1333, .T. ) ;
#2744 = ADVANCED_FACE ( 'NONE', ( #1469, #698, #293, #1542, #3076, #2641, #5047, #4659, #2720, #2664, #3516, #3053, #3820, #4629, #2690, #370, #4301, #2309, #1844, #3415, #4217, #4275, #723, #2280, #1162, #4194, #3102, #778, #2333, #3846, #10 ), #1898, .F. ) ;
#2745 = FACE_BOUND ( 'NONE', #2739, .T. ) ;
#2746 = CARTESIAN_POINT ( 'NONE',  ( 61.85442618414216298, 19.00000000000000000, -75.13277040716165800 ) ) ;
#2747 = EDGE_CURVE ( 'NONE', #2696, #525, #5019, .T. ) ;
#2748 = CARTESIAN_POINT ( 'NONE',  ( 25.98477794121085083, 14.65917120968864040, -54.03623340095459326 ) ) ;
#2749 = EDGE_LOOP ( 'NONE', ( #3045, #4397, #1007, #1353 ) ) ;
#2750 = CYLINDRICAL_SURFACE ( 'NONE', #902, 1.500000000000001332 ) ;
#2751 = VERTEX_POINT ( 'NONE', #1518 ) ;
#2752 = VECTOR ( 'NONE', #2789, 1000.000000000000000 ) ;
#2753 = LINE ( 'NONE', #4310, #3080 ) ;
#2754 = CIRCLE ( 'NONE', #1365, 4.000000000000003553 ) ;
#2755 = CARTESIAN_POINT ( 'NONE',  ( 59.68359684953292543, 19.00000000000000000, -77.39275710926580132 ) ) ;
#2756 = FACE_OUTER_BOUND ( 'NONE', #2706, .T. ) ;
#2757 = AXIS2_PLACEMENT_3D ( 'NONE', #2644, #3470, #1499 ) ;
#2758 = EDGE_LOOP ( 'NONE', ( #2724, #3320, #1530, #3635 ) ) ;
#2759 = AXIS2_PLACEMENT_3D ( 'NONE', #657, #302, #4155 ) ;
#2760 = CARTESIAN_POINT ( 'NONE',  ( 40.02502783967819511, 19.00000000000000000, -77.25000000000000000 ) ) ;
#2761 = ORIENTED_EDGE ( 'NONE', *, *, #4028, .F. ) ;
#2762 = ORIENTED_EDGE ( 'NONE', *, *, #4033, .F. ) ;
#2763 = CARTESIAN_POINT ( 'NONE',  ( 25.64134659613810641, 14.47427601284591425, -17.86927623195742854 ) ) ;
#2764 = CARTESIAN_POINT ( 'NONE',  ( 36.10952922903808116, 14.00000000000000000, -69.24999999999998579 ) ) ;
#2765 = CARTESIAN_POINT ( 'NONE',  ( -1.486905836551548487E-15, 20.00000000000000000, -7.499999999999998224 ) ) ;
#2766 = AXIS2_PLACEMENT_3D ( 'NONE', #4998, #3077, #5048 ) ;
#2767 = CARTESIAN_POINT ( 'NONE',  ( 59.68359684953292543, 0.000000000000000000, -63.85281030084921383 ) ) ;
#2768 = VERTEX_POINT ( 'NONE', #4587 ) ;
#2769 = ORIENTED_EDGE ( 'NONE', *, *, #1356, .T. ) ;
#2770 = PLANE ( 'NONE',  #3291 ) ;
#2771 = FACE_BOUND ( 'NONE', #5012, .T. ) ;
#2772 = CARTESIAN_POINT ( 'NONE',  ( 28.50000000000001066, 19.00000000000000000, -60.25000000000000000 ) ) ;
#2773 = CARTESIAN_POINT ( 'NONE',  ( 86.41421356237314910, 4.585786437626867773, -0.5857864376269126261 ) ) ;
#2774 = EDGE_CURVE ( 'NONE', #4881, #3755, #1951, .T. ) ;
#2775 = CIRCLE ( 'NONE', #2936, 1.500000000000001332 ) ;
#2776 = ADVANCED_FACE ( 'NONE', ( #2743 ), #4606, .F. ) ;
#2777 = ORIENTED_EDGE ( 'NONE', *, *, #1947, .T. ) ;
#2778 = LINE ( 'NONE', #2394, #818 ) ;
#2779 = VERTEX_POINT ( 'NONE', #802 ) ;
#2780 = DIRECTION ( 'NONE',  ( 0.000000000000000000, 0.000000000000000000, 1.000000000000000000 ) ) ;
#2781 = DIRECTION ( 'NONE',  ( 0.5773502691896236216, -0.5773502691896239547, 0.5773502691896298389 ) ) ;
#2782 = AXIS2_PLACEMENT_3D ( 'NONE', #2767, #3513, #828 ) ;
#2783 = CARTESIAN_POINT ( 'NONE',  ( 51.25000000000001421, 16.00000000000000000, -59.25000000000000000 ) ) ;
#2784 = ORIENTED_EDGE ( 'NONE', *, *, #565, .F. ) ;
#2785 = AXIS2_PLACEMENT_3D ( 'NONE', #559, #207, #3654 ) ;
#2786 = DIRECTION ( 'NONE',  ( -0.000000000000000000, 1.000000000000000000, -0.000000000000000000 ) ) ;
#2787 = VERTEX_POINT ( 'NONE', #1107 ) ;
#2788 = EDGE_LOOP ( 'NONE', ( #119, #515, #1143, #1790 ) ) ;
#2789 = DIRECTION ( 'NONE',  ( 1.000000000000000000, 0.000000000000000000, 0.000000000000000000 ) ) ;
#2790 = AXIS2_PLACEMENT_3D ( 'NONE', #2922, #3313, #2821 ) ;
#2791 = DIRECTION ( 'NONE',  ( 0.000000000000000000, 0.000000000000000000, 1.000000000000000000 ) ) ;
#2792 = CARTESIAN_POINT ( 'NONE',  ( 74.49999999999985789, 19.00000000000000000, -53.75000000000012790 ) ) ;
#2793 = EDGE_CURVE ( 'NONE', #2913, #286, #4577, .T. ) ;
#2794 = EDGE_LOOP ( 'NONE', ( #2061, #3118, #1186, #4729 ) ) ;
#2795 = ORIENTED_EDGE ( 'NONE', *, *, #2581, .T. ) ;
#2796 = DIRECTION ( 'NONE',  ( 0.000000000000000000, 0.000000000000000000, 1.000000000000000000 ) ) ;
#2797 = DIRECTION ( 'NONE',  ( 0.8979977728257446667, 0.000000000000000000, 0.4400000000000025002 ) ) ;
#2798 = DIRECTION ( 'NONE',  ( 0.000000000000000000, 0.000000000000000000, -1.000000000000000000 ) ) ;
#2799 = DIRECTION ( 'NONE',  ( -0.000000000000000000, -1.000000000000000000, -0.000000000000000000 ) ) ;
#2800 = ORIENTED_EDGE ( 'NONE', *, *, #1629, .F. ) ;
#2801 = CARTESIAN_POINT ( 'NONE',  ( 91.99999999999997158, 15.00000000000000000, -132.5000000000000000 ) ) ;
#2802 = VERTEX_POINT ( 'NONE', #1872 ) ;
#2803 = DIRECTION ( 'NONE',  ( -1.000000000000000000, 0.000000000000000000, 0.000000000000000000 ) ) ;
#2804 = FACE_OUTER_BOUND ( 'NONE', #3589, .T. ) ;
#2805 = CYLINDRICAL_SURFACE ( 'NONE', #3116, 3.000000000000002665 ) ;
#2806 = EDGE_CURVE ( 'NONE', #238, #69, #1130, .T. ) ;
#2807 = ORIENTED_EDGE ( 'NONE', *, *, #3386, .F. ) ;
#2808 = ORIENTED_EDGE ( 'NONE', *, *, #2793, .T. ) ;
#2809 = ORIENTED_EDGE ( 'NONE', *, *, #2838, .F. ) ;
#2810 = CARTESIAN_POINT ( 'NONE',  ( 61.85442618414216298, 0.000000000000000000, -75.13277040716165800 ) ) ;
#2811 =( LENGTH_UNIT ( ) NAMED_UNIT ( * ) SI_UNIT ( .MILLI., .METRE. ) );
#2812 = CARTESIAN_POINT ( 'NONE',  ( 36.10952922903808116, 16.00000000000000000, -75.25000000000000000 ) ) ;
#2813 = VECTOR ( 'NONE', #1609, 1000.000000000000000 ) ;
#2814 = DIRECTION ( 'NONE',  ( -1.000000000000000000, -0.000000000000000000, -0.000000000000000000 ) ) ;
#2815 = ORIENTED_EDGE ( 'NONE', *, *, #807, .F. ) ;
#2816 = ORIENTED_EDGE ( 'NONE', *, *, #2997, .T. ) ;
#2817 = DIRECTION ( 'NONE',  ( 1.982541115402065110E-16, 0.000000000000000000, 1.000000000000000000 ) ) ;
#2818 = EDGE_LOOP ( 'NONE', ( #85, #94, #1640, #4761 ) ) ;
#2819 = FACE_BOUND ( 'NONE', #1, .T. ) ;
#2820 = DIRECTION ( 'NONE',  ( -0.000000000000000000, 1.000000000000000000, -0.000000000000000000 ) ) ;
#2821 = DIRECTION ( 'NONE',  ( 0.000000000000000000, 0.000000000000000000, 1.000000000000000000 ) ) ;
#2822 = VERTEX_POINT ( 'NONE', #1920 ) ;
#2823 = VERTEX_POINT ( 'NONE', #4246 ) ;
#2824 = CARTESIAN_POINT ( 'NONE',  ( 50.17157287525380127, 19.71404520791034543, -3.333333333333411641 ) ) ;
#2825 = VERTEX_POINT ( 'NONE', #1496 ) ;
#2826 = DIRECTION ( 'NONE',  ( 0.000000000000000000, 0.000000000000000000, 1.000000000000000000 ) ) ;
#2827 = CARTESIAN_POINT ( 'NONE',  ( 61.25000000000002132, 16.00000000000000000, -84.24999999999998579 ) ) ;
#2828 = ADVANCED_FACE ( 'NONE', ( #3868 ), #3489, .F. ) ;
#2829 = DIRECTION ( 'NONE',  ( -0.000000000000000000, 1.000000000000000000, -0.000000000000000000 ) ) ;
#2830 = AXIS2_PLACEMENT_3D ( 'NONE', #4019, #2351, #4780 ) ;
#2831 = AXIS2_PLACEMENT_3D ( 'NONE', #3864, #1866, #3049 ) ;
#2832 = EDGE_LOOP ( 'NONE', ( #4802, #282, #110, #1169 ) ) ;
#2833 = EDGE_CURVE ( 'NONE', #4023, #460, #1624, .T. ) ;
#2834 = VERTEX_POINT ( 'NONE', #4358 ) ;
#2835 = AXIS2_PLACEMENT_3D ( 'NONE', #812, #4984, #2222 ) ;
#2836 = ADVANCED_FACE ( 'NONE', ( #4407 ), #885, .F. ) ;
#2837 = ORIENTED_EDGE ( 'NONE', *, *, #1689, .T. ) ;
#2838 = EDGE_CURVE ( 'NONE', #96, #2403, #3591, .T. ) ;
#2839 = ORIENTED_EDGE ( 'NONE', *, *, #544, .T. ) ;
#2840 = AXIS2_PLACEMENT_3D ( 'NONE', #3064, #3476, #2219 ) ;
#2841 = CARTESIAN_POINT ( 'NONE',  ( 26.21420267307303575, 14.80009570367995941, -16.40910008998393010 ) ) ;
#2842 = CARTESIAN_POINT ( 'NONE',  ( 87.82842712474624136, 17.19275263435465462, 0.000000000000000000 ) ) ;
#2843 = DIRECTION ( 'NONE',  ( 0.000000000000000000, -1.000000000000000000, -0.000000000000000000 ) ) ;
#2844 = ORIENTED_EDGE ( 'NONE', *, *, #2989, .T. ) ;
#2845 = VERTEX_POINT ( 'NONE', #2410 ) ;
#2846 = CYLINDRICAL_SURFACE ( 'NONE', #3362, 1.250000000000001110 ) ;
#2847 = FACE_BOUND ( 'NONE', #944, .T. ) ;
#2848 = CARTESIAN_POINT ( 'NONE',  ( 48.82945017648675190, 19.00000000000000000, -67.61279700295332873 ) ) ;
#2849 = CARTESIAN_POINT ( 'NONE',  ( 25.32476248571414956, 14.34210144109935214, -52.03245311097847292 ) ) ;
#2850 = ORIENTED_EDGE ( 'NONE', *, *, #1050, .T. ) ;
#2851 = CIRCLE ( 'NONE', #724, 1.500000000000001332 ) ;
#2852 = ORIENTED_EDGE ( 'NONE', *, *, #897, .F. ) ;
#2853 = CARTESIAN_POINT ( 'NONE',  ( 64.02525551875139342, 19.00000000000000000, -78.89275710926580132 ) ) ;
#2854 = ORIENTED_EDGE ( 'NONE', *, *, #3658, .T. ) ;
#2855 = ADVANCED_FACE ( 'NONE', ( #3566 ), #61, .F. ) ;
#2856 = FACE_OUTER_BOUND ( 'NONE', #2433, .T. ) ;
#2857 = ADVANCED_FACE ( 'NONE', ( #1674 ), #4710, .F. ) ;
#2858 = LINE ( 'NONE', #1370, #1082 ) ;
#2859 = VECTOR ( 'NONE', #2112, 1000.000000000000000 ) ;
#2860 = DIRECTION ( 'NONE',  ( 0.000000000000000000, 0.000000000000000000, -1.000000000000000000 ) ) ;
#2861 = ADVANCED_FACE ( 'NONE', ( #4380 ), #2770, .F. ) ;
#2862 = EDGE_CURVE ( 'NONE', #4648, #4378, #4329, .T. ) ;
#2863 = ORIENTED_EDGE ( 'NONE', *, *, #4472, .F. ) ;
#2864 = CARTESIAN_POINT ( 'NONE',  ( 66.19608485336061676, 0.000000000000000000, -69.11279700295335715 ) ) ;
#2865 = AXIS2_PLACEMENT_3D ( 'NONE', #3816, #316, #3741 ) ;
#2866 = ORIENTED_EDGE ( 'NONE', *, *, #129, .F. ) ;
#2867 = DIRECTION ( 'NONE',  ( 0.000000000000000000, -1.000000000000000000, 0.000000000000000000 ) ) ;
#2868 = AXIS2_PLACEMENT_3D ( 'NONE', #4653, #2277, #3842 ) ;
#2869 = DIRECTION ( 'NONE',  ( -0.000000000000000000, 1.000000000000000000, -0.000000000000000000 ) ) ;
#2870 = PRODUCT_DEFINITION_CONTEXT ( 'detailed design', #329, 'design' ) ;
#2871 = LINE ( 'NONE', #2407, #4982 ) ;
#2872 = ORIENTED_EDGE ( 'NONE', *, *, #4027, .F. ) ;
#2873 = AXIS2_PLACEMENT_3D ( 'NONE', #2077, #1214, #2054 ) ;
#2874 = ORIENTED_EDGE ( 'NONE', *, *, #4584, .T. ) ;
#2875 = FACE_OUTER_BOUND ( 'NONE', #1541, .T. ) ;
#2876 = CARTESIAN_POINT ( 'NONE',  ( 23.81530613603286284, 14.00984825184541549, -52.84273671038470610 ) ) ;
#2877 = CARTESIAN_POINT ( 'NONE',  ( 61.85442618414216298, 0.000000000000000000, -75.13277040716165800 ) ) ;
#2878 = CYLINDRICAL_SURFACE ( 'NONE', #837, 1.500000000000001332 ) ;
#2879 = ORIENTED_EDGE ( 'NONE', *, *, #1463, .T. ) ;
#2880 = VERTEX_POINT ( 'NONE', #1290 ) ;
#2881 = DIRECTION ( 'NONE',  ( 0.000000000000000000, 0.000000000000000000, 1.000000000000000000 ) ) ;
#2882 = ORIENTED_EDGE ( 'NONE', *, *, #1612, .T. ) ;
#2883 = CYLINDRICAL_SURFACE ( 'NONE', #3993, 2.000000000000001776 ) ;
#2884 = CARTESIAN_POINT ( 'NONE',  ( 40.02502783967819511, 14.00000000000000000, -77.25000000000000000 ) ) ;
#2885 = AXIS2_PLACEMENT_3D ( 'NONE', #4463, #1758, #226 ) ;
#2886 = CARTESIAN_POINT ( 'NONE',  ( 61.85442618414216298, 19.00000000000000000, -67.61279700295335715 ) ) ;
#2887 = EDGE_LOOP ( 'NONE', ( #3191, #4350 ) ) ;
#2888 = DIRECTION ( 'NONE',  ( 0.000000000000000000, 1.000000000000000000, 0.000000000000000000 ) ) ;
#2889 = ADVANCED_FACE ( 'NONE', ( #1652 ), #2846, .F. ) ;
#2890 = CIRCLE ( 'NONE', #935, 7.500000000000000000 ) ;
#2891 = B_SPLINE_CURVE_WITH_KNOTS ( 'NONE', 3,
 ( #3851, #1924, #2336, #400, #4689, #2748, #4305, #805, #2361, #429, #40, #1604, #530, #116, #3596, #2849, #91, #1364 ),
 .UNSPECIFIED., .F., .F.,
 ( 4, 2, 2, 2, 2, 2, 2, 2, 4 ),
 ( 6.539862923111221488E-05, 0.0005781144333605525362, 0.001090830237489992830, 0.001603546041619433125, 0.002116261845748873202, 0.002628977649878313713, 0.003141693454007753791, 0.003654409258137193868, 0.004167125062266634379 ),
 .UNSPECIFIED. ) ;
#2892 = ORIENTED_EDGE ( 'NONE', *, *, #1671, .T. ) ;
#2893 = CARTESIAN_POINT ( 'NONE',  ( 85.89232033199098737, 16.99993669201585789, -1.107679668009045937 ) ) ;
#2894 = CARTESIAN_POINT ( 'NONE',  ( 85.82842712474622715, 19.71404520791034543, -3.333333333333412973 ) ) ;
#2895 = CARTESIAN_POINT ( 'NONE',  ( 25.00000000000000711, 19.00000000000000000, -16.75000000000001066 ) ) ;
#2896 = VERTEX_POINT ( 'NONE', #3210 ) ;
#2897 = CYLINDRICAL_SURFACE ( 'NONE', #3528, 1.500000000000001332 ) ;
#2898 = DIRECTION ( 'NONE',  ( 0.000000000000000000, 1.000000000000000000, 0.000000000000000000 ) ) ;
#2899 = DIRECTION ( 'NONE',  ( 0.000000000000000000, 0.000000000000000000, 1.000000000000000000 ) ) ;
#2900 = CARTESIAN_POINT ( 'NONE',  ( 57.51276751492369499, 0.000000000000000000, -76.63277040716165800 ) ) ;
#2901 = EDGE_CURVE ( 'NONE', #2913, #2822, #2388, .T. ) ;
#2902 = EDGE_CURVE ( 'NONE', #2247, #3013, #4838, .T. ) ;
#2903 = EDGE_LOOP ( 'NONE', ( #1719, #841, #1069, #2002 ) ) ;
#2904 = ADVANCED_FACE ( 'NONE', ( #2875 ), #2026, .F. ) ;
#2905 = FACE_OUTER_BOUND ( 'NONE', #1106, .T. ) ;
#2906 = ORIENTED_EDGE ( 'NONE', *, *, #2090, .F. ) ;
#2907 = EDGE_CURVE ( 'NONE', #238, #4887, #3279, .T. ) ;
#2908 = FACE_OUTER_BOUND ( 'NONE', #1688, .T. ) ;
#2909 = CARTESIAN_POINT ( 'NONE',  ( 6.000000000000000000, 14.00000000000000000, -1.189524669241239066E-15 ) ) ;
#2910 = LINE ( 'NONE', #4394, #4664 ) ;
#2911 = DIRECTION ( 'NONE',  ( 0.000000000000000000, 0.000000000000000000, -1.000000000000000000 ) ) ;
#2912 = CIRCLE ( 'NONE', #705, 1.500000000000001332 ) ;
#2913 = VERTEX_POINT ( 'NONE', #4817 ) ;
#2914 = ORIENTED_EDGE ( 'NONE', *, *, #872, .F. ) ;
#2915 = DIRECTION ( 'NONE',  ( 0.000000000000000000, -1.000000000000000000, 0.000000000000000000 ) ) ;
#2916 = AXIS2_PLACEMENT_3D ( 'NONE', #4400, #4701, #1283 ) ;
#2917 = LINE ( 'NONE', #4500, #496 ) ;
#2918 = ORIENTED_EDGE ( 'NONE', *, *, #4430, .F. ) ;
#2919 = CARTESIAN_POINT ( 'NONE',  ( 61.85442618414216298, 20.00000000000000000, -66.11279700295335715 ) ) ;
#2920 = CARTESIAN_POINT ( 'NONE',  ( 24.18301048151311505, 14.04651073324495947, -52.30030726760612225 ) ) ;
#2921 = DIRECTION ( 'NONE',  ( 0.000000000000000000, 1.000000000000000000, 0.000000000000000000 ) ) ;
#2922 = CARTESIAN_POINT ( 'NONE',  ( 44.48779150726828391, 20.00000000000000000, -75.13277040716162958 ) ) ;
#2923 = EDGE_LOOP ( 'NONE', ( #3066, #976, #2348, #4769, #4771, #4969, #2471, #264 ) ) ;
#2924 = DIRECTION ( 'NONE',  ( 1.000000000000000000, 0.000000000000000000, 0.000000000000000000 ) ) ;
#2925 = ORIENTED_EDGE ( 'NONE', *, *, #2151, .T. ) ;
#2926 = VECTOR ( 'NONE', #4166, 1000.000000000000000 ) ;
#2927 = CARTESIAN_POINT ( 'NONE',  ( 64.68428168468852846, 14.00000000018373569, -59.70109265867085924 ) ) ;
#2928 = CARTESIAN_POINT ( 'NONE',  ( 88.74997952362201659, 14.00625493624157514, -16.91480013305550045 ) ) ;
#2929 = EDGE_CURVE ( 'NONE', #307, #2121, #449, .T. ) ;
#2930 = DIRECTION ( 'NONE',  ( 2.775557561562891351E-15, -1.000000000000000000, 0.000000000000000000 ) ) ;
#2931 = ADVANCED_FACE ( 'NONE', ( #936 ), #2001, .T. ) ;
#2932 = CIRCLE ( 'NONE', #4635, 1.500000000000001332 ) ;
#2933 = ORIENTED_EDGE ( 'NONE', *, *, #144, .F. ) ;
#2934 = CARTESIAN_POINT ( 'NONE',  ( 28.50000000000001066, 19.00000000000000000, -55.25000000000000000 ) ) ;
#2935 = CIRCLE ( 'NONE', #1376, 1.500000000000001332 ) ;
#2936 = AXIS2_PLACEMENT_3D ( 'NONE', #3569, #3625, #115 ) ;
#2937 = VERTEX_POINT ( 'NONE', #638 ) ;
#2938 = ORIENTED_EDGE ( 'NONE', *, *, #4346, .F. ) ;
#2939 = CYLINDRICAL_SURFACE ( 'NONE', #4876, 1.500000000000001332 ) ;
#2940 = CIRCLE ( 'NONE', #4572, 1.500000000000001332 ) ;
#2941 =( BOUNDED_CURVE ( )  B_SPLINE_CURVE ( 3, ( #445, #55, #3666, #3562 ),
 .UNSPECIFIED., .F., .F. ) 
 B_SPLINE_CURVE_WITH_KNOTS ( ( 4, 4 ),
 ( 3.926990816987237398, 4.712388980384689674 ),
 .UNSPECIFIED. ) 
 CURVE ( )  GEOMETRIC_REPRESENTATION_ITEM ( )  RATIONAL_B_SPLINE_CURVE ( ( 1.000000000000000000, 0.9492530216741906779, 0.9492530216741906779, 1.000000000000000000 ) ) 
 REPRESENTATION_ITEM ( '' )  );
#2942 = CARTESIAN_POINT ( 'NONE',  ( 50.75157251193341068, 18.69845446785787857, -2.184835519145753135 ) ) ;
#2943 = ORIENTED_EDGE ( 'NONE', *, *, #3590, .F. ) ;
#2944 = VECTOR ( 'NONE', #2430, 1000.000000000000000 ) ;
#2945 = CARTESIAN_POINT ( 'NONE',  ( 57.51276751492369499, 0.000000000000000000, -69.11279700295335715 ) ) ;
#2946 = DIRECTION ( 'NONE',  ( -0.000000000000000000, -0.000000000000000000, 1.000000000000000000 ) ) ;
#2947 = LINE ( 'NONE', #1768, #3989 ) ;
#2948 = CARTESIAN_POINT ( 'NONE',  ( 34.10952922903808116, 19.00000000000000000, -69.24999999999998579 ) ) ;
#2949 = EDGE_CURVE ( 'NONE', #215, #1969, #4423, .T. ) ;
#2950 = CARTESIAN_POINT ( 'NONE',  ( 74.50000000000009948, 19.00000000000000000, -19.25000000000012790 ) ) ;
#2951 = CIRCLE ( 'NONE', #830, 3.000000000000002665 ) ;
#2952 = AXIS2_PLACEMENT_3D ( 'NONE', #1597, #3485, #4703 ) ;
#2953 = ORIENTED_EDGE ( 'NONE', *, *, #1181, .F. ) ;
#2954 = CARTESIAN_POINT ( 'NONE',  ( 46.35102051443365667, 14.00000000000000000, -60.25000000000000000 ) ) ;
#2955 = ORIENTED_EDGE ( 'NONE', *, *, #1176, .F. ) ;
#2956 = DIRECTION ( 'NONE',  ( 0.000000000000000000, 1.000000000000000000, 0.000000000000000000 ) ) ;
#2957 = DIRECTION ( 'NONE',  ( 0.000000000000000000, 0.000000000000000000, 1.000000000000000000 ) ) ;
#2958 = CIRCLE ( 'NONE', #2382, 1.500000000000001332 ) ;
#2959 = CARTESIAN_POINT ( 'NONE',  ( 51.03724179863623078, 17.58802109187455187, -2.037241798636276080 ) ) ;
#2960 = ORIENTED_EDGE ( 'NONE', *, *, #2110, .T. ) ;
#2961 = CARTESIAN_POINT ( 'NONE',  ( 55.34193818031445744, 19.00000000000000000, -77.39275710926580132 ) ) ;
#2962 = EDGE_CURVE ( 'NONE', #2403, #2604, #3037, .T. ) ;
#2963 = ORIENTED_EDGE ( 'NONE', *, *, #2901, .F. ) ;
#2964 = PRODUCT_DEFINITION ( 'UNKNOWN', '', #146, #2870 ) ;
#2965 = ORIENTED_EDGE ( 'NONE', *, *, #671, .F. ) ;
#2966 = CARTESIAN_POINT ( 'NONE',  ( 87.50000000000001421, 19.00000000000000000, -53.24999999999999289 ) ) ;
#2967 = AXIS2_PLACEMENT_3D ( 'NONE', #128, #1569, #4804 ) ;
#2968 = CYLINDRICAL_SURFACE ( 'NONE', #1476, 7.500000000000000000 ) ;
#2969 = EDGE_LOOP ( 'NONE', ( #4986, #788, #697, #432 ) ) ;
#2970 = CARTESIAN_POINT ( 'NONE',  ( 86.51458063858144953, 14.65952590816233858, -54.03554216480569039 ) ) ;
#2971 = SURFACE_STYLE_FILL_AREA ( #2226 ) ;
#2972 = CARTESIAN_POINT ( 'NONE',  ( 24.45459589528164557, 14.09136442172124326, -54.37768643013840375 ) ) ;
#2973 = DIRECTION ( 'NONE',  ( -0.000000000000000000, 1.000000000000000000, -0.000000000000000000 ) ) ;
#2974 = CARTESIAN_POINT ( 'NONE',  ( 5.000000000000000000, 20.00000000000000000, -9.912705577010326536E-16 ) ) ;
#2975 = ORIENTED_EDGE ( 'NONE', *, *, #2368, .T. ) ;
#2976 = DIRECTION ( 'NONE',  ( -0.000000000000000000, 1.000000000000000000, -0.000000000000000000 ) ) ;
#2977 = DIRECTION ( 'NONE',  ( -0.000000000000000000, 1.000000000000000000, -0.000000000000000000 ) ) ;
#2978 = DIRECTION ( 'NONE',  ( 0.000000000000000000, -1.000000000000000000, 0.000000000000000000 ) ) ;
#2979 = CARTESIAN_POINT ( 'NONE',  ( 88.74996902535683319, 14.00625546181271197, -53.33289666212525049 ) ) ;
#2980 = ORIENTED_EDGE ( 'NONE', *, *, #3014, .T. ) ;
#2981 = EDGE_CURVE ( 'NONE', #1948, #4424, #4093, .T. ) ;
#2982 = DIRECTION ( 'NONE',  ( 0.000000000000000000, 1.000000000000000000, 0.000000000000000000 ) ) ;
#2983 = CARTESIAN_POINT ( 'NONE',  ( 46.35102051443365667, 19.00000000000000000, -55.25000000000000000 ) ) ;
#2984 = EDGE_LOOP ( 'NONE', ( #2731, #1911, #337, #4806 ) ) ;
#2985 = ADVANCED_FACE ( 'NONE', ( #596 ), #2897, .F. ) ;
#2986 = VERTEX_POINT ( 'NONE', #1767 ) ;
#2987 = DIRECTION ( 'NONE',  ( 0.000000000000000000, 1.000000000000000000, 0.000000000000000000 ) ) ;
#2988 = VECTOR ( 'NONE', #865, 1000.000000000000000 ) ;
#2989 = EDGE_CURVE ( 'NONE', #3218, #2825, #1739, .T. ) ;
#2990 = DIRECTION ( 'NONE',  ( 0.000000000000000000, 1.000000000000000000, 0.000000000000000000 ) ) ;
#2991 = EDGE_CURVE ( 'NONE', #1999, #3307, #379, .T. ) ;
#2992 = ORIENTED_EDGE ( 'NONE', *, *, #124, .F. ) ;
#2993 = AXIS2_PLACEMENT_3D ( 'NONE', #3917, #1596, #4731 ) ;
#2994 = CARTESIAN_POINT ( 'NONE',  ( 86.25028694499519588, 14.82398775962411186, -53.07613181984824280 ) ) ;
#2995 = CARTESIAN_POINT ( 'NONE',  ( 0.000000000000000000, 0.000000000000000000, 0.000000000000000000 ) ) ;
#2996 = DIRECTION ( 'NONE',  ( -0.000000000000000000, 1.000000000000000000, -0.000000000000000000 ) ) ;
#2997 = EDGE_CURVE ( 'NONE', #909, #3396, #2383, .T. ) ;
#2998 = CARTESIAN_POINT ( 'NONE',  ( 48.82945017648675190, 0.000000000000000000, -67.61279700295332873 ) ) ;
#2999 = FACE_OUTER_BOUND ( 'NONE', #2113, .T. ) ;
#3000 = ORIENTED_EDGE ( 'NONE', *, *, #4342, .T. ) ;
#3001 = CARTESIAN_POINT ( 'NONE',  ( 64.02525551875139342, 20.00000000000000000, -63.85281030084921383 ) ) ;
#3002 = CARTESIAN_POINT ( 'NONE',  ( 62.06665997451131034, 18.89897948556635399, -55.25000000000000000 ) ) ;
#3003 = AXIS2_PLACEMENT_3D ( 'NONE', #4810, #4758, #522 ) ;
#3004 = CARTESIAN_POINT ( 'NONE',  ( 96.99999999999997158, 20.00000000000000000, -132.5000000000000000 ) ) ;
#3005 = CARTESIAN_POINT ( 'NONE',  ( 44.48779150726828391, 19.00000000000000000, -76.63277040716162958 ) ) ;
#3006 = EDGE_CURVE ( 'NONE', #488, #2408, #664, .T. ) ;
#3007 = ORIENTED_EDGE ( 'NONE', *, *, #388, .T. ) ;
#3008 = EDGE_CURVE ( 'NONE', #417, #4707, #2463, .T. ) ;
#3009 = CARTESIAN_POINT ( 'NONE',  ( 64.02525551875139342, 19.00000000000000000, -69.87278370505750047 ) ) ;
#3010 = VECTOR ( 'NONE', #574, 1000.000000000000000 ) ;
#3011 = DIRECTION ( 'NONE',  ( 0.000000000000000000, -1.000000000000000000, 0.000000000000000000 ) ) ;
#3012 = EDGE_CURVE ( 'NONE', #1314, #2834, #186, .T. ) ;
#3013 = VERTEX_POINT ( 'NONE', #2919 ) ;
#3014 = EDGE_CURVE ( 'NONE', #4922, #3708, #2052, .T. ) ;
#3015 = AXIS2_PLACEMENT_3D ( 'NONE', #1954, #700, #726 ) ;
#3016 = VERTEX_POINT ( 'NONE', #977 ) ;
#3017 = AXIS2_PLACEMENT_3D ( 'NONE', #2853, #533, #2415 ) ;
#3018 = PLANE ( 'NONE',  #1233 ) ;
#3019 = ORIENTED_EDGE ( 'NONE', *, *, #3399, .T. ) ;
#3020 = FACE_OUTER_BOUND ( 'NONE', #4983, .T. ) ;
#3021 = EDGE_CURVE ( 'NONE', #1622, #3016, #4114, .T. ) ;
#3022 = DIRECTION ( 'NONE',  ( 0.000000000000000000, 1.000000000000000000, 0.000000000000000000 ) ) ;
#3023 = CIRCLE ( 'NONE', #4904, 3.000000000000002665 ) ;
#3024 = DIRECTION ( 'NONE',  ( 0.000000000000000000, 0.000000000000000000, 1.000000000000000000 ) ) ;
#3025 = CARTESIAN_POINT ( 'NONE',  ( 41.82102338532968133, 19.00000000000000000, -76.36999999999999034 ) ) ;
#3026 = AXIS2_PLACEMENT_3D ( 'NONE', #2347, #4316, #26 ) ;
#3027 = ORIENTED_EDGE ( 'NONE', *, *, #4270, .T. ) ;
#3028 = DIRECTION ( 'NONE',  ( -0.000000000000000000, 1.000000000000000000, -0.000000000000000000 ) ) ;
#3029 = CARTESIAN_POINT ( 'NONE',  ( 29.99999999999990052, 19.00000000000000000, -50.74999999999981526 ) ) ;
#3030 = CARTESIAN_POINT ( 'NONE',  ( 89.50000000000002842, 15.00000000000000000, -7.500000000000000000 ) ) ;
#3031 = LINE ( 'NONE', #3004, #3169 ) ;
#3032 = AXIS2_PLACEMENT_3D ( 'NONE', #606, #1329, #4009 ) ;
#3033 = VECTOR ( 'NONE', #1083, 1000.000000000000000 ) ;
#3034 = CARTESIAN_POINT ( 'NONE',  ( 88.04540410471841483, 14.09136442172124504, -52.12231356986160336 ) ) ;
#3035 = VERTEX_POINT ( 'NONE', #616 ) ;
#3036 = VECTOR ( 'NONE', #2799, 1000.000000000000000 ) ;
#3037 = CIRCLE ( 'NONE', #15, 2.000000000000001776 ) ;
#3038 = CARTESIAN_POINT ( 'NONE',  ( 51.00027951109598945, 0.000000000000000000, -69.87278370505750047 ) ) ;
#3039 = ORIENTED_EDGE ( 'NONE', *, *, #1012, .T. ) ;
#3040 = VERTEX_POINT ( 'NONE', #1432 ) ;
#3041 = DIRECTION ( 'NONE',  ( -0.000000000000000000, 1.000000000000000000, -0.000000000000000000 ) ) ;
#3042 = EDGE_CURVE ( 'NONE', #3087, #1863, #4549, .T. ) ;
#3043 = AXIS2_PLACEMENT_3D ( 'NONE', #3447, #2978, #4925 ) ;
#3044 = DIRECTION ( 'NONE',  ( 0.000000000000000000, 1.000000000000000000, 0.000000000000000000 ) ) ;
#3045 = ORIENTED_EDGE ( 'NONE', *, *, #1926, .F. ) ;
#3046 = CYLINDRICAL_SURFACE ( 'NONE', #3162, 7.500000000000007105 ) ;
#3047 = CARTESIAN_POINT ( 'NONE',  ( 55.34193818031445744, 19.00000000000000000, -63.85281030084921383 ) ) ;
#3048 = AXIS2_PLACEMENT_3D ( 'NONE', #1352, #1402, #2911 ) ;
#3049 = DIRECTION ( 'NONE',  ( 0.000000000000000000, 0.000000000000000000, 1.000000000000000000 ) ) ;
#3050 = FACE_OUTER_BOUND ( 'NONE', #3588, .T. ) ;
#3051 = LINE ( 'NONE', #4096, #1064 ) ;
#3052 = VERTEX_POINT ( 'NONE', #2104 ) ;
#3053 = FACE_BOUND ( 'NONE', #553, .T. ) ;
#3054 = DIRECTION ( 'NONE',  ( -0.000000000000000000, 1.000000000000000000, -0.000000000000000000 ) ) ;
#3055 = CARTESIAN_POINT ( 'NONE',  ( 74.50000000000012790, 19.00000000000000000, -16.25000000000012434 ) ) ;
#3056 = FACE_OUTER_BOUND ( 'NONE', #2331, .T. ) ;
#3057 = DIRECTION ( 'NONE',  ( 0.000000000000000000, 1.000000000000000000, 0.000000000000000000 ) ) ;
#3058 = EDGE_CURVE ( 'NONE', #3329, #1056, #1123, .T. ) ;
#3059 = EDGE_CURVE ( 'NONE', #1642, #2587, #1693, .T. ) ;
#3060 = VERTEX_POINT ( 'NONE', #338 ) ;
#3061 = CARTESIAN_POINT ( 'NONE',  ( 59.68359684953292543, 0.000000000000000000, -71.37278370505751468 ) ) ;
#3062 = CARTESIAN_POINT ( 'NONE',  ( 4.170381085294604381E-15, 3.171572875253745316, -2.000000000000000000 ) ) ;
#3063 = AXIS2_PLACEMENT_3D ( 'NONE', #3983, #4749, #2397 ) ;
#3064 = CARTESIAN_POINT ( 'NONE',  ( 89.50000000000002842, 15.00000000000000000, -5.000000000000000000 ) ) ;
#3065 = EDGE_LOOP ( 'NONE', ( #259, #819 ) ) ;
#3066 = ORIENTED_EDGE ( 'NONE', *, *, #1043, .T. ) ;
#3067 = DIRECTION ( 'NONE',  ( -0.000000000000000000, -1.000000000000000000, -0.000000000000000000 ) ) ;
#3068 = EDGE_LOOP ( 'NONE', ( #4144, #2712, #1960, #2083 ) ) ;
#3069 = CARTESIAN_POINT ( 'NONE',  ( 50.10767966800901974, 16.99993669201585433, -1.107679668009045493 ) ) ;
#3070 = DIRECTION ( 'NONE',  ( -0.000000000000000000, 1.000000000000000000, -0.000000000000000000 ) ) ;
#3071 = FACE_OUTER_BOUND ( 'NONE', #1765, .T. ) ;
#3072 = FACE_OUTER_BOUND ( 'NONE', #3978, .T. ) ;
#3073 = DIRECTION ( 'NONE',  ( -0.000000000000000000, -1.000000000000000000, -0.000000000000000000 ) ) ;
#3074 = CIRCLE ( 'NONE', #227, 1.500000000000001332 ) ;
#3075 = ORIENTED_EDGE ( 'NONE', *, *, #4584, .F. ) ;
#3076 = FACE_BOUND ( 'NONE', #1206, .T. ) ;
#3077 = DIRECTION ( 'NONE',  ( 7.189697298024360726E-15, -0.000000000000000000, 1.000000000000000000 ) ) ;
#3078 = CARTESIAN_POINT ( 'NONE',  ( 0.000000000000000000, 15.00000000000000000, 0.000000000000000000 ) ) ;
#3079 = DIRECTION ( 'NONE',  ( 0.000000000000000000, 0.000000000000000000, -1.000000000000000000 ) ) ;
#3080 = VECTOR ( 'NONE', #3806, 1000.000000000000000 ) ;
#3081 = CARTESIAN_POINT ( 'NONE',  ( 28.50000000000001066, 14.00000000000000000, -60.25000000000000000 ) ) ;
#3082 = ORIENTED_EDGE ( 'NONE', *, *, #4057, .F. ) ;
#3083 = CARTESIAN_POINT ( 'NONE',  ( 46.35102051443365667, 13.99999999999999822, -60.25000000000000000 ) ) ;
#3084 = PLANE ( 'NONE',  #793 ) ;
#3085 = EDGE_CURVE ( 'NONE', #74, #4205, #2682, .T. ) ;
#3086 = CARTESIAN_POINT ( 'NONE',  ( 48.82945017648675190, 0.000000000000000000, -67.61279700295332873 ) ) ;
#3087 = VERTEX_POINT ( 'NONE', #4236 ) ;
#3088 = ORIENTED_EDGE ( 'NONE', *, *, #4066, .F. ) ;
#3089 = VECTOR ( 'NONE', #2996, 1000.000000000000000 ) ;
#3090 = DIRECTION ( 'NONE',  ( 0.000000000000000000, 0.000000000000000000, 1.000000000000000000 ) ) ;
#3091 = VECTOR ( 'NONE', #4433, 1000.000000000000000 ) ;
#3092 = ORIENTED_EDGE ( 'NONE', *, *, #3420, .T. ) ;
#3093 = VERTEX_POINT ( 'NONE', #2326 ) ;
#3094 = DIRECTION ( 'NONE',  ( 0.000000000000000000, 0.000000000000000000, -1.000000000000000000 ) ) ;
#3095 = EDGE_LOOP ( 'NONE', ( #2416, #1177 ) ) ;
#3096 = CARTESIAN_POINT ( 'NONE',  ( 32.99999999999990763, 19.00000000000000000, -50.74999999999983658 ) ) ;
#3097 = AXIS2_PLACEMENT_3D ( 'NONE', #2130, #957, #2514 ) ;
#3098 = CYLINDRICAL_SURFACE ( 'NONE', #1884, 1.250000000000001110 ) ;
#3099 = CARTESIAN_POINT ( 'NONE',  ( 59.68359684953292543, 0.000000000000000000, -69.87278370505750047 ) ) ;
#3100 = EDGE_LOOP ( 'NONE', ( #2365, #2599 ) ) ;
#3101 = AXIS2_PLACEMENT_3D ( 'NONE', #3699, #2517, #962 ) ;
#3102 = FACE_BOUND ( 'NONE', #3095, .T. ) ;
#3103 = CARTESIAN_POINT ( 'NONE',  ( 55.34193818031445744, 0.000000000000000000, -71.37278370505751468 ) ) ;
#3104 = DIRECTION ( 'NONE',  ( 0.000000000000000000, 0.000000000000000000, -1.000000000000000000 ) ) ;
#3105 = CARTESIAN_POINT ( 'NONE',  ( 40.57292174796869944, 16.00000000000000000, -65.25000000000000000 ) ) ;
#3106 = EDGE_CURVE ( 'NONE', #1428, #1774, #1614, .T. ) ;
#3107 = CYLINDRICAL_SURFACE ( 'NONE', #2050, 5.000000000000004441 ) ;
#3108 = TOROIDAL_SURFACE ( 'NONE', #1387, 4.000000000000000000, 2.000000000000000000 ) ;
#3109 = EDGE_LOOP ( 'NONE', ( #509, #3564 ) ) ;
#3110 = LINE ( 'NONE', #3497, #647 ) ;
#3111 = ORIENTED_EDGE ( 'NONE', *, *, #4081, .T. ) ;
#3112 = CIRCLE ( 'NONE', #257, 1.249999999999997558 ) ;
#3113 = LINE ( 'NONE', #5055, #1271 ) ;
#3114 = CIRCLE ( 'NONE', #3689, 1.500000000000001332 ) ;
#3115 = DIRECTION ( 'NONE',  ( -0.000000000000000000, 1.000000000000000000, -0.000000000000000000 ) ) ;
#3116 = AXIS2_PLACEMENT_3D ( 'NONE', #3960, #2341, #1932 ) ;
#3117 = AXIS2_PLACEMENT_3D ( 'NONE', #1816, #1339, #3668 ) ;
#3118 = ORIENTED_EDGE ( 'NONE', *, *, #4775, .F. ) ;
#3119 = ORIENTED_EDGE ( 'NONE', *, *, #1925, .F. ) ;
#3120 = EDGE_CURVE ( 'NONE', #1531, #3657, #3976, .T. ) ;
#3121 = DIRECTION ( 'NONE',  ( -0.000000000000000000, 1.000000000000000000, -0.000000000000000000 ) ) ;
#3122 = EDGE_CURVE ( 'NONE', #1347, #682, #57, .T. ) ;
#3123 = EDGE_LOOP ( 'NONE', ( #2627, #601, #1583, #3961 ) ) ;
#3124 = ORIENTED_EDGE ( 'NONE', *, *, #565, .T. ) ;
#3125 = EDGE_CURVE ( 'NONE', #571, #286, #3791, .T. ) ;
#3126 = CARTESIAN_POINT ( 'NONE',  ( 55.34193818031445744, 20.00000000000000000, -63.85281030084921383 ) ) ;
#3127 = CARTESIAN_POINT ( 'NONE',  ( 46.35102051443365667, 19.00000000000000000, -55.25000000000000000 ) ) ;
#3128 = CARTESIAN_POINT ( 'NONE',  ( 91.00000000000001421, 14.00000000000000000, -2.706168622523819383E-14 ) ) ;
#3129 = CARTESIAN_POINT ( 'NONE',  ( 84.65846406822109316, 19.37175565336077199, -2.341535931778987667 ) ) ;
#3130 = ORIENTED_EDGE ( 'NONE', *, *, #3343, .F. ) ;
#3131 = ORIENTED_EDGE ( 'NONE', *, *, #2019, .T. ) ;
#3132 = DIRECTION ( 'NONE',  ( -2.453269466693383238E-15, 1.000000000000000000, 0.000000000000000000 ) ) ;
#3133 = LINE ( 'NONE', #754, #3503 ) ;
#3134 = LINE ( 'NONE', #3055, #4317 ) ;
#3135 = VECTOR ( 'NONE', #3070, 1000.000000000000000 ) ;
#3136 = FACE_OUTER_BOUND ( 'NONE', #2320, .T. ) ;
#3137 = ORIENTED_EDGE ( 'NONE', *, *, #1584, .T. ) ;
#3138 = VERTEX_POINT ( 'NONE', #2273 ) ;
#3139 = CARTESIAN_POINT ( 'NONE',  ( 51.25000000000001421, 16.00000000000000000, -61.25000000000000000 ) ) ;
#3140 = CARTESIAN_POINT ( 'NONE',  ( 59.68359684953292543, 0.000000000000000000, -77.39275710926580132 ) ) ;
#3141 = DIRECTION ( 'NONE',  ( 1.000000000000000000, 0.000000000000000000, 0.000000000000000000 ) ) ;
#3142 = ORIENTED_EDGE ( 'NONE', *, *, #3898, .F. ) ;
#3143 = CARTESIAN_POINT ( 'NONE',  ( 40.57292174796869944, 16.00000000000000000, -67.25000000000000000 ) ) ;
#3144 = VERTEX_POINT ( 'NONE', #1534 ) ;
#3145 = ORIENTED_EDGE ( 'NONE', *, *, #3006, .T. ) ;
#3146 = DIRECTION ( 'NONE',  ( -0.000000000000000000, 1.000000000000000000, -0.000000000000000000 ) ) ;
#3147 = DIRECTION ( 'NONE',  ( 1.000000000000000000, 0.000000000000000000, 0.000000000000000000 ) ) ;
#3148 = EDGE_CURVE ( 'NONE', #2337, #883, #4129, .T. ) ;
#3149 = EDGE_CURVE ( 'NONE', #3396, #909, #3322, .T. ) ;
#3150 = DIRECTION ( 'NONE',  ( 0.000000000000000000, -1.000000000000000000, 0.000000000000000000 ) ) ;
#3151 = CARTESIAN_POINT ( 'NONE',  ( 87.09183194901547154, 18.32199834099033353, -1.227658626216784121 ) ) ;
#3152 = ORIENTED_EDGE ( 'NONE', *, *, #898, .T. ) ;
#3153 = ORIENTED_EDGE ( 'NONE', *, *, #2101, .T. ) ;
#3154 = DIRECTION ( 'NONE',  ( -0.000000000000000000, -1.000000000000000000, -0.000000000000000000 ) ) ;
#3155 = FACE_BOUND ( 'NONE', #960, .T. ) ;
#3156 = EDGE_CURVE ( 'NONE', #1811, #4754, #2506, .T. ) ;
#3157 = CARTESIAN_POINT ( 'NONE',  ( 89.49999999999998579, 20.00000000000000000, -132.5000000000000000 ) ) ;
#3158 = CARTESIAN_POINT ( 'NONE',  ( 34.10952922903808116, 19.00000000000000000, -67.24999999999998579 ) ) ;
#3159 = ORIENTED_EDGE ( 'NONE', *, *, #411, .T. ) ;
#3160 = LINE ( 'NONE', #1220, #1957 ) ;
#3161 = EDGE_LOOP ( 'NONE', ( #2017, #3304, #2363, #3622 ) ) ;
#3162 = AXIS2_PLACEMENT_3D ( 'NONE', #4756, #1258, #2043 ) ;
#3163 = DIRECTION ( 'NONE',  ( 0.000000000000000000, 0.000000000000000000, 1.000000000000000000 ) ) ;
#3164 = AXIS2_PLACEMENT_3D ( 'NONE', #1570, #3617, #3147 ) ;
#3165 = DIRECTION ( 'NONE',  ( 1.000000000000000000, 0.000000000000000000, 0.000000000000000000 ) ) ;
#3166 = DIRECTION ( 'NONE',  ( -0.000000000000000000, 1.000000000000000000, -0.000000000000000000 ) ) ;
#3167 = EDGE_CURVE ( 'NONE', #1927, #1691, #4265, .T. ) ;
#3168 = AXIS2_PLACEMENT_3D ( 'NONE', #3423, #4671, #4181 ) ;
#3169 = VECTOR ( 'NONE', #350, 1000.000000000000000 ) ;
#3170 = ORIENTED_EDGE ( 'NONE', *, *, #1017, .T. ) ;
#3171 = EDGE_CURVE ( 'NONE', #5033, #3297, #4383, .T. ) ;
#3172 = CARTESIAN_POINT ( 'NONE',  ( 66.19608485336061676, 20.00000000000000000, -76.63277040716165800 ) ) ;
#3173 = EDGE_LOOP ( 'NONE', ( #1533, #532, #2663, #3324 ) ) ;
#3174 = VERTEX_POINT ( 'NONE', #1941 ) ;
#3175 = CARTESIAN_POINT ( 'NONE',  ( 51.25000000000001421, 19.00000000000000000, -82.24999999999998579 ) ) ;
#3176 = DIRECTION ( 'NONE',  ( -0.000000000000000000, 1.000000000000000000, -0.000000000000000000 ) ) ;
#3177 = AXIS2_PLACEMENT_3D ( 'NONE', #4455, #3310, #4865 ) ;
#3178 = CARTESIAN_POINT ( 'NONE',  ( 36.10952922903808116, 16.00000000000000000, -69.24999999999998579 ) ) ;
#3179 = ORIENTED_EDGE ( 'NONE', *, *, #806, .T. ) ;
#3180 = ORIENTED_EDGE ( 'NONE', *, *, #4437, .T. ) ;
#3181 = ADVANCED_FACE ( 'NONE', ( #3508 ), #3812, .T. ) ;
#3182 = DIRECTION ( 'NONE',  ( 0.000000000000000000, 0.000000000000000000, 1.000000000000000000 ) ) ;
#3183 = TOROIDAL_SURFACE ( 'NONE', #2030, 2.499999999999999556, 5.000000000000000000 ) ;
#3184 = CYLINDRICAL_SURFACE ( 'NONE', #3177, 1.500000000000001332 ) ;
#3185 = DIRECTION ( 'NONE',  ( 0.000000000000000000, 0.000000000000000000, 1.000000000000000000 ) ) ;
#3186 = PRODUCT ( 'GB_Top_Display_Shell_3.0_stp', 'GB_Top_Display_Shell_3.0_stp', '', ( #107 ) ) ;
#3187 = CARTESIAN_POINT ( 'NONE',  ( 59.68359684953292543, 20.00000000000000000, -72.87278370505751468 ) ) ;
#3188 = CIRCLE ( 'NONE', #1718, 5.000000000000000000 ) ;
#3189 = ORIENTED_EDGE ( 'NONE', *, *, #2110, .F. ) ;
#3190 = CARTESIAN_POINT ( 'NONE',  ( 49.48541401807901963, 14.75487147198095350, -55.25000000000000000 ) ) ;
#3191 = ORIENTED_EDGE ( 'NONE', *, *, #742, .F. ) ;
#3192 = CARTESIAN_POINT ( 'NONE',  ( 86.41969116824613195, 14.71653687804514909, -16.09975473024092807 ) ) ;
#3193 = CARTESIAN_POINT ( 'NONE',  ( 25.00000000000000711, 19.00000000000000000, -18.00000000000001421 ) ) ;
#3194 = AXIS2_PLACEMENT_3D ( 'NONE', #1670, #2843, #4021 ) ;
#3195 = CARTESIAN_POINT ( 'NONE',  ( 0.000000000000000000, 20.00000000000000000, -5.000000000000000000 ) ) ;
#3196 = VECTOR ( 'NONE', #1311, 1000.000000000000000 ) ;
#3197 = AXIS2_PLACEMENT_3D ( 'NONE', #2532, #635, #4937 ) ;
#3198 = VERTEX_POINT ( 'NONE', #668 ) ;
#3199 = CIRCLE ( 'NONE', #2785, 1.500000000000001332 ) ;
#3200 = VECTOR ( 'NONE', #3768, 1000.000000000000000 ) ;
#3201 = ORIENTED_EDGE ( 'NONE', *, *, #13, .T. ) ;
#3202 = ORIENTED_EDGE ( 'NONE', *, *, #2485, .F. ) ;
#3203 = EDGE_CURVE ( 'NONE', #2896, #1322, #2096, .T. ) ;
#3204 = DIRECTION ( 'NONE',  ( -0.000000000000000000, 1.000000000000000000, -0.000000000000000000 ) ) ;
#3205 = VECTOR ( 'NONE', #599, 1000.000000000000000 ) ;
#3206 = DIRECTION ( 'NONE',  ( 0.000000000000000000, 1.000000000000000000, -0.000000000000000000 ) ) ;
#3207 = CARTESIAN_POINT ( 'NONE',  ( 42.31696217265903925, 19.00000000000000000, -72.87278370505748626 ) ) ;
#3208 = EDGE_LOOP ( 'NONE', ( #2315, #531, #3451, #1958 ) ) ;
#3209 = ORIENTED_EDGE ( 'NONE', *, *, #3916, .F. ) ;
#3210 = CARTESIAN_POINT ( 'NONE',  ( 55.34193818031445744, 20.00000000000000000, -62.35281030084921383 ) ) ;
#3211 = FACE_BOUND ( 'NONE', #4306, .T. ) ;
#3212 = DIRECTION ( 'NONE',  ( 0.000000000000000000, 0.000000000000000000, -1.000000000000000000 ) ) ;
#3213 = CARTESIAN_POINT ( 'NONE',  ( 37.97530350344057837, 19.00000000000000000, -71.37278370505748626 ) ) ;
#3214 = EDGE_CURVE ( 'NONE', #1366, #2192, #2634, .T. ) ;
#3215 = ORIENTED_EDGE ( 'NONE', *, *, #5046, .F. ) ;
#3216 = ORIENTED_EDGE ( 'NONE', *, *, #2212, .F. ) ;
#3217 = CARTESIAN_POINT ( 'NONE',  ( 68.36691418796985431, 19.00000000000000000, -71.37278370505751468 ) ) ;
#3218 = VERTEX_POINT ( 'NONE', #1456 ) ;
#3219 = CARTESIAN_POINT ( 'NONE',  ( 44.48779150726828391, 19.00000000000000000, -73.63277040716162958 ) ) ;
#3220 = DIRECTION ( 'NONE',  ( 0.000000000000000000, 0.000000000000000000, 1.000000000000000000 ) ) ;
#3221 = VECTOR ( 'NONE', #1942, 1000.000000000000000 ) ;
#3222 = ADVANCED_FACE ( 'NONE', ( #3020 ), #312, .F. ) ;
#3223 = DIRECTION ( 'NONE',  ( -0.000000000000000000, 1.000000000000000000, 0.000000000000000000 ) ) ;
#3224 = ADVANCED_FACE ( 'NONE', ( #1487 ), #3046, .T. ) ;
#3225 = ORIENTED_EDGE ( 'NONE', *, *, #2149, .T. ) ;
#3226 = CARTESIAN_POINT ( 'NONE',  ( 89.50000000000002842, 0.000000000000000000, -7.500000000000000000 ) ) ;
#3227 = ORIENTED_EDGE ( 'NONE', *, *, #1528, .T. ) ;
#3228 = ORIENTED_EDGE ( 'NONE', *, *, #3922, .T. ) ;
#3229 = CARTESIAN_POINT ( 'NONE',  ( 42.28125426829370781, 16.00000000000000000, -66.29000000000000625 ) ) ;
#3230 = CARTESIAN_POINT ( 'NONE',  ( 87.50000000000001421, 19.00000000000000000, -16.75000000000001066 ) ) ;
#3231 = CIRCLE ( 'NONE', #3063, 3.000000000000002665 ) ;
#3232 = CARTESIAN_POINT ( 'NONE',  ( 54.00000000000003553, 8.999999999999991118, -5.000000000000087930 ) ) ;
#3233 = ORIENTED_EDGE ( 'NONE', *, *, #298, .T. ) ;
#3234 = ORIENTED_EDGE ( 'NONE', *, *, #4960, .T. ) ;
#3235 = DIRECTION ( 'NONE',  ( 1.000000000000000000, 0.000000000000000000, -0.000000000000000000 ) ) ;
#3236 = FACE_BOUND ( 'NONE', #921, .T. ) ;
#3237 = FACE_OUTER_BOUND ( 'NONE', #2237, .T. ) ;
#3238 = EDGE_CURVE ( 'NONE', #2344, #3258, #4886, .T. ) ;
#3239 = LINE ( 'NONE', #576, #1404 ) ;
#3240 = EDGE_CURVE ( 'NONE', #2091, #2937, #4705, .T. ) ;
#3241 = ORIENTED_EDGE ( 'NONE', *, *, #2729, .F. ) ;
#3242 = ORIENTED_EDGE ( 'NONE', *, *, #3386, .T. ) ;
#3243 = CARTESIAN_POINT ( 'NONE',  ( 47.16776482774366031, 18.99999999565176267, -55.25000000000000000 ) ) ;
#3244 = ORIENTED_EDGE ( 'NONE', *, *, #1182, .T. ) ;
#3245 = CARTESIAN_POINT ( 'NONE',  ( 40.02502783967819511, 16.00000000000000000, -77.25000000000000000 ) ) ;
#3246 = LINE ( 'NONE', #3193, #4565 ) ;
#3247 = FACE_OUTER_BOUND ( 'NONE', #3161, .T. ) ;
#3248 = CIRCLE ( 'NONE', #2830, 1.500000000000001332 ) ;
#3249 = ORIENTED_EDGE ( 'NONE', *, *, #2833, .T. ) ;
#3250 = ORIENTED_EDGE ( 'NONE', *, *, #4828, .F. ) ;
#3251 = AXIS2_PLACEMENT_3D ( 'NONE', #1714, #3277, #3777 ) ;
#3252 = VECTOR ( 'NONE', #285, 1000.000000000000000 ) ;
#3253 = EDGE_LOOP ( 'NONE', ( #1297, #2652 ) ) ;
#3254 = VECTOR ( 'NONE', #1015, 1000.000000000000000 ) ;
#3255 = FACE_OUTER_BOUND ( 'NONE', #2268, .T. ) ;
#3256 = CARTESIAN_POINT ( 'NONE',  ( 74.49999999999987210, 20.00000000000000000, -50.75000000000012790 ) ) ;
#3257 = LINE ( 'NONE', #4043, #1229 ) ;
#3258 = VERTEX_POINT ( 'NONE', #489 ) ;
#3259 = EDGE_LOOP ( 'NONE', ( #4814, #3559 ) ) ;
#3260 = CARTESIAN_POINT ( 'NONE',  ( 23.50000000000001066, 14.00000000000000000, -60.25000000000000000 ) ) ;
#3261 = DIRECTION ( 'NONE',  ( 0.000000000000000000, 0.000000000000000000, -1.000000000000000000 ) ) ;
#3262 = LINE ( 'NONE', #4740, #2197 ) ;
#3263 = AXIS2_PLACEMENT_3D ( 'NONE', #3103, #3054, #4660 ) ;
#3264 = CARTESIAN_POINT ( 'NONE',  ( 46.65862084187751435, 19.00000000000000000, -80.39275710926580132 ) ) ;
#3265 = ORIENTED_EDGE ( 'NONE', *, *, #1861, .T. ) ;
#3266 = CIRCLE ( 'NONE', #1952, 1.500000000000001332 ) ;
#3267 = VERTEX_POINT ( 'NONE', #824 ) ;
#3268 = CARTESIAN_POINT ( 'NONE',  ( 50.43323727996605754, 18.89897948557060303, -55.25000000000000000 ) ) ;
#3269 = ORIENTED_EDGE ( 'NONE', *, *, #406, .T. ) ;
#3270 = EDGE_CURVE ( 'NONE', #603, #3956, #519, .T. ) ;
#3271 = CARTESIAN_POINT ( 'NONE',  ( 86.51378917712843020, 14.65997945482859954, -17.53457167090392232 ) ) ;
#3272 = CARTESIAN_POINT ( 'NONE',  ( 88.71675764734234804, 14.00761993403917138, -16.41946790204110940 ) ) ;
#3273 = CIRCLE ( 'NONE', #1716, 1.500000000000001332 ) ;
#3274 = AXIS2_PLACEMENT_3D ( 'NONE', #862, #943, #1296 ) ;
#3275 = CARTESIAN_POINT ( 'NONE',  ( 33.00000000000012790, 19.00000000000000000, -19.24999999999982947 ) ) ;
#3276 = ORIENTED_EDGE ( 'NONE', *, *, #1443, .T. ) ;
#3277 = DIRECTION ( 'NONE',  ( -0.000000000000000000, 1.000000000000000000, -0.000000000000000000 ) ) ;
#3278 = VECTOR ( 'NONE', #5016, 1000.000000000000000 ) ;
#3279 =( BOUNDED_CURVE ( )  B_SPLINE_CURVE ( 3, ( #527, #3644, #139, #3260 ),
 .UNSPECIFIED., .F., .F. ) 
 B_SPLINE_CURVE_WITH_KNOTS ( ( 4, 4 ),
 ( 3.141592653589793116, 4.712388980384689674 ),
 .UNSPECIFIED. ) 
 CURVE ( )  GEOMETRIC_REPRESENTATION_ITEM ( )  RATIONAL_B_SPLINE_CURVE ( ( 1.000000000000000000, 0.8047378541243649375, 0.8047378541243649375, 1.000000000000000000 ) ) 
 REPRESENTATION_ITEM ( '' )  );
#3280 = VERTEX_POINT ( 'NONE', #1618 ) ;
#3281 = DIRECTION ( 'NONE',  ( -0.000000000000000000, -1.000000000000000000, -0.000000000000000000 ) ) ;
#3282 = AXIS2_PLACEMENT_3D ( 'NONE', #3815, #315, #3444 ) ;
#3283 = ADVANCED_FACE ( 'NONE', ( #1970 ), #3537, .F. ) ;
#3284 = EDGE_CURVE ( 'NONE', #525, #4199, #382, .T. ) ;
#3285 = DIRECTION ( 'NONE',  ( 0.000000000000000000, 0.000000000000000000, 1.000000000000000000 ) ) ;
#3286 = EDGE_CURVE ( 'NONE', #4844, #2696, #3248, .T. ) ;
#3287 = CARTESIAN_POINT ( 'NONE',  ( 91.00000000000001421, 0.000000000000000000, -2.706168622523819383E-14 ) ) ;
#3288 = EDGE_CURVE ( 'NONE', #809, #5061, #1114, .T. ) ;
#3289 = AXIS2_PLACEMENT_3D ( 'NONE', #46, #761, #2037 ) ;
#3290 = ORIENTED_EDGE ( 'NONE', *, *, #589, .T. ) ;
#3291 = AXIS2_PLACEMENT_3D ( 'NONE', #1240, #2796, #3235 ) ;
#3292 = CARTESIAN_POINT ( 'NONE',  ( 36.10952922903808116, 19.00000000000000000, -69.24999999999998579 ) ) ;
#3293 = CARTESIAN_POINT ( 'NONE',  ( 23.91039953216313663, 14.01646445374715810, -53.88431063722393333 ) ) ;
#3294 = CARTESIAN_POINT ( 'NONE',  ( 61.85442618414216298, 0.000000000000000000, -69.11279700295335715 ) ) ;
#3295 = VERTEX_POINT ( 'NONE', #3229 ) ;
#3296 = CARTESIAN_POINT ( 'NONE',  ( 36.10952922903808116, 14.00000000000000000, -73.25000000000000000 ) ) ;
#3297 = VERTEX_POINT ( 'NONE', #905 ) ;
#3298 = CARTESIAN_POINT ( 'NONE',  ( 33.00000000000014211, 20.00000000000000000, -16.24999999999982592 ) ) ;
#3299 = CARTESIAN_POINT ( 'NONE',  ( 88.49464396299995883, 14.02419512319700878, -17.52483824929858969 ) ) ;
#3300 = AXIS2_PLACEMENT_3D ( 'NONE', #1779, #947, #1392 ) ;
#3301 = DIRECTION ( 'NONE',  ( -0.000000000000000000, 1.000000000000000000, 0.000000000000000000 ) ) ;
#3302 = DIRECTION ( 'NONE',  ( 0.000000000000000000, -1.000000000000000000, 0.000000000000000000 ) ) ;
#3303 = EDGE_LOOP ( 'NONE', ( #84, #2496, #743, #4449 ) ) ;
#3304 = ORIENTED_EDGE ( 'NONE', *, *, #2102, .T. ) ;
#3305 = FACE_OUTER_BOUND ( 'NONE', #1843, .T. ) ;
#3306 = DIRECTION ( 'NONE',  ( 0.000000000000000000, 0.000000000000000000, -1.000000000000000000 ) ) ;
#3307 = VERTEX_POINT ( 'NONE', #1208 ) ;
#3308 = EDGE_CURVE ( 'NONE', #1120, #3198, #3889, .T. ) ;
#3309 = DIRECTION ( 'NONE',  ( 0.000000000000000000, -1.000000000000000000, 0.000000000000000000 ) ) ;
#3310 = DIRECTION ( 'NONE',  ( -0.000000000000000000, 1.000000000000000000, -0.000000000000000000 ) ) ;
#3311 = EDGE_CURVE ( 'NONE', #1427, #3930, #4680, .T. ) ;
#3312 = LINE ( 'NONE', #2560, #1238 ) ;
#3313 = DIRECTION ( 'NONE',  ( 0.000000000000000000, 1.000000000000000000, 0.000000000000000000 ) ) ;
#3314 = ORIENTED_EDGE ( 'NONE', *, *, #3535, .T. ) ;
#3315 = DIRECTION ( 'NONE',  ( 0.000000000000000000, 1.000000000000000000, 0.000000000000000000 ) ) ;
#3316 = ORIENTED_EDGE ( 'NONE', *, *, #4775, .T. ) ;
#3317 = FACE_OUTER_BOUND ( 'NONE', #2570, .T. ) ;
#3318 = DIRECTION ( 'NONE',  ( 0.000000000000000000, 0.000000000000000000, -1.000000000000000000 ) ) ;
#3319 = CARTESIAN_POINT ( 'NONE',  ( 54.00000000000002132, 13.99999999999999112, -7.000000000000000000 ) ) ;
#3320 = ORIENTED_EDGE ( 'NONE', *, *, #3270, .T. ) ;
#3321 = FACE_OUTER_BOUND ( 'NONE', #461, .T. ) ;
#3322 = CIRCLE ( 'NONE', #4539, 1.500000000000001332 ) ;
#3323 = ORIENTED_EDGE ( 'NONE', *, *, #3805, .T. ) ;
#3324 = ORIENTED_EDGE ( 'NONE', *, *, #1587, .F. ) ;
#3325 = DIRECTION ( 'NONE',  ( -1.000000000000000000, -0.000000000000000000, -0.000000000000000000 ) ) ;
#3326 = AXIS2_PLACEMENT_3D ( 'NONE', #4748, #2065, #510 ) ;
#3327 = EDGE_CURVE ( 'NONE', #1173, #470, #51, .T. ) ;
#3328 = DIRECTION ( 'NONE',  ( -1.000000000000000000, 0.000000000000000000, -0.000000000000000000 ) ) ;
#3329 = VERTEX_POINT ( 'NONE', #4352 ) ;
#3330 = CARTESIAN_POINT ( 'NONE',  ( 64.02525551875139342, 20.00000000000000000, -78.89275710926580132 ) ) ;
#3331 = DIRECTION ( 'NONE',  ( 0.000000000000000000, 0.000000000000000000, -1.000000000000000000 ) ) ;
#3332 = CARTESIAN_POINT ( 'NONE',  ( 24.24593119246121731, 14.05546925684075887, -54.25028056004597232 ) ) ;
#3333 = CARTESIAN_POINT ( 'NONE',  ( 87.50000000000001421, 14.23030399291527281, -18.00000000000001066 ) ) ;
#3334 = DIRECTION ( 'NONE',  ( -7.022495035279608720E-15, 0.000000000000000000, -1.000000000000000000 ) ) ;
#3335 = EDGE_LOOP ( 'NONE', ( #2071, #2454, #2483, #592 ) ) ;
#3336 = CYLINDRICAL_SURFACE ( 'NONE', #250, 5.000000000000004441 ) ;
#3337 = VERTEX_POINT ( 'NONE', #851 ) ;
#3338 = CIRCLE ( 'NONE', #4808, 2.000000000000001776 ) ;
#3339 = CARTESIAN_POINT ( 'NONE',  ( 65.45838585850573565, 13.99999999999999822, -59.95580834275515514 ) ) ;
#3340 = CARTESIAN_POINT ( 'NONE',  ( 61.85442618414216298, 19.00000000000000000, -76.63277040716165800 ) ) ;
#3341 = EDGE_CURVE ( 'NONE', #2426, #4692, #2912, .T. ) ;
#3342 = CARTESIAN_POINT ( 'NONE',  ( 48.40851378585104214, 17.01477055374046543, -0.3949015176619374290 ) ) ;
#3343 = EDGE_CURVE ( 'NONE', #2587, #3337, #2018, .T. ) ;
#3344 = ORIENTED_EDGE ( 'NONE', *, *, #1990, .T. ) ;
#3345 = CARTESIAN_POINT ( 'NONE',  ( 51.25000000000001421, 19.00000000000000000, -71.75000000000000000 ) ) ;
#3346 = AXIS2_PLACEMENT_3D ( 'NONE', #4410, #500, #3212 ) ;
#3347 = CIRCLE ( 'NONE', #4001, 1.500000000000001332 ) ;
#3348 = ORIENTED_EDGE ( 'NONE', *, *, #4823, .F. ) ;
#3349 = ORIENTED_EDGE ( 'NONE', *, *, #2509, .T. ) ;
#3350 = LINE ( 'NONE', #633, #2422 ) ;
#3351 = AXIS2_PLACEMENT_3D ( 'NONE', #3178, #3994, #1261 ) ;
#3352 = CYLINDRICAL_SURFACE ( 'NONE', #1879, 1.500000000000001332 ) ;
#3353 = ORIENTED_EDGE ( 'NONE', *, *, #1268, .T. ) ;
#3354 = CIRCLE ( 'NONE', #1147, 2.000000000000001776 ) ;
#3355 = CARTESIAN_POINT ( 'NONE',  ( 86.41892664307816574, 14.71698865455736183, -53.89946281489061874 ) ) ;
#3356 = AXIS2_PLACEMENT_3D ( 'NONE', #3920, #3150, #2252 ) ;
#3357 = DIRECTION ( 'NONE',  ( 0.000000000000000000, 0.000000000000000000, -1.000000000000000000 ) ) ;
#3358 = CARTESIAN_POINT ( 'NONE',  ( 25.00000000000001421, 14.23030399291524972, -51.99999999999990763 ) ) ;
#3359 = DIRECTION ( 'NONE',  ( 0.000000000000000000, 0.000000000000000000, 1.000000000000000000 ) ) ;
#3360 = DIRECTION ( 'NONE',  ( -1.734723475976807094E-16, 0.000000000000000000, -1.000000000000000000 ) ) ;
#3361 = VECTOR ( 'NONE', #3141, 1000.000000000000000 ) ;
#3362 = AXIS2_PLACEMENT_3D ( 'NONE', #1701, #3623, #834 ) ;
#3363 = EDGE_CURVE ( 'NONE', #1018, #4309, #1721, .T. ) ;
#3364 = ORIENTED_EDGE ( 'NONE', *, *, #251, .T. ) ;
#3365 = DIRECTION ( 'NONE',  ( -0.000000000000000000, 1.000000000000000000, -0.000000000000000000 ) ) ;
#3366 = CARTESIAN_POINT ( 'NONE',  ( 66.14897948556637175, 13.99999999999999822, -60.25000000000000000 ) ) ;
#3367 = CYLINDRICAL_SURFACE ( 'NONE', #2143, 1.500000000000001332 ) ;
#3368 = CARTESIAN_POINT ( 'NONE',  ( 87.57859475088889667, 14.20558708723444141, -54.50000000000004974 ) ) ;
#3369 = EDGE_CURVE ( 'NONE', #1744, #875, #1200, .T. ) ;
#3370 = ORIENTED_EDGE ( 'NONE', *, *, #436, .F. ) ;
#3371 = ADVANCED_FACE ( 'NONE', ( #3305 ), #2939, .F. ) ;
#3372 = CARTESIAN_POINT ( 'NONE',  ( 65.33208146465845800, 19.00000000000000355, -55.25000000000000000 ) ) ;
#3373 = ADVANCED_FACE ( 'NONE', ( #3255 ), #952, .F. ) ;
#3374 = CARTESIAN_POINT ( 'NONE',  ( 61.25000000000002132, 19.00000000000000000, -71.75000000000000000 ) ) ;
#3375 = EDGE_LOOP ( 'NONE', ( #919, #822 ) ) ;
#3376 = EDGE_CURVE ( 'NONE', #2103, #1855, #4522, .T. ) ;
#3377 = EDGE_LOOP ( 'NONE', ( #3353, #2854, #2498, #2041, #3314, #2033, #2518, #3798, #3215, #3364, #2395, #3137, #1856, #3810 ) ) ;
#3378 = DIRECTION ( 'NONE',  ( 1.000000000000000000, 2.478176394252583113E-16, 0.000000000000000000 ) ) ;
#3379 = CIRCLE ( 'NONE', #2070, 1.500000000000001332 ) ;
#3380 = CARTESIAN_POINT ( 'NONE',  ( 57.51276751492369499, 19.00000000000000000, -67.61279700295335715 ) ) ;
#3381 = EDGE_LOOP ( 'NONE', ( #1354, #4564 ) ) ;
#3382 = DIRECTION ( 'NONE',  ( -0.000000000000000000, 1.000000000000000000, -0.000000000000000000 ) ) ;
#3383 =( LENGTH_UNIT ( ) NAMED_UNIT ( * ) SI_UNIT ( .MILLI., .METRE. ) );
#3384 = CARTESIAN_POINT ( 'NONE',  ( 64.02525551875139342, 0.000000000000000000, -78.89275710926580132 ) ) ;
#3385 = CYLINDRICAL_SURFACE ( 'NONE', #2294, 1.500000000000001332 ) ;
#3386 = EDGE_CURVE ( 'NONE', #1673, #2427, #464, .T. ) ;
#3387 = PLANE ( 'NONE',  #4082 ) ;
#3388 = EDGE_CURVE ( 'NONE', #2787, #109, #3350, .T. ) ;
#3389 = ORIENTED_EDGE ( 'NONE', *, *, #2833, .F. ) ;
#3390 = CARTESIAN_POINT ( 'NONE',  ( 41.82102338532968133, 16.00000000000000000, -76.36999999999999034 ) ) ;
#3391 = FACE_OUTER_BOUND ( 'NONE', #2144, .T. ) ;
#3392 = FACE_OUTER_BOUND ( 'NONE', #800, .T. ) ;
#3393 = EDGE_CURVE ( 'NONE', #4216, #534, #3074, .T. ) ;
#3394 = EDGE_CURVE ( 'NONE', #4012, #2319, #3687, .T. ) ;
#3395 = CARTESIAN_POINT ( 'NONE',  ( 88.04315537260534086, 14.09180723999600460, -54.37874275803234525 ) ) ;
#3396 = VERTEX_POINT ( 'NONE', #2530 ) ;
#3397 = CARTESIAN_POINT ( 'NONE',  ( 48.17157287525378706, 15.00000000000000000, 0.000000000000000000 ) ) ;
#3398 = CARTESIAN_POINT ( 'NONE',  ( 34.10952922903808116, 19.00000000000000000, -67.24999999999998579 ) ) ;
#3399 = EDGE_CURVE ( 'NONE', #2825, #3218, #3727, .T. ) ;
#3400 = ORIENTED_EDGE ( 'NONE', *, *, #4535, .F. ) ;
#3401 = ORIENTED_EDGE ( 'NONE', *, *, #1022, .F. ) ;
#3402 = FACE_OUTER_BOUND ( 'NONE', #2308, .T. ) ;
#3403 = CARTESIAN_POINT ( 'NONE',  ( 50.21507198326272459, 19.67719910948392936, -3.229116829103042097 ) ) ;
#3404 = ORIENTED_EDGE ( 'NONE', *, *, #1115, .T. ) ;
#3405 = AXIS2_PLACEMENT_3D ( 'NONE', #2810, #1179, #106 ) ;
#3406 = CARTESIAN_POINT ( 'NONE',  ( 77.50000000000009948, 19.00000000000000000, -19.25000000000014921 ) ) ;
#3407 = LINE ( 'NONE', #3737, #738 ) ;
#3408 = CARTESIAN_POINT ( 'NONE',  ( 48.17157287525377285, 20.00000000000013500, -2.000000000000000000 ) ) ;
#3409 = VECTOR ( 'NONE', #587, 1000.000000000000000 ) ;
#3410 = CYLINDRICAL_SURFACE ( 'NONE', #4499, 1.249999999999997558 ) ;
#3411 = CARTESIAN_POINT ( 'NONE',  ( 68.36691418796985431, 20.00000000000000000, -72.87278370505751468 ) ) ;
#3412 = AXIS2_PLACEMENT_3D ( 'NONE', #2313, #273, #1825 ) ;
#3413 = VERTEX_POINT ( 'NONE', #1407 ) ;
#3414 = AXIS2_PLACEMENT_3D ( 'NONE', #2827, #2727, #1196 ) ;
#3415 = FACE_BOUND ( 'NONE', #3253, .T. ) ;
#3416 = DIRECTION ( 'NONE',  ( 0.000000000000000000, 1.000000000000000000, 0.000000000000000000 ) ) ;
#3417 = FACE_OUTER_BOUND ( 'NONE', #4385, .T. ) ;
#3418 = DIRECTION ( 'NONE',  ( -0.5773502691896220673, -0.5773502691896247319, 0.5773502691896303940 ) ) ;
#3419 = CARTESIAN_POINT ( 'NONE',  ( 88.75006168601890977, 14.00625082297579738, -53.08561184677827782 ) ) ;
#3420 = EDGE_CURVE ( 'NONE', #1145, #2834, #213, .T. ) ;
#3421 = EDGE_CURVE ( 'NONE', #4205, #4815, #4425, .T. ) ;
#3422 = ORIENTED_EDGE ( 'NONE', *, *, #1919, .T. ) ;
#3423 = CARTESIAN_POINT ( 'NONE',  ( 7.499999999999973355, 20.00000000000000000, -132.5000000000000000 ) ) ;
#3424 = VECTOR ( 'NONE', #2513, 1000.000000000000000 ) ;
#3425 = PLANE ( 'NONE',  #1040 ) ;
#3426 = ORIENTED_EDGE ( 'NONE', *, *, #2997, .F. ) ;
#3427 = AXIS2_PLACEMENT_3D ( 'NONE', #1299, #3676, #2519 ) ;
#3428 = VERTEX_POINT ( 'NONE', #4883 ) ;
#3429 = FACE_OUTER_BOUND ( 'NONE', #4591, .T. ) ;
#3430 = AXIS2_PLACEMENT_3D ( 'NONE', #68, #2497, #4388 ) ;
#3431 = CARTESIAN_POINT ( 'NONE',  ( 25.00000000000000711, 19.00000000000000000, -16.75000000000001066 ) ) ;
#3432 = EDGE_LOOP ( 'NONE', ( #4753, #3719, #1274, #4976 ) ) ;
#3433 = DIRECTION ( 'NONE',  ( -0.000000000000000000, 1.000000000000000000, -0.000000000000000000 ) ) ;
#3434 = DIRECTION ( 'NONE',  ( 0.000000000000000000, -1.000000000000000000, 0.000000000000000000 ) ) ;
#3435 = CARTESIAN_POINT ( 'NONE',  ( 57.51276751492369499, 19.00000000000000000, -75.13277040716165800 ) ) ;
#3436 = AXIS2_PLACEMENT_3D ( 'NONE', #908, #2507, #2022 ) ;
#3437 = ADVANCED_FACE ( 'NONE', ( #4840 ), #568, .F. ) ;
#3438 = EDGE_CURVE ( 'NONE', #5033, #4735, #4313, .T. ) ;
#3439 = ADVANCED_FACE ( 'NONE', ( #2553 ), #1308, .F. ) ;
#3440 = FACE_OUTER_BOUND ( 'NONE', #2788, .T. ) ;
#3441 = LINE ( 'NONE', #244, #3759 ) ;
#3442 = TOROIDAL_SURFACE ( 'NONE', #3197, 12.49999999999999467, 2.000000000000000000 ) ;
#3443 = ORIENTED_EDGE ( 'NONE', *, *, #4807, .F. ) ;
#3444 = DIRECTION ( 'NONE',  ( 0.000000000000000000, 0.000000000000000000, -1.000000000000000000 ) ) ;
#3445 = CARTESIAN_POINT ( 'NONE',  ( 82.00000000000001421, 8.999999999999998224, -6.000000000000000000 ) ) ;
#3446 = CARTESIAN_POINT ( 'NONE',  ( 49.58578643762691485, 4.585786437626856227, -0.5857864376269099616 ) ) ;
#3447 = CARTESIAN_POINT ( 'NONE',  ( 87.50000000000001421, 19.00000000000000000, -16.75000000000001066 ) ) ;
#3448 = AXIS2_PLACEMENT_3D ( 'NONE', #4486, #4056, #513 ) ;
#3449 = VECTOR ( 'NONE', #619, 1000.000000000000000 ) ;
#3450 = CARTESIAN_POINT ( 'NONE',  ( 48.90816805098456399, 18.32199834099028024, -1.227658626216749038 ) ) ;
#3451 = ORIENTED_EDGE ( 'NONE', *, *, #3171, .F. ) ;
#3452 = CARTESIAN_POINT ( 'NONE',  ( 51.00027951109598945, 19.00000000000000000, -80.39275710926580132 ) ) ;
#3453 = AXIS2_PLACEMENT_3D ( 'NONE', #3897, #4252, #2694 ) ;
#3454 = CARTESIAN_POINT ( 'NONE',  ( 61.85442618414216298, 0.000000000000000000, -66.11279700295335715 ) ) ;
#3455 = DIRECTION ( 'NONE',  ( 0.000000000000000000, 0.000000000000000000, -1.000000000000000000 ) ) ;
#3456 = VERTEX_POINT ( 'NONE', #1786 ) ;
#3457 = ORIENTED_EDGE ( 'NONE', *, *, #1913, .F. ) ;
#3458 = CYLINDRICAL_SURFACE ( 'NONE', #4494, 4.999999999999997335 ) ;
#3459 = ORIENTED_EDGE ( 'NONE', *, *, #126, .T. ) ;
#3460 = DIRECTION ( 'NONE',  ( -0.000000000000000000, 1.000000000000000000, -0.000000000000000000 ) ) ;
#3461 = DIRECTION ( 'NONE',  ( -0.000000000000000000, 1.000000000000000000, -0.000000000000000000 ) ) ;
#3462 = LINE ( 'NONE', #1125, #2173 ) ;
#3463 = CARTESIAN_POINT ( 'NONE',  ( 59.68359684953292543, 19.00000000000000000, -62.35281030084921383 ) ) ;
#3464 = DIRECTION ( 'NONE',  ( 0.000000000000000000, 0.000000000000000000, 1.000000000000000000 ) ) ;
#3465 = ORIENTED_EDGE ( 'NONE', *, *, #4221, .F. ) ;
#3466 = EDGE_CURVE ( 'NONE', #1927, #1008, #4911, .T. ) ;
#3467 = CARTESIAN_POINT ( 'NONE',  ( 44.48779150726828391, 0.000000000000000000, -75.13277040716162958 ) ) ;
#3468 = CARTESIAN_POINT ( 'NONE',  ( 23.78345156101918079, 14.00763315972421807, -16.41887678825858643 ) ) ;
#3469 = DIRECTION ( 'NONE',  ( 0.000000000000000000, 1.000000000000000000, 0.000000000000000000 ) ) ;
#3470 = DIRECTION ( 'NONE',  ( 1.000000000000000000, -0.000000000000000000, -0.000000000000000000 ) ) ;
#3471 = DIRECTION ( 'NONE',  ( 0.000000000000000000, 0.000000000000000000, 1.000000000000000000 ) ) ;
#3472 = ORIENTED_EDGE ( 'NONE', *, *, #2486, .T. ) ;
#3473 = DIRECTION ( 'NONE',  ( 0.5199999999999993516, 0.000000000000000000, 0.8541662601625055196 ) ) ;
#3474 = DIRECTION ( 'NONE',  ( -0.000000000000000000, 1.000000000000000000, -0.000000000000000000 ) ) ;
#3475 = CIRCLE ( 'NONE', #611, 1.500000000000001332 ) ;
#3476 = DIRECTION ( 'NONE',  ( -1.000000000000000000, 0.000000000000000000, 0.000000000000000000 ) ) ;
#3477 = ORIENTED_EDGE ( 'NONE', *, *, #2523, .F. ) ;
#3478 = EDGE_LOOP ( 'NONE', ( #1194, #1617, #5045, #863 ) ) ;
#3479 = CARTESIAN_POINT ( 'NONE',  ( 57.51276751492369499, 0.000000000000000000, -67.61279700295335715 ) ) ;
#3480 = EDGE_LOOP ( 'NONE', ( #758, #2651, #3684, #4044, #1666, #1029, #1523, #3988 ) ) ;
#3481 = EDGE_CURVE ( 'NONE', #3060, #4209, #4134, .T. ) ;
#3482 = DIRECTION ( 'NONE',  ( 0.000000000000000000, -1.000000000000000000, 0.000000000000000000 ) ) ;
#3483 = DIRECTION ( 'NONE',  ( -0.000000000000000000, 1.000000000000000000, 0.000000000000000000 ) ) ;
#3484 = DIRECTION ( 'NONE',  ( -0.000000000000000000, 1.000000000000000000, -0.000000000000000000 ) ) ;
#3485 = DIRECTION ( 'NONE',  ( -0.000000000000000000, 1.000000000000000000, -0.000000000000000000 ) ) ;
#3486 = DIRECTION ( 'NONE',  ( 0.000000000000000000, -1.000000000000000000, 0.000000000000000000 ) ) ;
#3487 = AXIS2_PLACEMENT_3D ( 'NONE', #189, #3731, #3710 ) ;
#3488 = ORIENTED_EDGE ( 'NONE', *, *, #3963, .F. ) ;
#3489 = CYLINDRICAL_SURFACE ( 'NONE', #3937, 10.49999999999999467 ) ;
#3490 = FACE_OUTER_BOUND ( 'NONE', #4260, .T. ) ;
#3491 = DIRECTION ( 'NONE',  ( 1.000000000000000000, 0.000000000000000000, 0.000000000000000000 ) ) ;
#3492 = SPHERICAL_SURFACE ( 'NONE', #964, 2.000000000000000000 ) ;
#3493 = AXIS2_PLACEMENT_3D ( 'NONE', #3551, #2987, #2780 ) ;
#3494 = CARTESIAN_POINT ( 'NONE',  ( 44.48779150726828391, 0.000000000000000000, -75.13277040716162958 ) ) ;
#3495 = ORIENTED_EDGE ( 'NONE', *, *, #1926, .T. ) ;
#3496 = VECTOR ( 'NONE', #2650, 1000.000000000000000 ) ;
#3497 = CARTESIAN_POINT ( 'NONE',  ( 42.31696217265903925, 0.000000000000000000, -69.87278370505747205 ) ) ;
#3498 = LINE ( 'NONE', #3855, #3716 ) ;
#3499 = ADVANCED_FACE ( 'NONE', ( #4722 ), #4543, .F. ) ;
#3500 = CYLINDRICAL_SURFACE ( 'NONE', #1567, 1.500000000000001332 ) ;
#3501 = ORIENTED_EDGE ( 'NONE', *, *, #3535, .F. ) ;
#3502 = ORIENTED_EDGE ( 'NONE', *, *, #4933, .F. ) ;
#3503 = VECTOR ( 'NONE', #2311, 1000.000000000000000 ) ;
#3504 = CARTESIAN_POINT ( 'NONE',  ( 37.97530350344057837, 19.00000000000000000, -72.87278370505748626 ) ) ;
#3505 = VECTOR ( 'NONE', #2004, 1000.000000000000000 ) ;
#3506 = VERTEX_POINT ( 'NONE', #2269 ) ;
#3507 = ORIENTED_EDGE ( 'NONE', *, *, #1690, .T. ) ;
#3508 = FACE_OUTER_BOUND ( 'NONE', #3208, .T. ) ;
#3509 = FACE_OUTER_BOUND ( 'NONE', #4327, .T. ) ;
#3510 = PLANE ( 'NONE',  #879 ) ;
#3511 = AXIS2_PLACEMENT_3D ( 'NONE', #2801, #1708, #3674 ) ;
#3512 = DIRECTION ( 'NONE',  ( 0.000000000000000000, -1.000000000000000000, -0.000000000000000000 ) ) ;
#3513 = DIRECTION ( 'NONE',  ( -0.000000000000000000, 1.000000000000000000, -0.000000000000000000 ) ) ;
#3514 = ORIENTED_EDGE ( 'NONE', *, *, #4107, .T. ) ;
#3515 = ORIENTED_EDGE ( 'NONE', *, *, #4060, .F. ) ;
#3516 = FACE_BOUND ( 'NONE', #3375, .T. ) ;
#3517 = CARTESIAN_POINT ( 'NONE',  ( 36.10952922903808116, 19.00000000000000000, -75.25000000000000000 ) ) ;
#3518 = DIRECTION ( 'NONE',  ( 0.000000000000000000, 0.000000000000000000, -1.000000000000000000 ) ) ;
#3519 = CARTESIAN_POINT ( 'NONE',  ( 82.00000000000001421, 8.999999999999998224, -5.000000000000087930 ) ) ;
#3520 = CIRCLE ( 'NONE', #86, 2.000000000000001776 ) ;
#3521 = ORIENTED_EDGE ( 'NONE', *, *, #54, .F. ) ;
#3522 = DIRECTION ( 'NONE',  ( 0.000000000000000000, 0.000000000000000000, -1.000000000000000000 ) ) ;
#3523 = ORIENTED_EDGE ( 'NONE', *, *, #2962, .T. ) ;
#3524 = CARTESIAN_POINT ( 'NONE',  ( 51.25000000000001421, 14.00000000000000000, -71.75000000000000000 ) ) ;
#3525 = LINE ( 'NONE', #45, #4607 ) ;
#3526 = DIRECTION ( 'NONE',  ( 1.000000000000000000, 0.000000000000000000, 0.000000000000000000 ) ) ;
#3527 = CIRCLE ( 'NONE', #2539, 7.500000000000000000 ) ;
#3528 = AXIS2_PLACEMENT_3D ( 'NONE', #167, #1727, #2535 ) ;
#3529 = EDGE_LOOP ( 'NONE', ( #4524, #1709, #9, #47 ) ) ;
#3530 = EDGE_CURVE ( 'NONE', #735, #455, #468, .T. ) ;
#3531 = EDGE_LOOP ( 'NONE', ( #1211, #632, #3370, #1556 ) ) ;
#3532 = ADVANCED_FACE ( 'NONE', ( #3429 ), #1585, .F. ) ;
#3533 = CARTESIAN_POINT ( 'NONE',  ( 85.65397962057221548, 19.52357700057533663, -2.932897497914119356 ) ) ;
#3534 = ORIENTED_EDGE ( 'NONE', *, *, #1356, .F. ) ;
#3535 = EDGE_CURVE ( 'NONE', #4459, #628, #4390, .T. ) ;
#3536 = ORIENTED_EDGE ( 'NONE', *, *, #4616, .F. ) ;
#3537 = CYLINDRICAL_SURFACE ( 'NONE', #3405, 1.500000000000001332 ) ;
#3538 = CARTESIAN_POINT ( 'NONE',  ( -2.775557561562891351E-14, 20.00000000000000000, -134.0000000000000000 ) ) ;
#3539 = CARTESIAN_POINT ( 'NONE',  ( 42.31696217265903925, 0.000000000000000000, -71.37278370505748626 ) ) ;
#3540 = FACE_OUTER_BOUND ( 'NONE', #4585, .T. ) ;
#3541 = ORIENTED_EDGE ( 'NONE', *, *, #27, .T. ) ;
#3542 = ORIENTED_EDGE ( 'NONE', *, *, #3762, .T. ) ;
#3543 = DIRECTION ( 'NONE',  ( 1.000000000000000000, 0.000000000000000000, 0.000000000000000000 ) ) ;
#3544 = FACE_BOUND ( 'NONE', #1119, .T. ) ;
#3545 = ADVANCED_FACE ( 'NONE', ( #1097 ), #308, .F. ) ;
#3546 = DIRECTION ( 'NONE',  ( -0.000000000000000000, 1.000000000000000000, -0.000000000000000000 ) ) ;
#3547 = ORIENTED_EDGE ( 'NONE', *, *, #776, .F. ) ;
#3548 = DIRECTION ( 'NONE',  ( -0.000000000000000000, -1.000000000000000000, -0.000000000000000000 ) ) ;
#3549 = EDGE_LOOP ( 'NONE', ( #2182, #4280, #892, #4282, #3761, #3859, #187, #2914 ) ) ;
#3550 = EDGE_CURVE ( 'NONE', #1785, #4996, #3832, .T. ) ;
#3551 = CARTESIAN_POINT ( 'NONE',  ( 51.00027951109598945, 20.00000000000000000, -71.37278370505751468 ) ) ;
#3552 = CARTESIAN_POINT ( 'NONE',  ( 74.49999999999987210, 19.00000000000000000, -50.75000000000012790 ) ) ;
#3553 = ADVANCED_FACE ( 'NONE', ( #1483 ), #842, .F. ) ;
#3554 = CYLINDRICAL_SURFACE ( 'NONE', #3289, 1.500000000000001332 ) ;
#3555 = PRODUCT_DEFINITION_SHAPE ( 'NONE', 'NONE',  #2964 ) ;
#3556 = VERTEX_POINT ( 'NONE', #3139 ) ;
#3557 = EDGE_CURVE ( 'NONE', #1075, #3708, #2653, .T. ) ;
#3558 = CARTESIAN_POINT ( 'NONE',  ( 36.10952922903808116, 16.00000000000000000, -65.24999999999998579 ) ) ;
#3559 = ORIENTED_EDGE ( 'NONE', *, *, #3006, .F. ) ;
#3560 = VERTEX_POINT ( 'NONE', #4207 ) ;
#3561 = CARTESIAN_POINT ( 'NONE',  ( 25.32546594211051882, 14.34237122336599413, -15.53261426905182319 ) ) ;
#3562 = CARTESIAN_POINT ( 'NONE',  ( 87.82842712474624136, 3.171572875253767076, 0.000000000000000000 ) ) ;
#3563 = CARTESIAN_POINT ( 'NONE',  ( 61.25000000000002132, 16.00000000000000000, -59.25000000000000000 ) ) ;
#3564 = ORIENTED_EDGE ( 'NONE', *, *, #2251, .F. ) ;
#3565 = ORIENTED_EDGE ( 'NONE', *, *, #3833, .T. ) ;
#3566 = FACE_OUTER_BOUND ( 'NONE', #4231, .T. ) ;
#3567 = ORIENTED_EDGE ( 'NONE', *, *, #2981, .F. ) ;
#3568 = CARTESIAN_POINT ( 'NONE',  ( 84.98162883070607165, 17.55796977632590838, -2.018371169293988743 ) ) ;
#3569 = CARTESIAN_POINT ( 'NONE',  ( 59.68359684953292543, 19.00000000000000000, -71.37278370505751468 ) ) ;
#3570 = VECTOR ( 'NONE', #3204, 1000.000000000000000 ) ;
#3571 = PLANE ( 'NONE',  #4091 ) ;
#3572 = ORIENTED_EDGE ( 'NONE', *, *, #408, .F. ) ;
#3573 = DIRECTION ( 'NONE',  ( 1.000000000000000000, 0.000000000000000000, -7.189697298024360726E-15 ) ) ;
#3574 = ORIENTED_EDGE ( 'NONE', *, *, #4600, .T. ) ;
#3575 = CARTESIAN_POINT ( 'NONE',  ( 86.51540150368334992, 14.65907198570690184, -15.96357327995441899 ) ) ;
#3576 = CARTESIAN_POINT ( 'NONE',  ( 51.00027951109598945, 19.00000000000000000, -63.85281030084918541 ) ) ;
#3577 = FACE_BOUND ( 'NONE', #1837, .T. ) ;
#3578 = AXIS2_PLACEMENT_3D ( 'NONE', #1931, #1828, #1906 ) ;
#3579 = ORIENTED_EDGE ( 'NONE', *, *, #298, .F. ) ;
#3580 = ORIENTED_EDGE ( 'NONE', *, *, #2259, .F. ) ;
#3581 = EDGE_LOOP ( 'NONE', ( #730, #424 ) ) ;
#3582 = AXIS2_PLACEMENT_3D ( 'NONE', #2542, #4145, #1058 ) ;
#3583 = CARTESIAN_POINT ( 'NONE',  ( 61.85442618414216298, 0.000000000000000000, -76.63277040716165800 ) ) ;
#3584 = EDGE_CURVE ( 'NONE', #4216, #2337, #715, .T. ) ;
#3585 = CYLINDRICAL_SURFACE ( 'NONE', #2289, 1.500000000000001332 ) ;
#3586 = AXIS2_PLACEMENT_3D ( 'NONE', #1757, #4946, #1391 ) ;
#3587 = CARTESIAN_POINT ( 'NONE',  ( 87.45117590509153160, 17.48161713944578466, -0.6287520327590589986 ) ) ;
#3588 = EDGE_LOOP ( 'NONE', ( #475, #404, #4784, #1679, #4878 ) ) ;
#3589 = EDGE_LOOP ( 'NONE', ( #3075, #811, #477, #792 ) ) ;
#3590 = EDGE_CURVE ( 'NONE', #4398, #3728, #2753, .T. ) ;
#3591 = LINE ( 'NONE', #856, #428 ) ;
#3592 = CIRCLE ( 'NONE', #1131, 1.500000000000001332 ) ;
#3593 = DIRECTION ( 'NONE',  ( 0.000000000000000000, 1.000000000000000000, 0.000000000000000000 ) ) ;
#3594 = DIRECTION ( 'NONE',  ( 1.000000000000000000, 0.000000000000000000, 0.000000000000000000 ) ) ;
#3595 = ADVANCED_FACE ( 'NONE', ( #3402 ), #2630, .F. ) ;
#3596 = CARTESIAN_POINT ( 'NONE',  ( 25.61983023272329163, 14.46876430775105504, -52.15286665272838462 ) ) ;
#3597 = AXIS2_PLACEMENT_3D ( 'NONE', #3931, #759, #1984 ) ;
#3598 = ORIENTED_EDGE ( 'NONE', *, *, #3085, .F. ) ;
#3599 = CARTESIAN_POINT ( 'NONE',  ( 89.50000000000002842, 20.00000000000000000, -5.000000000000000000 ) ) ;
#3600 = ORIENTED_EDGE ( 'NONE', *, *, #1939, .T. ) ;
#3601 = CARTESIAN_POINT ( 'NONE',  ( 86.24950741119842235, 14.82450112270930909, -16.91840459161054966 ) ) ;
#3602 = DIRECTION ( 'NONE',  ( 0.000000000000000000, 0.000000000000000000, 1.000000000000000000 ) ) ;
#3603 = CIRCLE ( 'NONE', #4830, 1.500000000000001332 ) ;
#3604 = DIRECTION ( 'NONE',  ( -0.000000000000000000, 1.000000000000000000, -0.000000000000000000 ) ) ;
#3605 = VECTOR ( 'NONE', #3176, 1000.000000000000000 ) ;
#3606 = VECTOR ( 'NONE', #1508, 1000.000000000000000 ) ;
#3607 = ORIENTED_EDGE ( 'NONE', *, *, #1690, .F. ) ;
#3608 = LINE ( 'NONE', #3885, #3221 ) ;
#3609 = CIRCLE ( 'NONE', #4088, 3.000000000000002665 ) ;
#3610 = VECTOR ( 'NONE', #749, 1000.000000000000000 ) ;
#3611 = ORIENTED_EDGE ( 'NONE', *, *, #4178, .F. ) ;
#3612 = ORIENTED_EDGE ( 'NONE', *, *, #3085, .T. ) ;
#3613 = B_SPLINE_CURVE_WITH_KNOTS ( 'NONE', 3,
 ( #4490, #1809, #2502, #994, #3372, #3707 ),
 .UNSPECIFIED., .F., .F.,
 ( 4, 2, 4 ),
 ( 0.000000000000000000, 0.002450130130861788436, 0.004900260261723576871 ),
 .UNSPECIFIED. ) ;
#3614 = CARTESIAN_POINT ( 'NONE',  ( 25.16451076610521653, 14.28204023539094791, -15.49999999999999467 ) ) ;
#3615 = CIRCLE ( 'NONE', #1888, 1.500000000000001332 ) ;
#3616 = ADVANCED_FACE ( 'NONE', ( #433 ), #3781, .F. ) ;
#3617 = DIRECTION ( 'NONE',  ( 0.000000000000000000, 0.000000000000000000, 1.000000000000000000 ) ) ;
#3618 = EDGE_CURVE ( 'NONE', #3867, #4910, #627, .T. ) ;
#3619 = PLANE ( 'NONE',  #4307 ) ;
#3620 = DIRECTION ( 'NONE',  ( 0.000000000000000000, 0.000000000000000000, -1.000000000000000000 ) ) ;
#3621 = EDGE_LOOP ( 'NONE', ( #1660, #2194, #1918, #951 ) ) ;
#3622 = ORIENTED_EDGE ( 'NONE', *, *, #1685, .T. ) ;
#3623 = DIRECTION ( 'NONE',  ( -0.000000000000000000, -1.000000000000000000, -0.000000000000000000 ) ) ;
#3624 = CARTESIAN_POINT ( 'NONE',  ( 51.00027951109598945, 20.00000000000000000, -78.89275710926580132 ) ) ;
#3625 = DIRECTION ( 'NONE',  ( 0.000000000000000000, -1.000000000000000000, 0.000000000000000000 ) ) ;
#3626 = CARTESIAN_POINT ( 'NONE',  ( 32.10952922903808116, 16.00000000000000000, -73.25000000000000000 ) ) ;
#3627 = EDGE_CURVE ( 'NONE', #4292, #138, #2585, .T. ) ;
#3628 = ORIENTED_EDGE ( 'NONE', *, *, #2213, .F. ) ;
#3629 = EDGE_LOOP ( 'NONE', ( #2933, #4839 ) ) ;
#3630 = CARTESIAN_POINT ( 'NONE',  ( 49.47606944541698226, 13.99999999981622167, -59.34743164394954107 ) ) ;
#3631 = ORIENTED_EDGE ( 'NONE', *, *, #1861, .F. ) ;
#3632 = FACE_OUTER_BOUND ( 'NONE', #160, .T. ) ;
#3633 = CARTESIAN_POINT ( 'NONE',  ( 51.01837116929394966, 17.55796977632591194, -2.018371169293988743 ) ) ;
#3634 = CARTESIAN_POINT ( 'NONE',  ( 59.68359684953292543, 20.00000000000000000, -80.39275710926580132 ) ) ;
#3635 = ORIENTED_EDGE ( 'NONE', *, *, #1612, .F. ) ;
#3636 = DIRECTION ( 'NONE',  ( -0.000000000000000000, 1.000000000000000000, -0.000000000000000000 ) ) ;
#3637 =( BOUNDED_SURFACE ( )  B_SPLINE_SURFACE ( 3, 2, ( 
 ( #1128, #3129, #2687 ),
 ( #2738, #3866, #1917 ),
 ( #4296, #798, #2354 ),
 ( #3921, #4704, #421 ),
 ( #34, #1598, #3151 ),
 ( #2488, #3690, #3587 ),
 ( #4404, #570, #132 ),
 ( #193, #4065, #83 ),
 ( #932, #1235, #1648 ),
 ( #4813, #4355, #1336 ) ),
 .UNSPECIFIED., .F., .F., .F. ) 
 B_SPLINE_SURFACE_WITH_KNOTS ( ( 4, 2, 2, 2, 4 ),
 ( 3, 3 ),
 ( 5.044840133334751009, 5.354426426795960481, 5.664012720257169065, 5.973599013718377648, 6.283185307179586232 ),
 ( 0.000000000000000000, 1.000000000000000000 ),
 .UNSPECIFIED. ) 
 GEOMETRIC_REPRESENTATION_ITEM ( )  RATIONAL_B_SPLINE_SURFACE ( (
 ( 1.000000000000000000, 0.7844654354438760357, 1.000000000000000000),
 ( 1.000000000000000000, 0.8064519699204441006, 1.000000000000000000),
 ( 1.000000000000000000, 0.8263157075648237537, 1.000000000000000000),
 ( 1.000000000000000000, 0.8609516939332440000, 1.000000000000000000),
 ( 1.000000000000000000, 0.8757208902681257179, 1.000000000000000000),
 ( 1.000000000000000000, 0.8995755495546231550, 1.000000000000000000),
 ( 1.000000000000000000, 0.9086619574813330491, 1.000000000000000000),
 ( 1.000000000000000000, 0.9208137640434113091, 1.000000000000000000),
 ( 1.000000000000000000, 0.9238830256566670229, 1.000000000000000000),
 ( 1.000000000000000000, 0.9238795325112856283, 1.000000000000000000) ) ) 
 REPRESENTATION_ITEM ( '' )  SURFACE ( )  );
#3638 = ORIENTED_EDGE ( 'NONE', *, *, #4744, .F. ) ;
#3639 = CARTESIAN_POINT ( 'NONE',  ( 25.98459849631667495, 14.65907198570691605, -17.53642672004559699 ) ) ;
#3640 = DIRECTION ( 'NONE',  ( -0.000000000000000000, 1.000000000000000000, 0.000000000000000000 ) ) ;
#3641 = EDGE_CURVE ( 'NONE', #2681, #3556, #4158, .T. ) ;
#3642 = VERTEX_POINT ( 'NONE', #4956 ) ;
#3643 = ORIENTED_EDGE ( 'NONE', *, *, #564, .T. ) ;
#3644 = CARTESIAN_POINT ( 'NONE',  ( 28.50000000000000355, 16.07106781186547551, -55.25000000000000000 ) ) ;
#3645 = LINE ( 'NONE', #472, #1302 ) ;
#3646 = DIRECTION ( 'NONE',  ( 0.000000000000000000, 0.000000000000000000, -1.000000000000000000 ) ) ;
#3647 = CARTESIAN_POINT ( 'NONE',  ( 86.07106781186550393, 13.99999999999999645, -12.67893218813452449 ) ) ;
#3648 = ORIENTED_EDGE ( 'NONE', *, *, #4520, .T. ) ;
#3649 = EDGE_LOOP ( 'NONE', ( #3996, #4785, #2533, #4326 ) ) ;
#3650 = CARTESIAN_POINT ( 'NONE',  ( 89.50000000000002842, 15.00000000000000000, 0.000000000000000000 ) ) ;
#3651 = ORIENTED_EDGE ( 'NONE', *, *, #653, .F. ) ;
#3652 = CARTESIAN_POINT ( 'NONE',  ( 86.25025414586400530, 14.82400935986574098, -16.66037157063371055 ) ) ;
#3653 = CYLINDRICAL_SURFACE ( 'NONE', #5005, 1.500000000000001332 ) ;
#3654 = DIRECTION ( 'NONE',  ( 0.000000000000000000, 0.000000000000000000, -1.000000000000000000 ) ) ;
#3655 = AXIS2_PLACEMENT_3D ( 'NONE', #3384, #3484, #2607 ) ;
#3656 = ADVANCED_FACE ( 'NONE', ( #1452 ), #2476, .T. ) ;
#3657 = VERTEX_POINT ( 'NONE', #3219 ) ;
#3658 = EDGE_CURVE ( 'NONE', #1667, #1120, #4797, .T. ) ;
#3659 = LINE ( 'NONE', #159, #149 ) ;
#3660 = EDGE_CURVE ( 'NONE', #2103, #1288, #4772, .T. ) ;
#3661 = PRESENTATION_LAYER_ASSIGNMENT (  '', '', ( #2343 ) ) ;
#3662 = CIRCLE ( 'NONE', #1447, 1.500000000000001332 ) ;
#3663 = ORIENTED_EDGE ( 'NONE', *, *, #3240, .F. ) ;
#3664 = VECTOR ( 'NONE', #1094, 1000.000000000000000 ) ;
#3665 = DIRECTION ( 'NONE',  ( 0.000000000000000000, 0.000000000000000000, 1.000000000000000000 ) ) ;
#3666 = CARTESIAN_POINT ( 'NONE',  ( 87.29090492061688167, 3.709095079383151194, -9.874122701365203332E-17 ) ) ;
#3667 = ORIENTED_EDGE ( 'NONE', *, *, #4586, .T. ) ;
#3668 = DIRECTION ( 'NONE',  ( 0.000000000000000000, 0.000000000000000000, -1.000000000000000000 ) ) ;
#3669 = CARTESIAN_POINT ( 'NONE',  ( 89.49999999999998579, 15.00000000000000000, -135.0000000000000000 ) ) ;
#3670 = FACE_OUTER_BOUND ( 'NONE', #623, .T. ) ;
#3671 = AXIS2_PLACEMENT_3D ( 'NONE', #267, #4848, #241 ) ;
#3672 = LINE ( 'NONE', #171, #3205 ) ;
#3673 = ORIENTED_EDGE ( 'NONE', *, *, #3807, .F. ) ;
#3674 = DIRECTION ( 'NONE',  ( 1.000000000000000000, 0.000000000000000000, 0.000000000000000000 ) ) ;
#3675 = ORIENTED_EDGE ( 'NONE', *, *, #1720, .F. ) ;
#3676 = DIRECTION ( 'NONE',  ( -0.000000000000000000, 1.000000000000000000, -0.000000000000000000 ) ) ;
#3677 = CARTESIAN_POINT ( 'NONE',  ( 66.19608485336061676, 0.000000000000000000, -75.13277040716165800 ) ) ;
#3678 = AXIS2_PLACEMENT_3D ( 'NONE', #2412, #2106, #3594 ) ;
#3679 = DIRECTION ( 'NONE',  ( 0.000000000000000000, 0.000000000000000000, 1.000000000000000000 ) ) ;
#3680 = AXIS2_PLACEMENT_3D ( 'NONE', #4994, #3360, #4921 ) ;
#3681 = CYLINDRICAL_SURFACE ( 'NONE', #277, 4.999999999999997335 ) ;
#3682 = AXIS2_PLACEMENT_3D ( 'NONE', #3431, #1562, #4208 ) ;
#3683 = ADVANCED_FACE ( 'NONE', ( #2499 ), #153, .F. ) ;
#3684 = ORIENTED_EDGE ( 'NONE', *, *, #4055, .F. ) ;
#3685 = ADVANCED_FACE ( 'NONE', ( #3632 ), #2883, .T. ) ;
#3686 = ORIENTED_EDGE ( 'NONE', *, *, #251, .F. ) ;
#3687 = LINE ( 'NONE', #2484, #877 ) ;
#3688 = CIRCLE ( 'NONE', #924, 1.500000000000001332 ) ;
#3689 = AXIS2_PLACEMENT_3D ( 'NONE', #2737, #1973, #5015 ) ;
#3690 = CARTESIAN_POINT ( 'NONE',  ( 86.57515610534105122, 17.10411146066681098, -0.4248438946611131639 ) ) ;
#3691 = AXIS2_PLACEMENT_3D ( 'NONE', #888, #959, #1293 ) ;
#3692 = ORIENTED_EDGE ( 'NONE', *, *, #2469, .T. ) ;
#3693 = CARTESIAN_POINT ( 'NONE',  ( 87.33644535142215659, 14.28173955033913245, -54.50000000000004974 ) ) ;
#3694 = FACE_OUTER_BOUND ( 'NONE', #1153, .T. ) ;
#3695 = CYLINDRICAL_SURFACE ( 'NONE', #3834, 1.500000000000001332 ) ;
#3696 = CARTESIAN_POINT ( 'NONE',  ( -2.775557561562891351E-14, 15.00000000000000000, -140.0000000000000000 ) ) ;
#3697 = DIRECTION ( 'NONE',  ( 0.000000000000000000, 0.000000000000000000, -1.000000000000000000 ) ) ;
#3698 = ORIENTED_EDGE ( 'NONE', *, *, #1043, .F. ) ;
#3699 = CARTESIAN_POINT ( 'NONE',  ( 66.19608485336061676, 0.000000000000000000, -75.13277040716165800 ) ) ;
#3700 = EDGE_LOOP ( 'NONE', ( #7, #105 ) ) ;
#3701 = CARTESIAN_POINT ( 'NONE',  ( 62.13825332984991690, 14.00000000000277645, -59.24999999998639311 ) ) ;
#3702 = CARTESIAN_POINT ( 'NONE',  ( 61.25000000000002132, 19.00000000000000000, -61.25000000000000000 ) ) ;
#3703 = DIRECTION ( 'NONE',  ( 0.000000000000000000, 0.000000000000000000, -1.000000000000000000 ) ) ;
#3704 = ADVANCED_FACE ( 'NONE', ( #2856 ), #864, .F. ) ;
#3705 = ORIENTED_EDGE ( 'NONE', *, *, #3742, .T. ) ;
#3706 = VECTOR ( 'NONE', #1425, 1000.000000000000000 ) ;
#3707 = CARTESIAN_POINT ( 'NONE',  ( 66.14897948556637175, 19.00000000000000000, -55.25000000000000000 ) ) ;
#3708 = VERTEX_POINT ( 'NONE', #4416 ) ;
#3709 = ORIENTED_EDGE ( 'NONE', *, *, #3788, .F. ) ;
#3710 = DIRECTION ( 'NONE',  ( 0.000000000000000000, 0.000000000000000000, 1.000000000000000000 ) ) ;
#3711 = CARTESIAN_POINT ( 'NONE',  ( 50.82063004097228287, 18.48534676748993988, -2.096611827405092665 ) ) ;
#3712 = EDGE_LOOP ( 'NONE', ( #396, #2355, #794, #2808 ) ) ;
#3713 = DIRECTION ( 'NONE',  ( 0.000000000000000000, 0.000000000000000000, -1.000000000000000000 ) ) ;
#3714 = ADVANCED_FACE ( 'NONE', ( #965 ), #1635, .F. ) ;
#3715 = CARTESIAN_POINT ( 'NONE',  ( 24.00528952674157424, 14.02419972135354342, -54.02463270550077823 ) ) ;
#3716 = VECTOR ( 'NONE', #1140, 1000.000000000000000 ) ;
#3717 = CYLINDRICAL_SURFACE ( 'NONE', #586, 1.500000000000001332 ) ;
#3718 = DIRECTION ( 'NONE',  ( 1.982541115402065110E-16, 0.000000000000000000, 1.000000000000000000 ) ) ;
#3719 = ORIENTED_EDGE ( 'NONE', *, *, #2774, .F. ) ;
#3720 = DIRECTION ( 'NONE',  ( -0.000000000000000000, 1.000000000000000000, -0.000000000000000000 ) ) ;
#3721 = ORIENTED_EDGE ( 'NONE', *, *, #940, .F. ) ;
#3722 = CARTESIAN_POINT ( 'NONE',  ( 66.14897948556637175, 13.99999999999999822, -55.25000000000000000 ) ) ;
#3723 = CARTESIAN_POINT ( 'NONE',  ( 87.81737288620865911, 14.13939801082889147, -17.97007679651400025 ) ) ;
#3724 = DIRECTION ( 'NONE',  ( 0.000000000000000000, 1.000000000000000000, 0.000000000000000000 ) ) ;
#3725 = ORIENTED_EDGE ( 'NONE', *, *, #1835, .T. ) ;
#3726 = CARTESIAN_POINT ( 'NONE',  ( 28.50000000000000355, 19.00000000000000000, -14.75000000000000178 ) ) ;
#3727 = CIRCLE ( 'NONE', #3487, 1.500000000000001332 ) ;
#3728 = VERTEX_POINT ( 'NONE', #1275 ) ;
#3729 = ORIENTED_EDGE ( 'NONE', *, *, #216, .F. ) ;
#3730 = CIRCLE ( 'NONE', #2261, 1.500000000000001332 ) ;
#3731 = DIRECTION ( 'NONE',  ( 0.000000000000000000, 1.000000000000000000, 0.000000000000000000 ) ) ;
#3732 = AXIS2_PLACEMENT_3D ( 'NONE', #1378, #4809, #4497 ) ;
#3733 = ADVANCED_FACE ( 'NONE', ( #1737 ), #2009, .F. ) ;
#3734 = DIRECTION ( 'NONE',  ( 0.000000000000000000, 0.000000000000000000, 1.000000000000000000 ) ) ;
#3735 = EDGE_LOOP ( 'NONE', ( #4570, #1965, #3698, #783 ) ) ;
#3736 = CARTESIAN_POINT ( 'NONE',  ( 55.34193818031445744, 0.000000000000000000, -72.87278370505751468 ) ) ;
#3737 = CARTESIAN_POINT ( 'NONE',  ( 0.000000000000000000, 14.00000000000000000, -6.000000000000000000 ) ) ;
#3738 = CARTESIAN_POINT ( 'NONE',  ( 59.68359684953292543, 19.00000000000000000, -65.35281030084921383 ) ) ;
#3739 = ADVANCED_FACE ( 'NONE', ( #2908 ), #535, .T. ) ;
#3740 = CARTESIAN_POINT ( 'NONE',  ( 66.14897948556637175, 19.00000000000000000, -60.25000000000000000 ) ) ;
#3741 = DIRECTION ( 'NONE',  ( 0.000000000000000000, 0.000000000000000000, -1.000000000000000000 ) ) ;
#3742 = EDGE_CURVE ( 'NONE', #2319, #4209, #2935, .T. ) ;
#3743 = VERTEX_POINT ( 'NONE', #478 ) ;
#3744 = EDGE_CURVE ( 'NONE', #2779, #890, #4053, .T. ) ;
#3745 = DIRECTION ( 'NONE',  ( -2.973811673103097665E-16, 0.000000000000000000, -1.000000000000000000 ) ) ;
#3746 = CIRCLE ( 'NONE', #2190, 1.500000000000001332 ) ;
#3747 = FACE_BOUND ( 'NONE', #1949, .T. ) ;
#3748 = FACE_OUTER_BOUND ( 'NONE', #4017, .T. ) ;
#3749 = CARTESIAN_POINT ( 'NONE',  ( 50.66339045242733619, 18.85299411979560702, -1.663390452428386679 ) ) ;
#3750 = AXIS2_PLACEMENT_3D ( 'NONE', #1249, #2803, #4462 ) ;
#3751 = EDGE_LOOP ( 'NONE', ( #3542, #3348, #2761, #4293 ) ) ;
#3752 = DIRECTION ( 'NONE',  ( 0.000000000000000000, 0.000000000000000000, 1.000000000000000000 ) ) ;
#3753 = AXIS2_PLACEMENT_3D ( 'NONE', #2468, #64, #2798 ) ;
#3754 = DIRECTION ( 'NONE',  ( 0.000000000000000000, 0.000000000000000000, 1.000000000000000000 ) ) ;
#3755 = VERTEX_POINT ( 'NONE', #3298 ) ;
#3756 = ORIENTED_EDGE ( 'NONE', *, *, #1587, .T. ) ;
#3757 = DIRECTION ( 'NONE',  ( -0.000000000000000000, 1.000000000000000000, -0.000000000000000000 ) ) ;
#3758 = EDGE_CURVE ( 'NONE', #109, #2574, #4367, .T. ) ;
#3759 = VECTOR ( 'NONE', #1798, 1000.000000000000000 ) ;
#3760 = LINE ( 'NONE', #4187, #4160 ) ;
#3761 = ORIENTED_EDGE ( 'NONE', *, *, #634, .F. ) ;
#3762 = EDGE_CURVE ( 'NONE', #1100, #4962, #1715, .T. ) ;
#3763 = CARTESIAN_POINT ( 'NONE',  ( 51.00027951109598945, 20.00000000000000000, -63.85281030084918541 ) ) ;
#3764 = AXIS2_PLACEMENT_3D ( 'NONE', #1228, #4919, #3024 ) ;
#3765 = CARTESIAN_POINT ( 'NONE',  ( 61.25000000000002132, 16.00000000000000000, -82.24999999999998579 ) ) ;
#3766 = CARTESIAN_POINT ( 'NONE',  ( 23.91146753905952238, 14.01654495551316870, -52.61356552965956013 ) ) ;
#3767 = ADVANCED_FACE ( 'NONE', ( #2185, #3747, #248 ), #1031, .T. ) ;
#3768 = DIRECTION ( 'NONE',  ( -0.000000000000000000, 1.000000000000000000, -0.000000000000000000 ) ) ;
#3769 = DIRECTION ( 'NONE',  ( -1.000000000000000000, 0.000000000000000000, 7.022495035279608720E-15 ) ) ;
#3770 = AXIS2_PLACEMENT_3D ( 'NONE', #4284, #3604, #1555 ) ;
#3771 = ORIENTED_EDGE ( 'NONE', *, *, #3148, .T. ) ;
#3772 = DIRECTION ( 'NONE',  ( 0.000000000000000000, -1.000000000000000000, 0.000000000000000000 ) ) ;
#3773 = CARTESIAN_POINT ( 'NONE',  ( 65.33208773052882634, 18.99999999577709531, -55.25000000000000000 ) ) ;
#3774 = DIRECTION ( 'NONE',  ( 1.000000000000000000, 0.000000000000000000, -7.189697298024360726E-15 ) ) ;
#3775 = CARTESIAN_POINT ( 'NONE',  ( 86.07106781186550393, 13.99999999999999645, -57.32106781186546840 ) ) ;
#3776 = ORIENTED_EDGE ( 'NONE', *, *, #4902, .F. ) ;
#3777 = DIRECTION ( 'NONE',  ( 0.000000000000000000, 0.000000000000000000, 1.000000000000000000 ) ) ;
#3778 = LINE ( 'NONE', #4951, #2590 ) ;
#3779 = ORIENTED_EDGE ( 'NONE', *, *, #4841, .F. ) ;
#3780 = ORIENTED_EDGE ( 'NONE', *, *, #945, .F. ) ;
#3781 = CYLINDRICAL_SURFACE ( 'NONE', #387, 3.000000000000002665 ) ;
#3782 = AXIS2_PLACEMENT_3D ( 'NONE', #209, #2888, #4127 ) ;
#3783 = DIRECTION ( 'NONE',  ( -0.000000000000000000, 1.000000000000000000, -0.000000000000000000 ) ) ;
#3784 = ORIENTED_EDGE ( 'NONE', *, *, #2210, .F. ) ;
#3785 = DIRECTION ( 'NONE',  ( 0.000000000000000000, 0.000000000000000000, 1.000000000000000000 ) ) ;
#3786 = CARTESIAN_POINT ( 'NONE',  ( 48.82945017648675190, 20.00000000000000000, -69.11279700295332873 ) ) ;
#3787 = FACE_OUTER_BOUND ( 'NONE', #4636, .T. ) ;
#3788 = EDGE_CURVE ( 'NONE', #1595, #1613, #1224, .T. ) ;
#3789 = PLANE ( 'NONE',  #3929 ) ;
#3790 = AXIS2_PLACEMENT_3D ( 'NONE', #2235, #3849, #296 ) ;
#3791 =( BOUNDED_CURVE ( )  B_SPLINE_CURVE ( 3, ( #718, #3069, #5038, #1154 ),
 .UNSPECIFIED., .F., .F. ) 
 B_SPLINE_CURVE_WITH_KNOTS ( ( 4, 4 ),
 ( 2.120543599601586227, 3.141592653589795781 ),
 .UNSPECIFIED. ) 
 CURVE ( )  GEOMETRIC_REPRESENTATION_ITEM ( )  RATIONAL_B_SPLINE_CURVE ( ( 1.000000000000000000, 0.9149922169700831498, 0.9149922169700831498, 1.000000000000000000 ) ) 
 REPRESENTATION_ITEM ( '' )  );
#3792 = ORIENTED_EDGE ( 'NONE', *, *, #1919, .F. ) ;
#3793 = CARTESIAN_POINT ( 'NONE',  ( -2.626866977907736502E-14, 15.00000000000000000, -132.5000000000000000 ) ) ;
#3794 = CARTESIAN_POINT ( 'NONE',  ( 24.24031446428935510, 14.05369295432310750, -15.74373521747984839 ) ) ;
#3795 = CARTESIAN_POINT ( 'NONE',  ( 57.51276751492369499, 0.000000000000000000, -75.13277040716165800 ) ) ;
#3796 = CARTESIAN_POINT ( 'NONE',  ( 33.00000000000014211, 19.00000000000000000, -16.24999999999982592 ) ) ;
#3797 = CARTESIAN_POINT ( 'NONE',  ( 88.11669133324265601, 14.07815614479049060, -54.34034060709200986 ) ) ;
#3798 = ORIENTED_EDGE ( 'NONE', *, *, #945, .T. ) ;
#3799 = LINE ( 'NONE', #2291, #4116 ) ;
#3800 = FACE_OUTER_BOUND ( 'NONE', #1185, .T. ) ;
#3801 = EDGE_CURVE ( 'NONE', #534, #4216, #2851, .T. ) ;
#3802 = ORIENTED_EDGE ( 'NONE', *, *, #117, .T. ) ;
#3803 = ADVANCED_FACE ( 'NONE', ( #3391 ), #4846, .T. ) ;
#3804 = EDGE_LOOP ( 'NONE', ( #2711, #4824 ) ) ;
#3805 = EDGE_CURVE ( 'NONE', #4030, #62, #642, .T. ) ;
#3806 = DIRECTION ( 'NONE',  ( 1.000000000000000000, -0.000000000000000000, 0.000000000000000000 ) ) ;
#3807 = EDGE_CURVE ( 'NONE', #909, #2426, #4174, .T. ) ;
#3808 = B_SPLINE_CURVE_WITH_KNOTS ( 'NONE', 3,
 ( #3358, #1384, #4115, #618, #4819, #198, #547, #4890, #2920, #2176, #3766, #2876, #597, #1750, #4432, #2154, #1318, #3293, #3715, #1412, #3332, #2129, #2972, #2105, #4504, #937 ),
 .UNSPECIFIED., .F., .F.,
 ( 4, 2, 2, 2, 2, 2, 2, 2, 2, 2, 2, 2, 4 ),
 ( 0.004167125062266634379, 0.004413506141940830817, 0.004659887221615026387, 0.004906268301289222825, 0.005152649380963418395, 0.005645411540311802596, 0.005891792619985983422, 0.006138173699660163379, 0.006630935859008525030, 0.007123698018356885812, 0.007370079098031065770, 0.007616460177705246595, 0.008109222337053608246 ),
 .UNSPECIFIED. ) ;
#3809 = DIRECTION ( 'NONE',  ( 0.000000000000000000, -1.000000000000000000, 0.000000000000000000 ) ) ;
#3810 = ORIENTED_EDGE ( 'NONE', *, *, #1720, .T. ) ;
#3811 = AXIS2_PLACEMENT_3D ( 'NONE', #2072, #1692, #4322 ) ;
#3812 = CYLINDRICAL_SURFACE ( 'NONE', #4790, 2.000000000000000000 ) ;
#3813 = FILL_AREA_STYLE_COLOUR ( '', #4545 ) ;
#3814 = CYLINDRICAL_SURFACE ( 'NONE', #3655, 1.500000000000001332 ) ;
#3815 = CARTESIAN_POINT ( 'NONE',  ( 40.57292174796869944, 16.00000000000000000, -65.25000000000000000 ) ) ;
#3816 = CARTESIAN_POINT ( 'NONE',  ( 51.25000000000001421, 19.00000000000000000, -71.75000000000000000 ) ) ;
#3817 = VECTOR ( 'NONE', #4249, 1000.000000000000000 ) ;
#3818 = ORIENTED_EDGE ( 'NONE', *, *, #1251, .F. ) ;
#3819 = AXIS2_PLACEMENT_3D ( 'NONE', #3552, #21, #4366 ) ;
#3820 = FACE_BOUND ( 'NONE', #1138, .T. ) ;
#3821 = CARTESIAN_POINT ( 'NONE',  ( 24.84168528759328609, 14.18051631918148558, -15.49999999999999822 ) ) ;
#3822 = DIRECTION ( 'NONE',  ( 0.000000000000000000, 0.000000000000000000, 1.000000000000000000 ) ) ;
#3823 = CARTESIAN_POINT ( 'NONE',  ( 61.25000000000002132, 14.00000000000000000, -71.75000000000000000 ) ) ;
#3824 = VERTEX_POINT ( 'NONE', #4560 ) ;
#3825 = FACE_OUTER_BOUND ( 'NONE', #903, .T. ) ;
#3826 = LINE ( 'NONE', #1526, #961 ) ;
#3827 = VECTOR ( 'NONE', #1893, 1000.000000000000000 ) ;
#3828 = DIRECTION ( 'NONE',  ( 0.000000000000000000, -1.000000000000000000, 0.000000000000000000 ) ) ;
#3829 = ORIENTED_EDGE ( 'NONE', *, *, #762, .F. ) ;
#3830 = CIRCLE ( 'NONE', #1637, 1.500000000000001332 ) ;
#3831 = EDGE_LOOP ( 'NONE', ( #2401, #2287, #2647, #4870 ) ) ;
#3832 = LINE ( 'NONE', #1813, #3981 ) ;
#3833 = EDGE_CURVE ( 'NONE', #3949, #3016, #3266, .T. ) ;
#3834 = AXIS2_PLACEMENT_3D ( 'NONE', #199, #1751, #2316 ) ;
#3835 = DIRECTION ( 'NONE',  ( -1.000000000000000000, 0.000000000000000000, 0.000000000000000000 ) ) ;
#3836 = ADVANCED_FACE ( 'NONE', ( #2617 ), #2565, .F. ) ;
#3837 = ORIENTED_EDGE ( 'NONE', *, *, #3963, .T. ) ;
#3838 = DIRECTION ( 'NONE',  ( 0.000000000000000000, 1.000000000000000000, 0.000000000000000000 ) ) ;
#3839 = LINE ( 'NONE', #1383, #1698 ) ;
#3840 = DIRECTION ( 'NONE',  ( 0.000000000000000000, 0.000000000000000000, 1.000000000000000000 ) ) ;
#3841 = CIRCLE ( 'NONE', #4488, 3.000000000000002665 ) ;
#3842 = DIRECTION ( 'NONE',  ( 0.000000000000000000, 0.000000000000000000, -1.000000000000000000 ) ) ;
#3843 = DIRECTION ( 'NONE',  ( 0.000000000000000000, 0.000000000000000000, -1.000000000000000000 ) ) ;
#3844 = CIRCLE ( 'NONE', #2456, 1.500000000000001332 ) ;
#3845 = ORIENTED_EDGE ( 'NONE', *, *, #2266, .T. ) ;
#3846 = FACE_BOUND ( 'NONE', #1517, .T. ) ;
#3847 = CARTESIAN_POINT ( 'NONE',  ( 23.75002047637801184, 14.00625493624157691, -16.58519986694452797 ) ) ;
#3848 = CARTESIAN_POINT ( 'NONE',  ( 44.48779150726828391, 19.00000000000000000, -66.11279700295332873 ) ) ;
#3849 = DIRECTION ( 'NONE',  ( -1.000000000000000000, 0.000000000000000000, 2.973811673103097665E-16 ) ) ;
#3850 = AXIS2_PLACEMENT_3D ( 'NONE', #3086, #3115, #3939 ) ;
#3851 = CARTESIAN_POINT ( 'NONE',  ( 25.00000000000001066, 14.23030399291527104, -54.49999999999999289 ) ) ;
#3852 = ORIENTED_EDGE ( 'NONE', *, *, #4931, .T. ) ;
#3853 = CARTESIAN_POINT ( 'NONE',  ( 5.999999999999973355, 14.00000000000000000, -134.0000000000000000 ) ) ;
#3854 = AXIS2_PLACEMENT_3D ( 'NONE', #3213, #939, #3697 ) ;
#3855 = CARTESIAN_POINT ( 'NONE',  ( 36.10952922903808116, 14.00000000000000000, -75.25000000000000000 ) ) ;
#3856 = DIRECTION ( 'NONE',  ( -0.000000000000000000, 1.000000000000000000, -0.000000000000000000 ) ) ;
#3857 = ADVANCED_FACE ( 'NONE', ( #3417 ), #3183, .T. ) ;
#3858 = ORIENTED_EDGE ( 'NONE', *, *, #3744, .F. ) ;
#3859 = ORIENTED_EDGE ( 'NONE', *, *, #589, .F. ) ;
#3860 = CARTESIAN_POINT ( 'NONE',  ( 51.00027951109598945, 20.00000000000000000, -62.35281030084918541 ) ) ;
#3861 = ORIENTED_EDGE ( 'NONE', *, *, #4869, .F. ) ;
#3862 = CARTESIAN_POINT ( 'NONE',  ( 66.19608485336061676, 19.00000000000000000, -75.13277040716165800 ) ) ;
#3863 = DIRECTION ( 'NONE',  ( 0.000000000000000000, -1.000000000000000000, -0.000000000000000000 ) ) ;
#3864 = CARTESIAN_POINT ( 'NONE',  ( 57.51276751492369499, 0.000000000000000000, -67.61279700295335715 ) ) ;
#3865 = LINE ( 'NONE', #4271, #740 ) ;
#3866 = CARTESIAN_POINT ( 'NONE',  ( 85.00573238963173139, 19.13652136220206401, -1.994267610373177346 ) ) ;
#3867 = VERTEX_POINT ( 'NONE', #1471 ) ;
#3868 = FACE_OUTER_BOUND ( 'NONE', #3531, .T. ) ;
#3869 = ORIENTED_EDGE ( 'NONE', *, *, #2902, .T. ) ;
#3870 = CARTESIAN_POINT ( 'NONE',  ( 23.91075959376292204, 14.01649239877562536, -16.11502911628871360 ) ) ;
#3871 = DIRECTION ( 'NONE',  ( -1.000000000000000000, -0.000000000000000000, -0.000000000000000000 ) ) ;
#3872 = DIRECTION ( 'NONE',  ( 0.000000000000000000, -1.000000000000000000, 0.000000000000000000 ) ) ;
#3873 = LINE ( 'NONE', #1166, #2139 ) ;
#3874 = ORIENTED_EDGE ( 'NONE', *, *, #2118, .T. ) ;
#3875 = CARTESIAN_POINT ( 'NONE',  ( 44.48779150726828391, 20.00000000000000000, -69.11279700295332873 ) ) ;
#3876 = CARTESIAN_POINT ( 'NONE',  ( 51.25000000000001421, 16.00000000000000000, -71.75000000000000000 ) ) ;
#3877 = DIRECTION ( 'NONE',  ( 3.426614273534433207E-16, 0.000000000000000000, -1.000000000000000000 ) ) ;
#3878 = EDGE_LOOP ( 'NONE', ( #2562, #4193, #4706, #3082 ) ) ;
#3879 = ORIENTED_EDGE ( 'NONE', *, *, #4203, .T. ) ;
#3880 = DIRECTION ( 'NONE',  ( 0.000000000000000000, 1.000000000000000000, 0.000000000000000000 ) ) ;
#3881 = ORIENTED_EDGE ( 'NONE', *, *, #1036, .T. ) ;
#3882 = EDGE_LOOP ( 'NONE', ( #3580, #2800 ) ) ;
#3883 = DIRECTION ( 'NONE',  ( 0.000000000000000000, 0.000000000000000000, 1.000000000000000000 ) ) ;
#3884 = ADVANCED_FACE ( 'NONE', ( #3317 ), #4874, .F. ) ;
#3885 = CARTESIAN_POINT ( 'NONE',  ( 40.57292174796869944, 19.00000000000000000, -67.25000000000000000 ) ) ;
#3886 = CARTESIAN_POINT ( 'NONE',  ( 51.25000000000001421, 16.00000000000000000, -71.75000000000000000 ) ) ;
#3887 = FACE_OUTER_BOUND ( 'NONE', #311, .T. ) ;
#3888 = DIRECTION ( 'NONE',  ( 0.000000000000000000, 0.000000000000000000, 1.000000000000000000 ) ) ;
#3889 = CIRCLE ( 'NONE', #3811, 12.49999999999999645 ) ;
#3890 = ORIENTED_EDGE ( 'NONE', *, *, #408, .T. ) ;
#3891 = ORIENTED_EDGE ( 'NONE', *, *, #4760, .T. ) ;
#3892 = EDGE_CURVE ( 'NONE', #4209, #2319, #2598, .T. ) ;
#3893 = DIRECTION ( 'NONE',  ( 0.000000000000000000, -1.000000000000000000, 0.000000000000000000 ) ) ;
#3894 = CARTESIAN_POINT ( 'NONE',  ( 23.91892222498743337, 14.01736478869984737, -17.38288681808656477 ) ) ;
#3895 = CARTESIAN_POINT ( 'NONE',  ( 55.34193818031445744, 19.00000000000000000, -62.35281030084921383 ) ) ;
#3896 = AXIS2_PLACEMENT_3D ( 'NONE', #613, #234, #541 ) ;
#3897 = CARTESIAN_POINT ( 'NONE',  ( 51.00027951109598945, 0.000000000000000000, -63.85281030084918541 ) ) ;
#3898 = EDGE_CURVE ( 'NONE', #1475, #3642, #2358, .T. ) ;
#3899 = EDGE_CURVE ( 'NONE', #67, #487, #1350, .T. ) ;
#3900 = VERTEX_POINT ( 'NONE', #4999 ) ;
#3901 = CIRCLE ( 'NONE', #2705, 1.500000000000001332 ) ;
#3902 = DIRECTION ( 'NONE',  ( 0.000000000000000000, -0.000000000000000000, 1.000000000000000000 ) ) ;
#3903 = VERTEX_POINT ( 'NONE', #4661 ) ;
#3904 = DIRECTION ( 'NONE',  ( 0.000000000000000000, -1.000000000000000000, 0.000000000000000000 ) ) ;
#3905 = ADVANCED_FACE ( 'NONE', ( #1498 ), #2256, .F. ) ;
#3906 = DIRECTION ( 'NONE',  ( 0.000000000000000000, 0.000000000000000000, -1.000000000000000000 ) ) ;
#3907 = VERTEX_POINT ( 'NONE', #3895 ) ;
#3908 = EDGE_LOOP ( 'NONE', ( #1678, #5008 ) ) ;
#3909 = AXIS2_PLACEMENT_3D ( 'NONE', #1953, #2691, #1845 ) ;
#3910 = CARTESIAN_POINT ( 'NONE',  ( 25.00000000000001421, 14.23030399291523551, -18.00000000000015277 ) ) ;
#3911 = AXIS2_PLACEMENT_3D ( 'NONE', #1577, #1520, #2692 ) ;
#3912 = ORIENTED_EDGE ( 'NONE', *, *, #3286, .T. ) ;
#3913 = ADVANCED_FACE ( 'NONE', ( #12 ), #804, .T. ) ;
#3914 = ORIENTED_EDGE ( 'NONE', *, *, #3388, .F. ) ;
#3915 = ADVANCED_FACE ( 'NONE', ( #4278 ), #372, .T. ) ;
#3916 = EDGE_CURVE ( 'NONE', #950, #3093, #3134, .T. ) ;
#3917 = CARTESIAN_POINT ( 'NONE',  ( 51.00027951109598945, 19.00000000000000000, -71.37278370505751468 ) ) ;
#3918 = AXIS2_PLACEMENT_3D ( 'NONE', #4007, #479, #1250 ) ;
#3919 = FACE_OUTER_BOUND ( 'NONE', #666, .T. ) ;
#3920 = CARTESIAN_POINT ( 'NONE',  ( 57.51276751492369499, 19.00000000000000000, -75.13277040716165800 ) ) ;
#3921 = CARTESIAN_POINT ( 'NONE',  ( 85.45863949030294293, 17.21724294928139898, -1.541360509697127901 ) ) ;
#3922 = EDGE_CURVE ( 'NONE', #603, #3943, #4075, .T. ) ;
#3923 = EDGE_LOOP ( 'NONE', ( #4897, #1048 ) ) ;
#3924 = ORIENTED_EDGE ( 'NONE', *, *, #1554, .F. ) ;
#3925 = DIRECTION ( 'NONE',  ( 0.000000000000000000, 0.000000000000000000, 1.000000000000000000 ) ) ;
#3926 = FACE_BOUND ( 'NONE', #1272, .T. ) ;
#3927 = DIRECTION ( 'NONE',  ( 0.000000000000000000, 1.000000000000000000, 0.000000000000000000 ) ) ;
#3928 = DIRECTION ( 'NONE',  ( 0.000000000000000000, 0.000000000000000000, -1.000000000000000000 ) ) ;
#3929 = AXIS2_PLACEMENT_3D ( 'NONE', #4556, #3334, #3769 ) ;
#3930 = VERTEX_POINT ( 'NONE', #4688 ) ;
#3931 = CARTESIAN_POINT ( 'NONE',  ( 89.49999999999998579, 20.00000000000000000, -132.5000000000000000 ) ) ;
#3932 = ORIENTED_EDGE ( 'NONE', *, *, #4434, .T. ) ;
#3933 = DIRECTION ( 'NONE',  ( 1.387778780781450211E-15, -0.000000000000000000, 1.000000000000000000 ) ) ;
#3934 = DIRECTION ( 'NONE',  ( 0.000000000000000000, 0.000000000000000000, -1.000000000000000000 ) ) ;
#3935 =( BOUNDED_CURVE ( )  B_SPLINE_CURVE ( 3, ( #2563, #4120, #4531, #2588 ),
 .UNSPECIFIED., .F., .F. ) 
 B_SPLINE_CURVE_WITH_KNOTS ( ( 4, 4 ),
 ( 2.356194490192341728, 3.005948400566289980 ),
 .UNSPECIFIED. ) 
 CURVE ( )  GEOMETRIC_REPRESENTATION_ITEM ( )  RATIONAL_B_SPLINE_CURVE ( ( 1.000000000000000000, 0.9651266723538942660, 0.9651266723538942660, 1.000000000000000000 ) ) 
 REPRESENTATION_ITEM ( '' )  );
#3936 = CIRCLE ( 'NONE', #1155, 1.500000000000001332 ) ;
#3937 = AXIS2_PLACEMENT_3D ( 'NONE', #2357, #3154, #3997 ) ;
#3938 = EDGE_CURVE ( 'NONE', #4707, #417, #1867, .T. ) ;
#3939 = DIRECTION ( 'NONE',  ( 0.000000000000000000, 0.000000000000000000, 1.000000000000000000 ) ) ;
#3940 = AXIS2_PLACEMENT_3D ( 'NONE', #1977, #3543, #1410 ) ;
#3941 = ORIENTED_EDGE ( 'NONE', *, *, #2485, .T. ) ;
#3942 = CARTESIAN_POINT ( 'NONE',  ( 57.51276751492369499, 0.000000000000000000, -73.63277040716165800 ) ) ;
#3943 = VERTEX_POINT ( 'NONE', #1190 ) ;
#3944 = ORIENTED_EDGE ( 'NONE', *, *, #190, .F. ) ;
#3945 = CARTESIAN_POINT ( 'NONE',  ( 26.08030883175387871, 14.71653687804515265, -17.40024526975909680 ) ) ;
#3946 = CIRCLE ( 'NONE', #3043, 1.249999999999997558 ) ;
#3947 = DIRECTION ( 'NONE',  ( 0.000000000000000000, 0.000000000000000000, 1.000000000000000000 ) ) ;
#3948 = CARTESIAN_POINT ( 'NONE',  ( 53.17110884570521989, 19.00000000000000000, -75.13277040716165800 ) ) ;
#3949 = VERTEX_POINT ( 'NONE', #1164 ) ;
#3950 = ORIENTED_EDGE ( 'NONE', *, *, #3327, .F. ) ;
#3951 = DIRECTION ( 'NONE',  ( -1.000000000000000000, -0.000000000000000000, -0.000000000000000000 ) ) ;
#3952 = DIRECTION ( 'NONE',  ( 0.000000000000000000, -1.000000000000000000, 0.000000000000000000 ) ) ;
#3953 = DIRECTION ( 'NONE',  ( 0.000000000000000000, -1.000000000000000000, -0.000000000000000000 ) ) ;
#3954 = ADVANCED_FACE ( 'NONE', ( #2722 ), #780, .F. ) ;
#3955 = DIRECTION ( 'NONE',  ( -0.000000000000000000, 1.000000000000000000, -0.000000000000000000 ) ) ;
#3956 = VERTEX_POINT ( 'NONE', #2335 ) ;
#3957 = DIRECTION ( 'NONE',  ( -1.000000000000000000, 0.000000000000000000, 7.022495035279607931E-15 ) ) ;
#3958 = ORIENTED_EDGE ( 'NONE', *, *, #2523, .T. ) ;
#3959 = CARTESIAN_POINT ( 'NONE',  ( 53.17110884570521989, 0.000000000000000000, -69.11279700295335715 ) ) ;
#3960 = CARTESIAN_POINT ( 'NONE',  ( 74.50000000000009948, 19.00000000000000000, -19.25000000000012790 ) ) ;
#3961 = ORIENTED_EDGE ( 'NONE', *, *, #1787, .T. ) ;
#3962 = AXIS2_PLACEMENT_3D ( 'NONE', #3576, #3904, #1961 ) ;
#3963 = EDGE_CURVE ( 'NONE', #1613, #1595, #3592, .T. ) ;
#3964 = EDGE_CURVE ( 'NONE', #2031, #2167, #4219, .T. ) ;
#3965 = EDGE_LOOP ( 'NONE', ( #2863, #4364, #3189, #3000 ) ) ;
#3966 = EDGE_CURVE ( 'NONE', #1827, #4622, #4712, .T. ) ;
#3967 = EDGE_LOOP ( 'NONE', ( #4074, #3912, #4595, #3995 ) ) ;
#3968 = DIRECTION ( 'NONE',  ( 0.000000000000000000, 1.000000000000000000, 0.000000000000000000 ) ) ;
#3969 = DIRECTION ( 'NONE',  ( -0.7071067811865515695, -1.962615573354729941E-15, -0.7071067811865434649 ) ) ;
#3970 = DIRECTION ( 'NONE',  ( 2.973811673103097665E-16, -0.000000000000000000, 1.000000000000000000 ) ) ;
#3971 = EDGE_LOOP ( 'NONE', ( #2918, #2231 ) ) ;
#3972 = VERTEX_POINT ( 'NONE', #4248 ) ;
#3973 = DIRECTION ( 'NONE',  ( 0.000000000000000000, 0.000000000000000000, 1.000000000000000000 ) ) ;
#3974 = FACE_OUTER_BOUND ( 'NONE', #1323, .T. ) ;
#3975 = CARTESIAN_POINT ( 'NONE',  ( 28.50000000000000355, 19.00000000000000000, -14.75000000000000178 ) ) ;
#3976 = CIRCLE ( 'NONE', #2258, 1.500000000000001332 ) ;
#3977 = CYLINDRICAL_SURFACE ( 'NONE', #588, 1.500000000000001332 ) ;
#3978 = EDGE_LOOP ( 'NONE', ( #4348, #3845, #127, #453 ) ) ;
#3979 = DIRECTION ( 'NONE',  ( -0.000000000000000000, 1.000000000000000000, -0.000000000000000000 ) ) ;
#3980 = ORIENTED_EDGE ( 'NONE', *, *, #1012, .F. ) ;
#3981 = VECTOR ( 'NONE', #1608, 1000.000000000000000 ) ;
#3982 = DIRECTION ( 'NONE',  ( -0.000000000000000000, 1.000000000000000000, -0.000000000000000000 ) ) ;
#3983 = CARTESIAN_POINT ( 'NONE',  ( 32.99999999999990763, 19.00000000000000000, -50.74999999999983658 ) ) ;
#3984 = LINE ( 'NONE', #2162, #4988 ) ;
#3985 = ORIENTED_EDGE ( 'NONE', *, *, #2741, .F. ) ;
#3986 = CARTESIAN_POINT ( 'NONE',  ( 61.85442618414216298, 0.000000000000000000, -67.61279700295335715 ) ) ;
#3987 = ORIENTED_EDGE ( 'NONE', *, *, #3363, .F. ) ;
#3988 = ORIENTED_EDGE ( 'NONE', *, *, #129, .T. ) ;
#3989 = VECTOR ( 'NONE', #1026, 1000.000000000000114 ) ;
#3990 = CARTESIAN_POINT ( 'NONE',  ( 25.00000000000001421, 14.23030399291523551, -18.00000000000015277 ) ) ;
#3991 = EDGE_CURVE ( 'NONE', #628, #41, #2643, .T. ) ;
#3992 = PLANE ( 'NONE',  #4010 ) ;
#3993 = AXIS2_PLACEMENT_3D ( 'NONE', #2034, #1326, #4441 ) ;
#3994 = DIRECTION ( 'NONE',  ( 0.000000000000000000, -1.000000000000000000, -0.000000000000000000 ) ) ;
#3995 = ORIENTED_EDGE ( 'NONE', *, *, #3284, .T. ) ;
#3996 = ORIENTED_EDGE ( 'NONE', *, *, #3149, .T. ) ;
#3997 = DIRECTION ( 'NONE',  ( 0.000000000000000000, 0.000000000000000000, -1.000000000000000000 ) ) ;
#3998 = CARTESIAN_POINT ( 'NONE',  ( 54.00000000000002132, 14.00000000000000000, -6.000000000000000000 ) ) ;
#3999 = DIRECTION ( 'NONE',  ( 0.000000000000000000, 0.000000000000000000, -1.000000000000000000 ) ) ;
#4000 = DIRECTION ( 'NONE',  ( 0.000000000000000000, -1.000000000000000000, 0.000000000000000000 ) ) ;
#4001 = AXIS2_PLACEMENT_3D ( 'NONE', #2183, #3315, #4172 ) ;
#4002 = ORIENTED_EDGE ( 'NONE', *, *, #1527, .F. ) ;
#4003 = ORIENTED_EDGE ( 'NONE', *, *, #2177, .T. ) ;
#4004 = CARTESIAN_POINT ( 'NONE',  ( 55.34193818031445744, 20.00000000000000000, -72.87278370505751468 ) ) ;
#4005 = ORIENTED_EDGE ( 'NONE', *, *, #1560, .F. ) ;
#4006 = CARTESIAN_POINT ( 'NONE',  ( 44.48779150726828391, 20.00000000000000000, -67.61279700295332873 ) ) ;
#4007 = CARTESIAN_POINT ( 'NONE',  ( 59.68359684953292543, 19.00000000000000000, -63.85281030084921383 ) ) ;
#4008 = AXIS2_PLACEMENT_3D ( 'NONE', #881, #493, #3620 ) ;
#4009 = DIRECTION ( 'NONE',  ( 0.000000000000000000, 0.000000000000000000, -1.000000000000000000 ) ) ;
#4010 = AXIS2_PLACEMENT_3D ( 'NONE', #1647, #3969, #1260 ) ;
#4011 = AXIS2_PLACEMENT_3D ( 'NONE', #1485, #3880, #4598 ) ;
#4012 = VERTEX_POINT ( 'NONE', #3848 ) ;
#4013 = CARTESIAN_POINT ( 'NONE',  ( 49.58578643762691485, 4.585786437626856227, -0.5857864376269099616 ) ) ;
#4014 = ADVANCED_FACE ( 'NONE', ( #3237 ), #4789, .T. ) ;
#4015 = AXIS2_PLACEMENT_3D ( 'NONE', #4080, #4877, #3679 ) ;
#4016 = VECTOR ( 'NONE', #2817, 1000.000000000000000 ) ;
#4017 = EDGE_LOOP ( 'NONE', ( #2380, #2777, #2168, #2479 ) ) ;
#4018 = ORIENTED_EDGE ( 'NONE', *, *, #4975, .F. ) ;
#4019 = CARTESIAN_POINT ( 'NONE',  ( 59.68359684953292543, 19.00000000000000000, -63.85281030084921383 ) ) ;
#4020 = DIRECTION ( 'NONE',  ( 0.000000000000000000, 0.000000000000000000, -1.000000000000000000 ) ) ;
#4021 = DIRECTION ( 'NONE',  ( 0.000000000000000000, 0.000000000000000000, -1.000000000000000000 ) ) ;
#4022 = ORIENTED_EDGE ( 'NONE', *, *, #2210, .T. ) ;
#4023 = VERTEX_POINT ( 'NONE', #2390 ) ;
#4024 = FACE_BOUND ( 'NONE', #3971, .T. ) ;
#4025 = CARTESIAN_POINT ( 'NONE',  ( 51.25000000000001421, 18.89897948556635754, -60.25000000000000000 ) ) ;
#4026 = CARTESIAN_POINT ( 'NONE',  ( 42.31696217265903925, 20.00000000000000000, -72.87278370505748626 ) ) ;
#4027 = EDGE_CURVE ( 'NONE', #4038, #2550, #1859, .T. ) ;
#4028 = EDGE_CURVE ( 'NONE', #4063, #2339, #2276, .T. ) ;
#4029 = ORIENTED_EDGE ( 'NONE', *, *, #1723, .T. ) ;
#4030 = VERTEX_POINT ( 'NONE', #473 ) ;
#4031 = CARTESIAN_POINT ( 'NONE',  ( 42.31696217265903925, 19.00000000000000000, -71.37278370505748626 ) ) ;
#4032 = EDGE_LOOP ( 'NONE', ( #3242, #2473 ) ) ;
#4033 = EDGE_CURVE ( 'NONE', #4515, #1075, #3830, .T. ) ;
#4034 = CARTESIAN_POINT ( 'NONE',  ( 25.00000000000001066, 19.00000000000000000, -51.99999999999999289 ) ) ;
#4035 = DIRECTION ( 'NONE',  ( -0.000000000000000000, 1.000000000000000000, -0.000000000000000000 ) ) ;
#4036 = CIRCLE ( 'NONE', #2482, 1.500000000000001332 ) ;
#4037 = FACE_OUTER_BOUND ( 'NONE', #3712, .T. ) ;
#4038 = VERTEX_POINT ( 'NONE', #836 ) ;
#4039 = LINE ( 'NONE', #2302, #1500 ) ;
#4040 = ORIENTED_EDGE ( 'NONE', *, *, #2101, .F. ) ;
#4041 = CARTESIAN_POINT ( 'NONE',  ( 64.02525551875139342, 0.000000000000000000, -80.39275710926580132 ) ) ;
#4042 = FACE_OUTER_BOUND ( 'NONE', #292, .T. ) ;
#4043 = CARTESIAN_POINT ( 'NONE',  ( 64.02525551875139342, 0.000000000000000000, -77.39275710926580132 ) ) ;
#4044 = ORIENTED_EDGE ( 'NONE', *, *, #4402, .T. ) ;
#4045 = DIRECTION ( 'NONE',  ( 0.000000000000000000, 0.000000000000000000, -1.000000000000000000 ) ) ;
#4046 = DIRECTION ( 'NONE',  ( 0.000000000000000000, 0.000000000000000000, 1.000000000000000000 ) ) ;
#4047 = LINE ( 'NONE', #3294, #5058 ) ;
#4048 = CARTESIAN_POINT ( 'NONE',  ( 64.02525551875139342, 19.00000000000000000, -62.35281030084921383 ) ) ;
#4049 = EDGE_LOOP ( 'NONE', ( #2612, #3249, #4596, #2000 ) ) ;
#4050 = ORIENTED_EDGE ( 'NONE', *, *, #3311, .T. ) ;
#4051 = DIRECTION ( 'NONE',  ( 0.000000000000000000, 0.000000000000000000, -1.000000000000000000 ) ) ;
#4052 = ORIENTED_EDGE ( 'NONE', *, *, #1465, .T. ) ;
#4053 = LINE ( 'NONE', #4034, #4563 ) ;
#4054 = LINE ( 'NONE', #2909, #4353 ) ;
#4055 = EDGE_CURVE ( 'NONE', #2356, #3560, #1676, .T. ) ;
#4056 = DIRECTION ( 'NONE',  ( 0.000000000000000000, -1.000000000000000000, 0.000000000000000000 ) ) ;
#4057 = EDGE_CURVE ( 'NONE', #74, #121, #901, .T. ) ;
#4058 = AXIS2_PLACEMENT_3D ( 'NONE', #4575, #3460, #4211 ) ;
#4059 = LINE ( 'NONE', #1373, #552 ) ;
#4060 = EDGE_CURVE ( 'NONE', #3907, #2896, #2028, .T. ) ;
#4061 = VECTOR ( 'NONE', #4105, 1000.000000000000000 ) ;
#4062 = EDGE_LOOP ( 'NONE', ( #253, #4005 ) ) ;
#4063 = VERTEX_POINT ( 'NONE', #451 ) ;
#4064 = DIRECTION ( 'NONE',  ( -0.000000000000000000, 1.000000000000000000, -0.000000000000000000 ) ) ;
#4065 = CARTESIAN_POINT ( 'NONE',  ( 86.94558796790391852, 15.86368142617081212, -0.05441203209471708047 ) ) ;
#4066 = EDGE_CURVE ( 'NONE', #3035, #2254, #2079, .T. ) ;
#4067 = ORIENTED_EDGE ( 'NONE', *, *, #126, .F. ) ;
#4068 = CARTESIAN_POINT ( 'NONE',  ( 87.50000000000001421, 14.23030399291525505, -54.50000000000007105 ) ) ;
#4069 = CARTESIAN_POINT ( 'NONE',  ( 28.50000000000001066, 18.89897948556635399, -55.25000000000000000 ) ) ;
#4070 = DIRECTION ( 'NONE',  ( 0.000000000000000000, 1.000000000000000000, 0.000000000000000000 ) ) ;
#4071 = CIRCLE ( 'NONE', #4476, 5.000000000000004441 ) ;
#4072 = EDGE_CURVE ( 'NONE', #3060, #4012, #1305, .T. ) ;
#4073 = FACE_OUTER_BOUND ( 'NONE', #3068, .T. ) ;
#4074 = ORIENTED_EDGE ( 'NONE', *, *, #1463, .F. ) ;
#4075 = CIRCLE ( 'NONE', #569, 1.500000000000001332 ) ;
#4076 = DIRECTION ( 'NONE',  ( 0.000000000000000000, 0.000000000000000000, -1.000000000000000000 ) ) ;
#4077 = ORIENTED_EDGE ( 'NONE', *, *, #4110, .F. ) ;
#4078 = DIRECTION ( 'NONE',  ( 1.000000000000000000, 0.000000000000000000, 0.000000000000000000 ) ) ;
#4079 = CARTESIAN_POINT ( 'NONE',  ( 44.48779150726828391, 0.000000000000000000, -67.61279700295332873 ) ) ;
#4080 = CARTESIAN_POINT ( 'NONE',  ( 64.02525551875139342, 20.00000000000000000, -71.37278370505751468 ) ) ;
#4081 = EDGE_CURVE ( 'NONE', #2516, #2495, #2775, .T. ) ;
#4082 = AXIS2_PLACEMENT_3D ( 'NONE', #291, #2229, #1436 ) ;
#4083 = DIRECTION ( 'NONE',  ( 2.478176394252583113E-16, -1.000000000000000000, 0.000000000000000000 ) ) ;
#4084 = AXIS2_PLACEMENT_3D ( 'NONE', #3479, #4290, #820 ) ;
#4085 = ORIENTED_EDGE ( 'NONE', *, *, #4130, .T. ) ;
#4086 = ORIENTED_EDGE ( 'NONE', *, *, #4434, .F. ) ;
#4087 = DIRECTION ( 'NONE',  ( 0.000000000000000000, 0.000000000000000000, -1.000000000000000000 ) ) ;
#4088 = AXIS2_PLACEMENT_3D ( 'NONE', #3275, #2547, #1351 ) ;
#4089 = AXIS2_PLACEMENT_3D ( 'NONE', #4603, #4214, #4682 ) ;
#4090 = CARTESIAN_POINT ( 'NONE',  ( 51.01837116929394966, 17.55796977632591194, -2.018371169293988743 ) ) ;
#4091 = AXIS2_PLACEMENT_3D ( 'NONE', #3158, #4741, #1136 ) ;
#4092 = ORIENTED_EDGE ( 'NONE', *, *, #30, .T. ) ;
#4093 = LINE ( 'NONE', #3736, #1156 ) ;
#4094 = LINE ( 'NONE', #1004, #3424 ) ;
#4095 = LINE ( 'NONE', #268, #3449 ) ;
#4096 = CARTESIAN_POINT ( 'NONE',  ( 51.25000000000001421, 19.00000000000000000, -61.25000000000000000 ) ) ;
#4097 = ORIENTED_EDGE ( 'NONE', *, *, #2806, .F. ) ;
#4098 = CARTESIAN_POINT ( 'NONE',  ( 46.65862084187751435, 0.000000000000000000, -72.87278370505748626 ) ) ;
#4099 = ORIENTED_EDGE ( 'NONE', *, *, #4291, .F. ) ;
#4100 = EDGE_CURVE ( 'NONE', #2082, #3144, #2685, .T. ) ;
#4101 = DIRECTION ( 'NONE',  ( -1.000000000000000000, -0.000000000000000000, -0.000000000000000000 ) ) ;
#4102 = DIRECTION ( 'NONE',  ( 0.000000000000000000, 0.000000000000000000, 1.000000000000000000 ) ) ;
#4103 = DIRECTION ( 'NONE',  ( 0.000000000000000000, -1.000000000000000000, -0.000000000000000000 ) ) ;
#4104 = VERTEX_POINT ( 'NONE', #529 ) ;
#4105 = DIRECTION ( 'NONE',  ( -0.000000000000000000, 1.000000000000000000, -0.000000000000000000 ) ) ;
#4106 = ORIENTED_EDGE ( 'NONE', *, *, #342, .F. ) ;
#4107 = EDGE_CURVE ( 'NONE', #1948, #1427, #1306, .T. ) ;
#4108 = ORIENTED_EDGE ( 'NONE', *, *, #3584, .T. ) ;
#4109 = CARTESIAN_POINT ( 'NONE',  ( 84.98162883070607165, 17.55796977632590838, -2.018371169293988743 ) ) ;
#4110 = EDGE_CURVE ( 'NONE', #152, #4648, #3262, .T. ) ;
#4111 = DIRECTION ( 'NONE',  ( 0.000000000000000000, -1.000000000000000000, 0.000000000000000000 ) ) ;
#4112 = ADVANCED_FACE ( 'NONE', ( #938 ), #4360, .T. ) ;
#4113 = VERTEX_POINT ( 'NONE', #4820 ) ;
#4114 = LINE ( 'NONE', #2945, #2578 ) ;
#4115 = CARTESIAN_POINT ( 'NONE',  ( 24.84083673796583014, 14.18245758536062873, -52.00760834537351229 ) ) ;
#4116 = VECTOR ( 'NONE', #760, 1000.000000000000000 ) ;
#4117 = CYLINDRICAL_SURFACE ( 'NONE', #4164, 7.500000000000000000 ) ;
#4118 = CARTESIAN_POINT ( 'NONE',  ( 42.31696217265903925, 0.000000000000000000, -71.37278370505748626 ) ) ;
#4119 = VERTEX_POINT ( 'NONE', #1319 ) ;
#4120 = CARTESIAN_POINT ( 'NONE',  ( 51.27397527142031208, 16.72602472857970568, -2.273975271420355604 ) ) ;
#4121 = ORIENTED_EDGE ( 'NONE', *, *, #4639, .F. ) ;
#4122 = CARTESIAN_POINT ( 'NONE',  ( 86.87917731204392169, 14.46922270984487824, -17.84660169957425424 ) ) ;
#4123 = DIRECTION ( 'NONE',  ( 1.982541115402065110E-16, 0.000000000000000000, 1.000000000000000000 ) ) ;
#4124 = CARTESIAN_POINT ( 'NONE',  ( 50.32238161335727966, 16.99319900459418875, -1.322381613357316077 ) ) ;
#4125 = ADVANCED_FACE ( 'NONE', ( #4766 ), #1267, .F. ) ;
#4126 = ORIENTED_EDGE ( 'NONE', *, *, #4535, .T. ) ;
#4127 = DIRECTION ( 'NONE',  ( 0.000000000000000000, 0.000000000000000000, 1.000000000000000000 ) ) ;
#4128 = DIRECTION ( 'NONE',  ( 1.000000000000000000, 0.000000000000000000, 0.000000000000000000 ) ) ;
#4129 = CIRCLE ( 'NONE', #4297, 1.500000000000001332 ) ;
#4130 = EDGE_CURVE ( 'NONE', #138, #2247, #4047, .T. ) ;
#4131 = ORIENTED_EDGE ( 'NONE', *, *, #2472, .F. ) ;
#4132 = ADVANCED_FACE ( 'NONE', ( #3670 ), #4456, .F. ) ;
#4133 = ORIENTED_EDGE ( 'NONE', *, *, #2370, .T. ) ;
#4134 = LINE ( 'NONE', #2095, #1287 ) ;
#4135 = VECTOR ( 'NONE', #3325, 1000.000000000000000 ) ;
#4136 = DIRECTION ( 'NONE',  ( 0.000000000000000000, 0.000000000000000000, 1.000000000000000000 ) ) ;
#4137 = AXIS2_PLACEMENT_3D ( 'NONE', #827, #880, #2073 ) ;
#4138 = ORIENTED_EDGE ( 'NONE', *, *, #2551, .F. ) ;
#4139 = DIRECTION ( 'NONE',  ( 0.000000000000000000, -1.000000000000000000, 0.000000000000000000 ) ) ;
#4140 = CARTESIAN_POINT ( 'NONE',  ( 7.499999999999998224, 15.00000000000000000, -5.000000000000000000 ) ) ;
#4141 = DIRECTION ( 'NONE',  ( 2.973811673103097665E-16, 0.000000000000000000, 1.000000000000000000 ) ) ;
#4142 = CARTESIAN_POINT ( 'NONE',  ( 66.19608485336061676, 20.00000000000000000, -75.13277040716165800 ) ) ;
#4143 = CYLINDRICAL_SURFACE ( 'NONE', #1726, 1.500000000000001332 ) ;
#4144 = ORIENTED_EDGE ( 'NONE', *, *, #4179, .T. ) ;
#4145 = DIRECTION ( 'NONE',  ( -0.000000000000000000, 1.000000000000000000, -0.000000000000000000 ) ) ;
#4146 = AXIS2_PLACEMENT_3D ( 'NONE', #4527, #2582, #4141 ) ;
#4147 = CARTESIAN_POINT ( 'NONE',  ( 61.25000000000002132, 14.81649658092772626, -55.25000000000000000 ) ) ;
#4148 = DIRECTION ( 'NONE',  ( 1.000000000000000000, -0.000000000000000000, -0.000000000000000000 ) ) ;
#4149 = CARTESIAN_POINT ( 'NONE',  ( 49.96303765728199409, 16.48897028366749495, -0.9630376572820207315 ) ) ;
#4150 = VECTOR ( 'NONE', #2977, 1000.000000000000000 ) ;
#4151 = ORIENTED_EDGE ( 'NONE', *, *, #2020, .F. ) ;
#4152 = CIRCLE ( 'NONE', #4816, 4.999999999999997335 ) ;
#4153 = CARTESIAN_POINT ( 'NONE',  ( 97.00000000000001421, 15.00000000000000000, -7.500000000000002665 ) ) ;
#4154 = AXIS2_PLACEMENT_3D ( 'NONE', #2877, #2820, #2492 ) ;
#4155 = DIRECTION ( 'NONE',  ( 0.000000000000000000, 0.000000000000000000, 1.000000000000000000 ) ) ;
#4156 = ORIENTED_EDGE ( 'NONE', *, *, #1584, .F. ) ;
#4157 = EDGE_LOOP ( 'NONE', ( #358, #1011, #2199, #847 ) ) ;
#4158 = LINE ( 'NONE', #661, #3252 ) ;
#4159 = EDGE_CURVE ( 'NONE', #4754, #1811, #1226, .T. ) ;
#4160 = VECTOR ( 'NONE', #4914, 1000.000000000000000 ) ;
#4161 = DIRECTION ( 'NONE',  ( 0.000000000000000000, -1.000000000000000000, 0.000000000000000000 ) ) ;
#4162 = VERTEX_POINT ( 'NONE', #1341 ) ;
#4163 = DIRECTION ( 'NONE',  ( 0.000000000000000000, -1.000000000000000000, 0.000000000000000000 ) ) ;
#4164 = AXIS2_PLACEMENT_3D ( 'NONE', #4167, #2179, #1819 ) ;
#4165 = CARTESIAN_POINT ( 'NONE',  ( 59.68359684953292543, 0.000000000000000000, -72.87278370505751468 ) ) ;
#4166 = DIRECTION ( 'NONE',  ( -0.000000000000000000, 1.000000000000000000, -0.000000000000000000 ) ) ;
#4167 = CARTESIAN_POINT ( 'NONE',  ( 89.50000000000002842, 20.00000000000000000, -7.500000000000000000 ) ) ;
#4168 = DIRECTION ( 'NONE',  ( 0.000000000000000000, -1.000000000000000000, 0.000000000000000000 ) ) ;
#4169 = CIRCLE ( 'NONE', #1731, 2.000000000000001776 ) ;
#4170 = AXIS2_PLACEMENT_3D ( 'NONE', #1749, #3309, #3713 ) ;
#4171 = ORIENTED_EDGE ( 'NONE', *, *, #969, .T. ) ;
#4172 = DIRECTION ( 'NONE',  ( 0.000000000000000000, 0.000000000000000000, 1.000000000000000000 ) ) ;
#4173 = PLANE ( 'NONE',  #319 ) ;
#4174 = LINE ( 'NONE', #1419, #4150 ) ;
#4175 = PLANE ( 'NONE',  #3790 ) ;
#4176 = LINE ( 'NONE', #728, #181 ) ;
#4177 = ADVANCED_FACE ( 'NONE', ( #575 ), #3695, .F. ) ;
#4178 = EDGE_CURVE ( 'NONE', #470, #910, #704, .T. ) ;
#4179 = EDGE_CURVE ( 'NONE', #590, #1785, #4732, .T. ) ;
#4180 = ORIENTED_EDGE ( 'NONE', *, *, #2907, .T. ) ;
#4181 = DIRECTION ( 'NONE',  ( 0.000000000000000000, 0.000000000000000000, -1.000000000000000000 ) ) ;
#4182 = AXIS2_PLACEMENT_3D ( 'NONE', #1110, #3872, #2618 ) ;
#4183 = CARTESIAN_POINT ( 'NONE',  ( 64.02525551875139342, 0.000000000000000000, -63.85281030084921383 ) ) ;
#4184 = ORIENTED_EDGE ( 'NONE', *, *, #3369, .F. ) ;
#4185 = EDGE_LOOP ( 'NONE', ( #1989, #785, #2062, #3572 ) ) ;
#4186 = CARTESIAN_POINT ( 'NONE',  ( 34.10952922903808116, 19.00000000000000000, -67.24999999999998579 ) ) ;
#4187 = CARTESIAN_POINT ( 'NONE',  ( 34.10952922903808116, 16.00000000000000000, -67.24999999999998579 ) ) ;
#4188 = ORIENTED_EDGE ( 'NONE', *, *, #3240, .T. ) ;
#4189 = DIRECTION ( 'NONE',  ( 0.000000000000000000, 0.000000000000000000, -1.000000000000000000 ) ) ;
#4190 = FACE_OUTER_BOUND ( 'NONE', #2832, .T. ) ;
#4191 = CARTESIAN_POINT ( 'NONE',  ( 49.00000000000001421, 3.171572875253757751, 0.000000000000000000 ) ) ;
#4192 = CARTESIAN_POINT ( 'NONE',  ( -1.486905836551548487E-15, 15.00000000000000000, -7.499999999999998224 ) ) ;
#4193 = ORIENTED_EDGE ( 'NONE', *, *, #4270, .F. ) ;
#4194 = FACE_BOUND ( 'NONE', #1713, .T. ) ;
#4195 = DIRECTION ( 'NONE',  ( 0.000000000000000000, 0.000000000000000000, -1.000000000000000000 ) ) ;
#4196 = CARTESIAN_POINT ( 'NONE',  ( 34.10952922903808116, 14.00000000000000000, -77.25000000000000000 ) ) ;
#4197 = LINE ( 'NONE', #4973, #2510 ) ;
#4198 = CARTESIAN_POINT ( 'NONE',  ( 51.34153593177894237, 19.37175565336077199, -2.341535931778996549 ) ) ;
#4199 = VERTEX_POINT ( 'NONE', #1878 ) ;
#4200 = CARTESIAN_POINT ( 'NONE',  ( 46.65862084187751435, 19.00000000000000000, -78.89275710926580132 ) ) ;
#4201 = EDGE_CURVE ( 'NONE', #1282, #1759, #5054, .T. ) ;
#4202 = CARTESIAN_POINT ( 'NONE',  ( 87.50000000000001421, 19.00000000000000000, -18.00000000000001066 ) ) ;
#4203 = EDGE_CURVE ( 'NONE', #3052, #4622, #3188, .T. ) ;
#4204 = FACE_OUTER_BOUND ( 'NONE', #2221, .T. ) ;
#4205 = VERTEX_POINT ( 'NONE', #2671 ) ;
#4206 = VERTEX_POINT ( 'NONE', #3853 ) ;
#4207 = CARTESIAN_POINT ( 'NONE',  ( -1.486905836551548487E-15, 0.000000000000000000, -7.499999999999998224 ) ) ;
#4208 = DIRECTION ( 'NONE',  ( 0.000000000000000000, -0.000000000000000000, -1.000000000000000000 ) ) ;
#4209 = VERTEX_POINT ( 'NONE', #3875 ) ;
#4210 = AXIS2_PLACEMENT_3D ( 'NONE', #4338, #2600, #2245 ) ;
#4211 = DIRECTION ( 'NONE',  ( 0.000000000000000000, 0.000000000000000000, -1.000000000000000000 ) ) ;
#4212 = DIRECTION ( 'NONE',  ( 0.000000000000000000, 0.000000000000000000, -1.000000000000000000 ) ) ;
#4213 = DIRECTION ( 'NONE',  ( 0.000000000000000000, 0.000000000000000000, -1.000000000000000000 ) ) ;
#4214 = DIRECTION ( 'NONE',  ( 1.000000000000000000, 0.000000000000000000, -1.982541115402065110E-16 ) ) ;
#4215 = FACE_OUTER_BOUND ( 'NONE', #3967, .T. ) ;
#4216 = VERTEX_POINT ( 'NONE', #2697 ) ;
#4217 = FACE_BOUND ( 'NONE', #689, .T. ) ;
#4218 = CARTESIAN_POINT ( 'NONE',  ( 25.00000000000000711, 14.23030399291527281, -15.50000000000000888 ) ) ;
#4219 = LINE ( 'NONE', #1109, #484 ) ;
#4220 = CYLINDRICAL_SURFACE ( 'NONE', #1494, 2.000000000000001776 ) ;
#4221 = EDGE_CURVE ( 'NONE', #4273, #4119, #376, .T. ) ;
#4222 = CARTESIAN_POINT ( 'NONE',  ( 48.21987380583271232, 16.03187568349799719, -0.08050155096502489838 ) ) ;
#4223 = AXIS2_PLACEMENT_3D ( 'NONE', #2721, #4588, #4276 ) ;
#4224 = EDGE_LOOP ( 'NONE', ( #4421, #3607 ) ) ;
#4225 = DIRECTION ( 'NONE',  ( -0.000000000000000000, 1.000000000000000000, -0.000000000000000000 ) ) ;
#4226 = CARTESIAN_POINT ( 'NONE',  ( 50.17157287525380127, 19.71404520791034543, -3.333333333333411641 ) ) ;
#4227 = AXIS2_PLACEMENT_3D ( 'NONE', #557, #3982, #178 ) ;
#4228 = CARTESIAN_POINT ( 'NONE',  ( 0.000000000000000000, 0.000000000000000000, 0.000000000000000000 ) ) ;
#4229 = ORIENTED_EDGE ( 'NONE', *, *, #3966, .F. ) ;
#4230 = AXIS2_PLACEMENT_3D ( 'NONE', #120, #3979, #4795 ) ;
#4231 = EDGE_LOOP ( 'NONE', ( #3721, #3111, #3344, #3837 ) ) ;
#4232 = CIRCLE ( 'NONE', #3430, 2.000000000000001776 ) ;
#4233 = ADVANCED_FACE ( 'NONE', ( #4691 ), #353, .T. ) ;
#4234 = PLANE ( 'NONE',  #3682 ) ;
#4235 = EDGE_LOOP ( 'NONE', ( #4428, #402, #580, #4022 ) ) ;
#4236 = CARTESIAN_POINT ( 'NONE',  ( 34.10952922903808116, 16.00000000000000000, -69.24999999999998579 ) ) ;
#4237 = DIRECTION ( 'NONE',  ( 0.000000000000000000, 0.000000000000000000, -1.000000000000000000 ) ) ;
#4238 = CYLINDRICAL_SURFACE ( 'NONE', #2097, 3.000000000000002665 ) ;
#4239 = AXIS2_PLACEMENT_3D ( 'NONE', #367, #56, #446 ) ;
#4240 = CARTESIAN_POINT ( 'NONE',  ( 46.65862084187751435, 0.000000000000000000, -69.87278370505747205 ) ) ;
#4241 = DIRECTION ( 'NONE',  ( 0.000000000000000000, 0.000000000000000000, -1.000000000000000000 ) ) ;
#4242 = VECTOR ( 'NONE', #2946, 1000.000000000000000 ) ;
#4243 = CIRCLE ( 'NONE', #2127, 1.500000000000001332 ) ;
#4244 = CIRCLE ( 'NONE', #3356, 1.500000000000001332 ) ;
#4245 = ORIENTED_EDGE ( 'NONE', *, *, #359, .F. ) ;
#4246 = CARTESIAN_POINT ( 'NONE',  ( 64.02525551875139342, 19.00000000000000000, -77.39275710926580132 ) ) ;
#4247 = CARTESIAN_POINT ( 'NONE',  ( 66.19608485336061676, 20.00000000000000000, -73.63277040716165800 ) ) ;
#4248 = CARTESIAN_POINT ( 'NONE',  ( 89.00000000000001421, 14.00000000000000000, -9.750000000000001776 ) ) ;
#4249 = DIRECTION ( 'NONE',  ( 2.775557561562891351E-15, -1.000000000000000000, -4.930380657631323784E-32 ) ) ;
#4250 = AXIS2_PLACEMENT_3D ( 'NONE', #1903, #757, #3928 ) ;
#4251 = AXIS2_PLACEMENT_3D ( 'NONE', #1601, #113, #3182 ) ;
#4252 = DIRECTION ( 'NONE',  ( -0.000000000000000000, 1.000000000000000000, -0.000000000000000000 ) ) ;
#4253 = EDGE_LOOP ( 'NONE', ( #1507, #2528, #4541, #1212 ) ) ;
#4254 = DIRECTION ( 'NONE',  ( -0.000000000000000000, 1.000000000000000000, -0.000000000000000000 ) ) ;
#4255 = VECTOR ( 'NONE', #838, 1000.000000000000000 ) ;
#4256 = LINE ( 'NONE', #3454, #1849 ) ;
#4257 = CYLINDRICAL_SURFACE ( 'NONE', #3770, 1.500000000000001332 ) ;
#4258 = ADVANCED_FACE ( 'NONE', ( #3825 ), #2750, .F. ) ;
#4259 = ORIENTED_EDGE ( 'NONE', *, *, #4980, .T. ) ;
#4260 = EDGE_LOOP ( 'NONE', ( #3567, #3514, #4050, #3131 ) ) ;
#4261 = DIRECTION ( 'NONE',  ( 0.000000000000000000, 0.000000000000000000, -1.000000000000000000 ) ) ;
#4262 = EDGE_CURVE ( 'NONE', #417, #3138, #326, .T. ) ;
#4263 = ORIENTED_EDGE ( 'NONE', *, *, #4262, .F. ) ;
#4264 = EDGE_LOOP ( 'NONE', ( #3119, #3459, #4915, #1192 ) ) ;
#4265 = LINE ( 'NONE', #3406, #790 ) ;
#4266 = LINE ( 'NONE', #2864, #2148 ) ;
#4267 = AXIS2_PLACEMENT_3D ( 'NONE', #4422, #2039, #2714 ) ;
#4268 = DIRECTION ( 'NONE',  ( 0.000000000000000000, 1.000000000000000000, 0.000000000000000000 ) ) ;
#4269 = EDGE_CURVE ( 'NONE', #1322, #2896, #2527, .T. ) ;
#4270 = EDGE_CURVE ( 'NONE', #4944, #1096, #246, .T. ) ;
#4271 = CARTESIAN_POINT ( 'NONE',  ( 51.00027951109598945, 0.000000000000000000, -72.87278370505751468 ) ) ;
#4272 = DIRECTION ( 'NONE',  ( 0.000000000000000000, 1.000000000000000000, 0.000000000000000000 ) ) ;
#4273 = VERTEX_POINT ( 'NONE', #3452 ) ;
#4274 = ORIENTED_EDGE ( 'NONE', *, *, #407, .F. ) ;
#4275 = FACE_BOUND ( 'NONE', #1388, .T. ) ;
#4276 = DIRECTION ( 'NONE',  ( 1.000000000000000000, 0.000000000000000000, 0.000000000000000000 ) ) ;
#4277 = EDGE_CURVE ( 'NONE', #3144, #1428, #3110, .T. ) ;
#4278 = FACE_OUTER_BOUND ( 'NONE', #2593, .T. ) ;
#4279 = DIRECTION ( 'NONE',  ( 1.982541115402065110E-16, 0.000000000000000000, 1.000000000000000000 ) ) ;
#4280 = ORIENTED_EDGE ( 'NONE', *, *, #1775, .T. ) ;
#4281 = DIRECTION ( 'NONE',  ( 1.000000000000000000, 0.000000000000000000, 0.000000000000000000 ) ) ;
#4282 = ORIENTED_EDGE ( 'NONE', *, *, #111, .F. ) ;
#4283 = CARTESIAN_POINT ( 'NONE',  ( 44.48779150726828391, 20.00000000000000000, -75.13277040716162958 ) ) ;
#4284 = CARTESIAN_POINT ( 'NONE',  ( 64.02525551875139342, 0.000000000000000000, -63.85281030084921383 ) ) ;
#4285 = EDGE_CURVE ( 'NONE', #4719, #3428, #2036, .T. ) ;
#4286 = EDGE_CURVE ( 'NONE', #375, #4482, #168, .T. ) ;
#4287 = EDGE_LOOP ( 'NONE', ( #737, #1754, #414, #166 ) ) ;
#4288 = ORIENTED_EDGE ( 'NONE', *, *, #4391, .F. ) ;
#4289 = EDGE_CURVE ( 'NONE', #3657, #3174, #2338, .T. ) ;
#4290 = DIRECTION ( 'NONE',  ( -0.000000000000000000, 1.000000000000000000, -0.000000000000000000 ) ) ;
#4291 = EDGE_CURVE ( 'NONE', #375, #3295, #1468, .T. ) ;
#4292 = VERTEX_POINT ( 'NONE', #5028 ) ;
#4293 = ORIENTED_EDGE ( 'NONE', *, *, #680, .T. ) ;
#4294 = CARTESIAN_POINT ( 'NONE',  ( 25.62082268795608897, 14.46922270984487824, -15.65339830042576352 ) ) ;
#4295 = CARTESIAN_POINT ( 'NONE',  ( 51.25000000000001421, 16.00000000000000000, -71.75000000000000000 ) ) ;
#4296 = CARTESIAN_POINT ( 'NONE',  ( 84.96275820136526136, 17.58802109187523754, -2.037241798634812362 ) ) ;
#4297 = AXIS2_PLACEMENT_3D ( 'NONE', #4623, #4601, #744 ) ;
#4298 = EDGE_LOOP ( 'NONE', ( #1294, #1937, #1424, #839 ) ) ;
#4299 = ORIENTED_EDGE ( 'NONE', *, *, #1913, .T. ) ;
#4300 = ADVANCED_FACE ( 'NONE', ( #1092 ), #4582, .T. ) ;
#4301 = FACE_BOUND ( 'NONE', #3259, .T. ) ;
#4302 = DIRECTION ( 'NONE',  ( 0.000000000000000000, 0.000000000000000000, -1.000000000000000000 ) ) ;
#4303 = DIRECTION ( 'NONE',  ( 0.000000000000000000, 0.000000000000000000, 1.000000000000000000 ) ) ;
#4304 = AXIS2_PLACEMENT_3D ( 'NONE', #1086, #1902, #1420 ) ;
#4305 = CARTESIAN_POINT ( 'NONE',  ( 26.08049818499210204, 14.71664691522179425, -53.90012187215341299 ) ) ;
#4306 = EDGE_LOOP ( 'NONE', ( #4184, #1044 ) ) ;
#4307 = AXIS2_PLACEMENT_3D ( 'NONE', #1669, #3285, #4782 ) ;
#4308 = DIRECTION ( 'NONE',  ( -0.000000000000000000, 1.000000000000000000, -0.000000000000000000 ) ) ;
#4309 = VERTEX_POINT ( 'NONE', #3650 ) ;
#4310 = CARTESIAN_POINT ( 'NONE',  ( 28.50000000000001066, 19.00000000000000000, -55.25000000000000000 ) ) ;
#4311 = DIRECTION ( 'NONE',  ( -0.000000000000000000, 1.000000000000000000, -0.000000000000000000 ) ) ;
#4312 = DIRECTION ( 'NONE',  ( 3.426614273534433207E-16, -0.000000000000000000, -1.000000000000000000 ) ) ;
#4313 =( BOUNDED_CURVE ( )  B_SPLINE_CURVE ( 3, ( #261, #2123, #2893, #4109 ),
 .UNSPECIFIED., .F., .F. ) 
 B_SPLINE_CURVE_WITH_KNOTS ( ( 4, 4 ),
 ( 0.000000000000000000, 1.021049053988211996 ),
 .UNSPECIFIED. ) 
 CURVE ( )  GEOMETRIC_REPRESENTATION_ITEM ( )  RATIONAL_B_SPLINE_CURVE ( ( 1.000000000000000000, 0.9149922169700827057, 0.9149922169700827057, 1.000000000000000000 ) ) 
 REPRESENTATION_ITEM ( '' )  );
#4314 = VERTEX_POINT ( 'NONE', #3599 ) ;
#4315 = AXIS2_PLACEMENT_3D ( 'NONE', #2281, #2665, #1108 ) ;
#4316 = DIRECTION ( 'NONE',  ( 0.000000000000000000, -1.000000000000000000, 0.000000000000000000 ) ) ;
#4317 = VECTOR ( 'NONE', #3469, 1000.000000000000000 ) ;
#4318 = EDGE_LOOP ( 'NONE', ( #752, #789, #1700, #2541 ) ) ;
#4319 = ORIENTED_EDGE ( 'NONE', *, *, #4269, .T. ) ;
#4320 = EDGE_CURVE ( 'NONE', #4063, #3556, #1639, .T. ) ;
#4321 = EDGE_CURVE ( 'NONE', #590, #2768, #1247, .T. ) ;
#4322 = DIRECTION ( 'NONE',  ( 0.000000000000000000, 0.000000000000000000, -1.000000000000000000 ) ) ;
#4323 = AXIS2_PLACEMENT_3D ( 'NONE', #4363, #1680, #920 ) ;
#4324 = DIRECTION ( 'NONE',  ( 0.000000000000000000, 0.000000000000000000, -1.000000000000000000 ) ) ;
#4325 = CARTESIAN_POINT ( 'NONE',  ( 36.10952922903808116, 16.00000000000000000, -73.25000000000000000 ) ) ;
#4326 = ORIENTED_EDGE ( 'NONE', *, *, #2040, .F. ) ;
#4327 = EDGE_LOOP ( 'NONE', ( #4796, #1095, #3874, #2126 ) ) ;
#4328 = CIRCLE ( 'NONE', #332, 1.500000000000001332 ) ;
#4329 = LINE ( 'NONE', #4786, #4016 ) ;
#4330 = ORIENTED_EDGE ( 'NONE', *, *, #1925, .T. ) ;
#4331 = FACE_BOUND ( 'NONE', #3100, .T. ) ;
#4332 = DIRECTION ( 'NONE',  ( -1.000000000000000000, 0.000000000000000000, 0.000000000000000000 ) ) ;
#4333 = DIRECTION ( 'NONE',  ( -1.000000000000000000, 0.000000000000000000, 0.000000000000000000 ) ) ;
#4334 = CIRCLE ( 'NONE', #4656, 1.500000000000001332 ) ;
#4335 = VERTEX_POINT ( 'NONE', #151 ) ;
#4336 = CARTESIAN_POINT ( 'NONE',  ( 51.25000000000001421, 14.81649658092772626, -55.25000000000000000 ) ) ;
#4337 = ORIENTED_EDGE ( 'NONE', *, *, #4600, .F. ) ;
#4338 = CARTESIAN_POINT ( 'NONE',  ( 61.85442618414216298, 19.00000000000000000, -67.61279700295335715 ) ) ;
#4339 = DIRECTION ( 'NONE',  ( -0.000000000000000000, 1.000000000000000000, -0.000000000000000000 ) ) ;
#4340 = CIRCLE ( 'NONE', #4250, 1.500000000000001332 ) ;
#4341 = CIRCLE ( 'NONE', #746, 4.999999999999997335 ) ;
#4342 = EDGE_CURVE ( 'NONE', #121, #4944, #1379, .T. ) ;
#4343 = ADVANCED_FACE ( 'NONE', ( #4770 ), #174, .F. ) ;
#4344 = EDGE_CURVE ( 'NONE', #534, #883, #2032, .T. ) ;
#4345 = CARTESIAN_POINT ( 'NONE',  ( 40.57292174796869944, 16.00000000000000000, -65.25000000000000000 ) ) ;
#4346 = EDGE_CURVE ( 'NONE', #3755, #3093, #3160, .T. ) ;
#4347 = CIRCLE ( 'NONE', #2297, 2.000000000000001776 ) ;
#4348 = ORIENTED_EDGE ( 'NONE', *, *, #4430, .T. ) ;
#4349 = DIRECTION ( 'NONE',  ( 0.000000000000000000, 0.000000000000000000, 1.000000000000000000 ) ) ;
#4350 = ORIENTED_EDGE ( 'NONE', *, *, #3530, .F. ) ;
#4351 = VERTEX_POINT ( 'NONE', #2824 ) ;
#4352 = CARTESIAN_POINT ( 'NONE',  ( 82.00000000000001421, 8.999999999999998224, -5.000000000000087930 ) ) ;
#4353 = VECTOR ( 'NONE', #4123, 1000.000000000000000 ) ;
#4354 = LINE ( 'NONE', #4842, #2944 ) ;
#4355 = CARTESIAN_POINT ( 'NONE',  ( 87.00000000000004263, 15.00000000000000355, 0.000000000000000000 ) ) ;
#4356 = ORIENTED_EDGE ( 'NONE', *, *, #1460, .F. ) ;
#4357 = ORIENTED_EDGE ( 'NONE', *, *, #2949, .F. ) ;
#4358 = CARTESIAN_POINT ( 'NONE',  ( 64.02525551875139342, 20.00000000000000000, -80.39275710926580132 ) ) ;
#4359 = FACE_BOUND ( 'NONE', #2887, .T. ) ;
#4360 = PLANE ( 'NONE',  #3678 ) ;
#4361 = CARTESIAN_POINT ( 'NONE',  ( 25.00000000000001066, 19.00000000000000000, -54.49999999999999289 ) ) ;
#4362 = ORIENTED_EDGE ( 'NONE', *, *, #1251, .T. ) ;
#4363 = CARTESIAN_POINT ( 'NONE',  ( 51.25000000000001421, 16.00000000000000000, -59.25000000000000000 ) ) ;
#4364 = ORIENTED_EDGE ( 'NONE', *, *, #1492, .T. ) ;
#4365 = CARTESIAN_POINT ( 'NONE',  ( 86.29434655637479068, 14.79525548174407135, -16.40920352279383465 ) ) ;
#4366 = DIRECTION ( 'NONE',  ( 0.000000000000000000, 0.000000000000000000, -1.000000000000000000 ) ) ;
#4367 = B_SPLINE_CURVE_WITH_KNOTS ( 'NONE', 3,
 ( #457, #2114, #4854, #3575, #3192, #97, #4365, #2086, #3652, #3601, #1661, #1710, #3271, #225, #4122, #624, #272, #678 ),
 .UNSPECIFIED., .F., .F.,
 ( 4, 2, 2, 2, 2, 2, 2, 2, 4 ),
 ( 0.003885233857693252881, 0.004911539462955033172, 0.005424692265585905754, 0.005681268666901349851, 0.005937845068216794815, 0.006450997870847683877, 0.006964150673478573805, 0.007477303476109461999, 0.007990456278740351928 ),
 .UNSPECIFIED. ) ;
#4368 = CARTESIAN_POINT ( 'NONE',  ( 59.68359684953292543, 20.00000000000000000, -77.39275710926580132 ) ) ;
#4369 = EDGE_LOOP ( 'NONE', ( #2267, #524, #3153, #3130 ) ) ;
#4370 = EDGE_CURVE ( 'NONE', #4459, #4955, #4232, .T. ) ;
#4371 = ORIENTED_EDGE ( 'NONE', *, *, #1017, .F. ) ;
#4372 = ORIENTED_EDGE ( 'NONE', *, *, #4936, .F. ) ;
#4373 = ORIENTED_EDGE ( 'NONE', *, *, #2458, .F. ) ;
#4374 = CARTESIAN_POINT ( 'NONE',  ( 59.68359684953292543, 20.00000000000000000, -63.85281030084921383 ) ) ;
#4375 = SHAPE_DEFINITION_REPRESENTATION ( #3555, #5032 ) ;
#4376 = CARTESIAN_POINT ( 'NONE',  ( 74.50000000000012790, 19.00000000000000000, -16.25000000000012434 ) ) ;
#4377 = DIRECTION ( 'NONE',  ( -0.000000000000000000, 1.000000000000000000, -0.000000000000000000 ) ) ;
#4378 = VERTEX_POINT ( 'NONE', #4825 ) ;
#4379 = ORIENTED_EDGE ( 'NONE', *, *, #4437, .F. ) ;
#4380 = FACE_OUTER_BOUND ( 'NONE', #3478, .T. ) ;
#4381 = FACE_BOUND ( 'NONE', #5027, .T. ) ;
#4382 = DIRECTION ( 'NONE',  ( -1.000000000000000000, 0.000000000000000000, 0.000000000000000000 ) ) ;
#4383 = CIRCLE ( 'NONE', #2172, 2.000000000000000000 ) ;
#4384 = CARTESIAN_POINT ( 'NONE',  ( 84.00000000000000000, 19.00000000000000000, -14.75000000000000178 ) ) ;
#4385 = EDGE_LOOP ( 'NONE', ( #801, #3276, #395, #1174 ) ) ;
#4386 = CIRCLE ( 'NONE', #3578, 1.500000000000001332 ) ;
#4387 = ORIENTED_EDGE ( 'NONE', *, *, #928, .F. ) ;
#4388 = DIRECTION ( 'NONE',  ( 0.000000000000000000, 0.000000000000000000, 1.000000000000000000 ) ) ;
#4389 = EDGE_LOOP ( 'NONE', ( #2955, #685, #3818, #2242, #2963, #1231, #1983, #4762 ) ) ;
#4390 = CIRCLE ( 'NONE', #2342, 12.49999999999999645 ) ;
#4391 = EDGE_CURVE ( 'NONE', #3956, #4335, #2362, .T. ) ;
#4392 = DIRECTION ( 'NONE',  ( 0.000000000000000000, 0.000000000000000000, -1.000000000000000000 ) ) ;
#4393 = LINE ( 'NONE', #405, #4718 ) ;
#4394 = CARTESIAN_POINT ( 'NONE',  ( 59.68359684953292543, 0.000000000000000000, -65.35281030084921383 ) ) ;
#4395 = EDGE_LOOP ( 'NONE', ( #3600, #2006, #2784, #4909, #2157 ) ) ;
#4396 = DIRECTION ( 'NONE',  ( 0.000000000000000000, -1.000000000000000000, -0.000000000000000000 ) ) ;
#4397 = ORIENTED_EDGE ( 'NONE', *, *, #3805, .F. ) ;
#4398 = VERTEX_POINT ( 'NONE', #1659 ) ;
#4399 = CIRCLE ( 'NONE', #73, 4.000000000000003553 ) ;
#4400 = CARTESIAN_POINT ( 'NONE',  ( 7.499999999999973355, 15.00000000000000000, -135.0000000000000000 ) ) ;
#4401 = DIRECTION ( 'NONE',  ( 0.000000000000000000, 0.000000000000000000, 1.000000000000000000 ) ) ;
#4402 = EDGE_CURVE ( 'NONE', #2356, #4815, #4485, .T. ) ;
#4403 = DIRECTION ( 'NONE',  ( -0.000000000000000000, 1.000000000000000000, -0.000000000000000000 ) ) ;
#4404 = CARTESIAN_POINT ( 'NONE',  ( 86.17727265177653351, 16.20886233224415207, -0.8227273482235332169 ) ) ;
#4405 = ORIENTED_EDGE ( 'NONE', *, *, #4644, .T. ) ;
#4406 = EDGE_LOOP ( 'NONE', ( #3802, #2564, #3145, #3651 ) ) ;
#4407 = FACE_OUTER_BOUND ( 'NONE', #1377, .T. ) ;
#4408 = AXIS2_PLACEMENT_3D ( 'NONE', #4613, #3473, #4592 ) ;
#4409 = FACE_BOUND ( 'NONE', #4448, .T. ) ;
#4410 = CARTESIAN_POINT ( 'NONE',  ( 44.48779150726828391, 19.00000000000000000, -67.61279700295332873 ) ) ;
#4411 = DIRECTION ( 'NONE',  ( -1.000000000000000000, 0.000000000000000000, 0.000000000000000000 ) ) ;
#4412 = ORIENTED_EDGE ( 'NONE', *, *, #1213, .T. ) ;
#4413 = ORIENTED_EDGE ( 'NONE', *, *, #695, .F. ) ;
#4414 = CARTESIAN_POINT ( 'NONE',  ( 51.25000000000001421, 18.89897948556635399, -55.25000000000000000 ) ) ;
#4415 = ORIENTED_EDGE ( 'NONE', *, *, #1687, .F. ) ;
#4416 = CARTESIAN_POINT ( 'NONE',  ( 48.82945017648675190, 20.00000000000000000, -66.11279700295332873 ) ) ;
#4417 = DIRECTION ( 'NONE',  ( 0.000000000000000000, 0.000000000000000000, 1.000000000000000000 ) ) ;
#4418 = VECTOR ( 'NONE', #2814, 1000.000000000000000 ) ;
#4419 = CARTESIAN_POINT ( 'NONE',  ( 97.00000000000001421, 0.000000000000000000, -7.500000000000002665 ) ) ;
#4420 = VECTOR ( 'NONE', #3028, 1000.000000000000000 ) ;
#4421 = ORIENTED_EDGE ( 'NONE', *, *, #1403, .F. ) ;
#4422 = CARTESIAN_POINT ( 'NONE',  ( 0.000000000000000000, 20.00000000000000000, 0.000000000000000000 ) ) ;
#4423 = CIRCLE ( 'NONE', #3117, 1.500000000000001332 ) ;
#4424 = VERTEX_POINT ( 'NONE', #4004 ) ;
#4425 = LINE ( 'NONE', #1763, #4135 ) ;
#4426 = CARTESIAN_POINT ( 'NONE',  ( 55.34193818031445744, 0.000000000000000000, -63.85281030084921383 ) ) ;
#4427 = DIRECTION ( 'NONE',  ( 0.000000000000000000, 0.000000000000000000, 1.000000000000000000 ) ) ;
#4428 = ORIENTED_EDGE ( 'NONE', *, *, #3584, .F. ) ;
#4429 = ORIENTED_EDGE ( 'NONE', *, *, #13, .F. ) ;
#4430 = EDGE_CURVE ( 'NONE', #3144, #2082, #4895, .T. ) ;
#4431 = DIRECTION ( 'NONE',  ( -0.000000000000000000, -0.000000000000000000, 1.000000000000000000 ) ) ;
#4432 = CARTESIAN_POINT ( 'NONE',  ( 23.75003097464318103, 14.00625546181271730, -53.16710333787472820 ) ) ;
#4433 = DIRECTION ( 'NONE',  ( 1.982541115402065110E-16, -0.000000000000000000, 1.000000000000000000 ) ) ;
#4434 = EDGE_CURVE ( 'NONE', #1282, #722, #1871, .T. ) ;
#4435 = CARTESIAN_POINT ( 'NONE',  ( 77.50000000000009948, 20.00000000000000000, -19.25000000000014921 ) ) ;
#4436 = ORIENTED_EDGE ( 'NONE', *, *, #4492, .T. ) ;
#4437 = EDGE_CURVE ( 'NONE', #2823, #1145, #733, .T. ) ;
#4438 = ORIENTED_EDGE ( 'NONE', *, *, #1151, .F. ) ;
#4439 = CARTESIAN_POINT ( 'NONE',  ( 61.85442618414216298, 20.00000000000000000, -75.13277040716165800 ) ) ;
#4440 = VERTEX_POINT ( 'NONE', #4720 ) ;
#4441 = DIRECTION ( 'NONE',  ( 0.000000000000000000, 0.000000000000000000, 1.000000000000000000 ) ) ;
#4442 = CARTESIAN_POINT ( 'NONE',  ( 66.19608485336061676, 0.000000000000000000, -67.61279700295335715 ) ) ;
#4443 = AXIS2_PLACEMENT_3D ( 'NONE', #1665, #4624, #4237 ) ;
#4444 = CARTESIAN_POINT ( 'NONE',  ( 48.17157287525700582, 15.51601320452217081, -1.491900366330784660E-15 ) ) ;
#4445 = APPLICATION_CONTEXT ( 'automotive_design' ) ;
#4446 = ORIENTED_EDGE ( 'NONE', *, *, #4072, .T. ) ;
#4447 = LINE ( 'NONE', #3726, #1589 ) ;
#4448 = EDGE_LOOP ( 'NONE', ( #823, #3426 ) ) ;
#4449 = ORIENTED_EDGE ( 'NONE', *, *, #2494, .T. ) ;
#4450 = CARTESIAN_POINT ( 'NONE',  ( 53.17110884570521989, 0.000000000000000000, -67.61279700295335715 ) ) ;
#4451 = EDGE_CURVE ( 'NONE', #1288, #2986, #2778, .T. ) ;
#4452 = DIRECTION ( 'NONE',  ( 0.000000000000000000, -1.000000000000000000, 0.000000000000000000 ) ) ;
#4453 = ORIENTED_EDGE ( 'NONE', *, *, #3938, .F. ) ;
#4454 = CARTESIAN_POINT ( 'NONE',  ( 46.65862084187751435, 20.00000000000000000, -71.37278370505748626 ) ) ;
#4455 = CARTESIAN_POINT ( 'NONE',  ( 37.97530350344057837, 0.000000000000000000, -71.37278370505748626 ) ) ;
#4456 = CYLINDRICAL_SURFACE ( 'NONE', #3097, 1.500000000000001332 ) ;
#4457 = DIRECTION ( 'NONE',  ( -0.000000000000000000, 1.000000000000000000, -0.000000000000000000 ) ) ;
#4458 = EDGE_CURVE ( 'NONE', #4815, #2091, #454, .T. ) ;
#4459 = VERTEX_POINT ( 'NONE', #1755 ) ;
#4460 = LINE ( 'NONE', #1800, #2522 ) ;
#4461 = ORIENTED_EDGE ( 'NONE', *, *, #940, .T. ) ;
#4462 = DIRECTION ( 'NONE',  ( 0.000000000000000000, 0.000000000000000000, 1.000000000000000000 ) ) ;
#4463 = CARTESIAN_POINT ( 'NONE',  ( 48.82945017648675190, 19.00000000000000000, -67.61279700295332873 ) ) ;
#4464 = DIRECTION ( 'NONE',  ( 0.000000000000000000, 0.000000000000000000, 1.000000000000000000 ) ) ;
#4465 = VECTOR ( 'NONE', #4045, 1000.000000000000000 ) ;
#4466 = FACE_OUTER_BOUND ( 'NONE', #2310, .T. ) ;
#4467 = AXIS2_PLACEMENT_3D ( 'NONE', #719, #1433, #669 ) ;
#4468 = ORIENTED_EDGE ( 'NONE', *, *, #1560, .T. ) ;
#4469 = ORIENTED_EDGE ( 'NONE', *, *, #1310, .T. ) ;
#4470 = DIRECTION ( 'NONE',  ( 0.000000000000000000, 0.000000000000000000, 1.000000000000000000 ) ) ;
#4471 = CARTESIAN_POINT ( 'NONE',  ( 7.499999999999998224, 20.00000000000000000, -7.500000000000000000 ) ) ;
#4472 = EDGE_CURVE ( 'NONE', #1807, #4944, #676, .T. ) ;
#4473 = ORIENTED_EDGE ( 'NONE', *, *, #4663, .F. ) ;
#4474 = DIRECTION ( 'NONE',  ( 0.000000000000000000, 0.000000000000000000, 1.000000000000000000 ) ) ;
#4475 = CYLINDRICAL_SURFACE ( 'NONE', #1539, 1.500000000000001332 ) ;
#4476 = AXIS2_PLACEMENT_3D ( 'NONE', #3669, #2201, #3261 ) ;
#4477 = DIRECTION ( 'NONE',  ( 0.000000000000000000, -1.000000000000000000, 0.000000000000000000 ) ) ;
#4478 = DIRECTION ( 'NONE',  ( 0.000000000000000000, 1.000000000000000000, 0.000000000000000000 ) ) ;
#4479 = EDGE_LOOP ( 'NONE', ( #2925, #5057, #1295, #1799 ) ) ;
#4480 = VECTOR ( 'NONE', #1703, 1000.000000000000000 ) ;
#4481 = LINE ( 'NONE', #1389, #4645 ) ;
#4482 = VERTEX_POINT ( 'NONE', #2954 ) ;
#4483 = DIRECTION ( 'NONE',  ( 0.000000000000000000, 1.000000000000000000, 0.000000000000000000 ) ) ;
#4484 = CARTESIAN_POINT ( 'NONE',  ( 87.65750075895745397, 14.18077229569908937, -15.50000000000001421 ) ) ;
#4485 = CIRCLE ( 'NONE', #3274, 7.500000000000007105 ) ;
#4486 = CARTESIAN_POINT ( 'NONE',  ( 46.65862084187751435, 19.00000000000000000, -71.37278370505748626 ) ) ;
#4487 = ORIENTED_EDGE ( 'NONE', *, *, #76, .F. ) ;
#4488 = AXIS2_PLACEMENT_3D ( 'NONE', #982, #1869, #620 ) ;
#4489 = EDGE_CURVE ( 'NONE', #1325, #1510, #3347, .T. ) ;
#4490 = CARTESIAN_POINT ( 'NONE',  ( 61.25000000000002132, 18.89897948556635399, -55.25000000000000000 ) ) ;
#4491 = EDGE_CURVE ( 'NONE', #1257, #3456, #1141, .T. ) ;
#4492 = EDGE_CURVE ( 'NONE', #4955, #910, #4481, .T. ) ;
#4493 = AXIS2_PLACEMENT_3D ( 'NONE', #3230, #3640, #3947 ) ;
#4494 = AXIS2_PLACEMENT_3D ( 'NONE', #2378, #3835, #3090 ) ;
#4495 = ORIENTED_EDGE ( 'NONE', *, *, #2710, .F. ) ;
#4496 = ORIENTED_EDGE ( 'NONE', *, *, #4028, .T. ) ;
#4497 = DIRECTION ( 'NONE',  ( 0.000000000000000000, 0.000000000000000000, -1.000000000000000000 ) ) ;
#4498 = CIRCLE ( 'NONE', #3032, 1.500000000000001332 ) ;
#4499 = AXIS2_PLACEMENT_3D ( 'NONE', #1005, #1464, #1079 ) ;
#4500 = CARTESIAN_POINT ( 'NONE',  ( 90.99999999999997158, 20.00000000000000000, -134.0000000000000000 ) ) ;
#4501 = CIRCLE ( 'NONE', #101, 1.500000000000001332 ) ;
#4502 = ORIENTED_EDGE ( 'NONE', *, *, #191, .T. ) ;
#4503 = DIRECTION ( 'NONE',  ( 0.000000000000000000, 0.000000000000000000, 1.000000000000000000 ) ) ;
#4504 = CARTESIAN_POINT ( 'NONE',  ( 24.84211514588259462, 14.18065150335946534, -54.50000000000002132 ) ) ;
#4505 = DIRECTION ( 'NONE',  ( 0.000000000000000000, 1.000000000000000000, 0.000000000000000000 ) ) ;
#4506 = CARTESIAN_POINT ( 'NONE',  ( 32.99999999999987921, 19.00000000000000000, -53.74999999999983658 ) ) ;
#4507 = VERTEX_POINT ( 'NONE', #3390 ) ;
#4508 = FACE_OUTER_BOUND ( 'NONE', #3649, .T. ) ;
#4509 = EDGE_LOOP ( 'NONE', ( #1938, #3495, #4405, #1042 ) ) ;
#4510 = CARTESIAN_POINT ( 'NONE',  ( 57.51276751492369499, 20.00000000000000000, -67.61279700295335715 ) ) ;
#4511 = CARTESIAN_POINT ( 'NONE',  ( 87.65831471240676365, 14.18051631918148203, -18.00000000000002487 ) ) ;
#4512 = ADVANCED_FACE ( 'NONE', ( #1367 ), #3336, .T. ) ;
#4513 = ADVANCED_FACE ( 'NONE', ( #4508 ), #1823, .F. ) ;
#4514 = DIRECTION ( 'NONE',  ( -0.000000000000000000, 1.000000000000000000, -0.000000000000000000 ) ) ;
#4515 = VERTEX_POINT ( 'NONE', #4923 ) ;
#4516 = AXIS2_PLACEMENT_3D ( 'NONE', #1535, #1280, #4905 ) ;
#4517 = DIRECTION ( 'NONE',  ( 1.000000000000000000, 2.478176394252583113E-16, 0.000000000000000000 ) ) ;
#4518 = LINE ( 'NONE', #4228, #1449 ) ;
#4519 = EDGE_LOOP ( 'NONE', ( #118, #3574, #2844, #50 ) ) ;
#4520 = EDGE_CURVE ( 'NONE', #722, #1870, #4945, .T. ) ;
#4521 = ORIENTED_EDGE ( 'NONE', *, *, #2981, .T. ) ;
#4522 = LINE ( 'NONE', #1334, #2662 ) ;
#4523 = CARTESIAN_POINT ( 'NONE',  ( 50.98599944283866137, 17.79515596046256221, -1.985999442838702000 ) ) ;
#4524 = ORIENTED_EDGE ( 'NONE', *, *, #2551, .T. ) ;
#4525 = CARTESIAN_POINT ( 'NONE',  ( 86.28714366337980834, 14.79922685348446088, -52.90487062839607546 ) ) ;
#4526 =( NAMED_UNIT ( * ) SI_UNIT ( $, .STERADIAN. ) SOLID_ANGLE_UNIT ( ) );
#4527 = CARTESIAN_POINT ( 'NONE',  ( 97.00000000000001421, 20.00000000000000000, 0.000000000000000000 ) ) ;
#4528 = DIRECTION ( 'NONE',  ( 0.000000000000000000, 0.000000000000000000, 1.000000000000000000 ) ) ;
#4529 = DIRECTION ( 'NONE',  ( -0.000000000000000000, -1.000000000000000000, -0.000000000000000000 ) ) ;
#4530 = ORIENTED_EDGE ( 'NONE', *, *, #3394, .T. ) ;
#4531 = CARTESIAN_POINT ( 'NONE',  ( 51.07800263052711642, 17.12105274121119791, -2.078002630527159500 ) ) ;
#4532 = DIRECTION ( 'NONE',  ( 0.000000000000000000, 0.000000000000000000, 1.000000000000000000 ) ) ;
#4533 = DIRECTION ( 'NONE',  ( -0.000000000000000000, -1.000000000000000000, -0.000000000000000000 ) ) ;
#4534 = CARTESIAN_POINT ( 'NONE',  ( 88.25406880753875782, 14.05546925684075887, -52.24971943995400636 ) ) ;
#4535 = EDGE_CURVE ( 'NONE', #2604, #3087, #1346, .T. ) ;
#4536 = ORIENTED_EDGE ( 'NONE', *, *, #871, .T. ) ;
#4537 = DIRECTION ( 'NONE',  ( -0.000000000000000000, -0.000000000000000000, 1.000000000000000000 ) ) ;
#4538 = DIRECTION ( 'NONE',  ( -1.000000000000000000, -0.000000000000000000, -0.000000000000000000 ) ) ;
#4539 = AXIS2_PLACEMENT_3D ( 'NONE', #3862, #3482, #3094 ) ;
#4540 = VECTOR ( 'NONE', #4268, 1000.000000000000000 ) ;
#4541 = ORIENTED_EDGE ( 'NONE', *, *, #4642, .T. ) ;
#4542 = ORIENTED_EDGE ( 'NONE', *, *, #634, .T. ) ;
#4543 = PLANE ( 'NONE',  #708 ) ;
#4544 = VECTOR ( 'NONE', #2575, 1000.000000000000000 ) ;
#4545 = COLOUR_RGB ( '',0.7921568627450980005, 0.8196078431372548767, 0.9333333333333333481 ) ;
#4546 = DIRECTION ( 'NONE',  ( 0.000000000000000000, -0.000000000000000000, 1.000000000000000000 ) ) ;
#4547 = CIRCLE ( 'NONE', #2840, 5.000000000000000000 ) ;
#4548 = ORIENTED_EDGE ( 'NONE', *, *, #1254, .T. ) ;
#4549 = LINE ( 'NONE', #2490, #4465 ) ;
#4550 = DIRECTION ( 'NONE',  ( -0.000000000000000000, -1.000000000000000000, -0.000000000000000000 ) ) ;
#4551 = EDGE_CURVE ( 'NONE', #460, #571, #3935, .T. ) ;
#4552 = CARTESIAN_POINT ( 'NONE',  ( 51.00027951109598945, 20.00000000000000000, -72.87278370505751468 ) ) ;
#4553 = EDGE_CURVE ( 'NONE', #3642, #1475, #636, .T. ) ;
#4554 = CARTESIAN_POINT ( 'NONE',  ( 51.00027951109598945, 19.00000000000000000, -65.35281030084918541 ) ) ;
#4555 = ADVANCED_FACE ( 'NONE', ( #2905 ), #1418, .F. ) ;
#4556 = CARTESIAN_POINT ( 'NONE',  ( 74.49999999999985789, 19.00000000000000000, -53.75000000000012790 ) ) ;
#4557 = ORIENTED_EDGE ( 'NONE', *, *, #2614, .T. ) ;
#4558 = DIRECTION ( 'NONE',  ( 0.000000000000000000, 0.000000000000000000, 1.000000000000000000 ) ) ;
#4559 = VECTOR ( 'NONE', #2976, 1000.000000000000000 ) ;
#4560 = CARTESIAN_POINT ( 'NONE',  ( 51.00027951109598945, 19.00000000000000000, -77.39275710926580132 ) ) ;
#4561 = LINE ( 'NONE', #1847, #4957 ) ;
#4562 = CARTESIAN_POINT ( 'NONE',  ( 88.31920076298563060, 14.04621469191651251, -52.30228627822841503 ) ) ;
#4563 = VECTOR ( 'NONE', #70, 1000.000000000000000 ) ;
#4564 = ORIENTED_EDGE ( 'NONE', *, *, #2991, .F. ) ;
#4565 = VECTOR ( 'NONE', #2340, 1000.000000000000000 ) ;
#4566 = LINE ( 'NONE', #1065, #2813 ) ;
#4567 = AXIS2_PLACEMENT_3D ( 'NONE', #1503, #1168, #1905 ) ;
#4568 = CARTESIAN_POINT ( 'NONE',  ( 55.34193818031445744, 0.000000000000000000, -80.39275710926580132 ) ) ;
#4569 = ORIENTED_EDGE ( 'NONE', *, *, #2901, .T. ) ;
#4570 = ORIENTED_EDGE ( 'NONE', *, *, #1578, .T. ) ;
#4571 = CARTESIAN_POINT ( 'NONE',  ( 51.25000000000001421, 19.00000000000000000, -71.75000000000000000 ) ) ;
#4572 = AXIS2_PLACEMENT_3D ( 'NONE', #1516, #1184, #3888 ) ;
#4573 = CARTESIAN_POINT ( 'NONE',  ( 51.25000000000001421, 19.00000000000000000, -82.24999999999998579 ) ) ;
#4574 = EDGE_LOOP ( 'NONE', ( #1591, #2404 ) ) ;
#4575 = CARTESIAN_POINT ( 'NONE',  ( 40.57292174796869944, 19.00000000000000000, -65.25000000000000000 ) ) ;
#4576 = CIRCLE ( 'NONE', #1072, 2.000000000000001776 ) ;
#4577 = CIRCLE ( 'NONE', #2209, 2.000000000000001776 ) ;
#4578 = CARTESIAN_POINT ( 'NONE',  ( 54.00000000000002132, 13.99999999999999112, -7.000000000000000000 ) ) ;
#4579 = DIRECTION ( 'NONE',  ( 0.000000000000000000, -1.000000000000000000, 0.000000000000000000 ) ) ;
#4580 = CARTESIAN_POINT ( 'NONE',  ( 53.17110884570521989, 19.00000000000000000, -73.63277040716165800 ) ) ;
#4581 = DIRECTION ( 'NONE',  ( 0.000000000000000000, 0.000000000000000000, 1.000000000000000000 ) ) ;
#4582 =( BOUNDED_SURFACE ( )  B_SPLINE_SURFACE ( 3, 2, ( 
 ( #3083, #4637, #1959 ),
 ( #2648, #18, #3243 ),
 ( #840, #1633, #2007 ),
 ( #3630, #3190, #554 ),
 ( #508, #2084, #3268 ),
 ( #2474, #4336, #4414 ) ),
 .UNSPECIFIED., .F., .F., .F. ) 
 B_SPLINE_SURFACE_WITH_KNOTS ( ( 4, 2, 4 ),
 ( 3, 3 ),
 ( 0.01075312606092059496, 0.01319848954510096165, 0.01564385302928132659 ),
 ( 0.000000000000000000, 1.000000000000000000 ),
 .UNSPECIFIED. ) 
 GEOMETRIC_REPRESENTATION_ITEM ( )  RATIONAL_B_SPLINE_SURFACE ( (
 ( 1.000000000000000000, 0.7071067811865475727, 1.000000000000000000),
 ( 1.000000000000000000, 0.7279389894202284994, 1.000000000000000000),
 ( 1.000000000000000000, 0.7450001781097905784, 1.000000000000000000),
 ( 1.000000000000000000, 0.7683706005739541212, 1.000000000000000000),
 ( 1.000000000000000000, 0.7746403015456750918, 1.000000000000000000),
 ( 1.000000000000000000, 0.7745966692414834043, 1.000000000000000000) ) ) 
 REPRESENTATION_ITEM ( '' )  SURFACE ( )  );
#4583 = AXIS2_PLACEMENT_3D ( 'NONE', #3763, #196, #1002 ) ;
#4584 = EDGE_CURVE ( 'NONE', #4707, #2462, #4460, .T. ) ;
#4585 = EDGE_LOOP ( 'NONE', ( #3858, #884, #831, #1995 ) ) ;
#4586 = EDGE_CURVE ( 'NONE', #722, #1282, #1783, .T. ) ;
#4587 = CARTESIAN_POINT ( 'NONE',  ( 46.65862084187751435, 20.00000000000000000, -77.39275710926580132 ) ) ;
#4588 = DIRECTION ( 'NONE',  ( 0.000000000000000000, -0.000000000000000000, -1.000000000000000000 ) ) ;
#4589 = DIRECTION ( 'NONE',  ( 0.000000000000000000, -1.000000000000000000, -0.000000000000000000 ) ) ;
#4590 = CARTESIAN_POINT ( 'NONE',  ( 88.58853246094051315, 14.01654495551317225, -53.88643447034042566 ) ) ;
#4591 = EDGE_LOOP ( 'NONE', ( #3932, #3648, #137, #2718 ) ) ;
#4592 = DIRECTION ( 'NONE',  ( -0.8541662601625055196, 0.000000000000000000, 0.5199999999999992406 ) ) ;
#4593 = DIRECTION ( 'NONE',  ( -1.000000000000000000, 0.000000000000000000, 0.000000000000000000 ) ) ;
#4594 = DIRECTION ( 'NONE',  ( -0.000000000000000000, 1.000000000000000000, -0.000000000000000000 ) ) ;
#4595 = ORIENTED_EDGE ( 'NONE', *, *, #2747, .T. ) ;
#4596 = ORIENTED_EDGE ( 'NONE', *, *, #4812, .T. ) ;
#4597 = DIRECTION ( 'NONE',  ( -0.000000000000000000, 1.000000000000000000, -0.000000000000000000 ) ) ;
#4598 = DIRECTION ( 'NONE',  ( 0.000000000000000000, 0.000000000000000000, 1.000000000000000000 ) ) ;
#4599 = ORIENTED_EDGE ( 'NONE', *, *, #2660, .T. ) ;
#4600 = EDGE_CURVE ( 'NONE', #1812, #3218, #2158, .T. ) ;
#4601 = DIRECTION ( 'NONE',  ( 0.000000000000000000, 1.000000000000000000, 0.000000000000000000 ) ) ;
#4602 = CARTESIAN_POINT ( 'NONE',  ( 66.19608485336061676, 19.00000000000000000, -67.61279700295335715 ) ) ;
#4603 = CARTESIAN_POINT ( 'NONE',  ( 6.000000000000000000, 20.00000000000000000, -1.189524669241239066E-15 ) ) ;
#4604 = LINE ( 'NONE', #2385, #1876 ) ;
#4605 = EDGE_LOOP ( 'NONE', ( #1344, #3958, #775, #992 ) ) ;
#4606 = CYLINDRICAL_SURFACE ( 'NONE', #423, 1.500000000000001332 ) ;
#4607 = VECTOR ( 'NONE', #2781, 1000.000000000000114 ) ;
#4608 = CARTESIAN_POINT ( 'NONE',  ( 24.68219490660975879, 14.13931535344062773, -17.96986222655438326 ) ) ;
#4609 = DIRECTION ( 'NONE',  ( 0.000000000000000000, 0.000000000000000000, 1.000000000000000000 ) ) ;
#4610 = CARTESIAN_POINT ( 'NONE',  ( 59.68359684953292543, 19.00000000000000000, -80.39275710926580132 ) ) ;
#4611 = CARTESIAN_POINT ( 'NONE',  ( 49.42484389466021355, 17.10411146066741139, -0.4248438946608804057 ) ) ;
#4612 = ORIENTED_EDGE ( 'NONE', *, *, #3964, .F. ) ;
#4613 = CARTESIAN_POINT ( 'NONE',  ( 40.57292174796869944, 16.00000000000000000, -65.25000000000000000 ) ) ;
#4614 = CARTESIAN_POINT ( 'NONE',  ( 40.57292174796869944, 14.00000000000000000, -65.25000000000000000 ) ) ;
#4615 = EDGE_CURVE ( 'NONE', #482, #41, #4399, .T. ) ;
#4616 = EDGE_CURVE ( 'NONE', #4674, #4619, #2206, .T. ) ;
#4617 = DIRECTION ( 'NONE',  ( 0.000000000000000000, 0.000000000000000000, -1.000000000000000000 ) ) ;
#4618 = ORIENTED_EDGE ( 'NONE', *, *, #4807, .T. ) ;
#4619 = VERTEX_POINT ( 'NONE', #1735 ) ;
#4620 = AXIS2_PLACEMENT_3D ( 'NONE', #2966, #2505, #4087 ) ;
#4621 = CARTESIAN_POINT ( 'NONE',  ( 64.02525551875139342, 20.00000000000000000, -78.89275710926580132 ) ) ;
#4622 = VERTEX_POINT ( 'NONE', #3793 ) ;
#4623 = CARTESIAN_POINT ( 'NONE',  ( 53.17110884570521989, 20.00000000000000000, -67.61279700295335715 ) ) ;
#4624 = DIRECTION ( 'NONE',  ( -0.000000000000000000, 1.000000000000000000, 0.000000000000000000 ) ) ;
#4625 = FACE_OUTER_BOUND ( 'NONE', #3621, .T. ) ;
#4626 = DIRECTION ( 'NONE',  ( -0.000000000000000000, 1.000000000000000000, -0.000000000000000000 ) ) ;
#4627 = CARTESIAN_POINT ( 'NONE',  ( 51.00027951109598945, 19.00000000000000000, -62.35281030084918541 ) ) ;
#4628 = EDGE_LOOP ( 'NONE', ( #2733, #2278, #2980, #658 ) ) ;
#4629 = FACE_BOUND ( 'NONE', #3804, .T. ) ;
#4630 = PLANE ( 'NONE',  #3909 ) ;
#4631 = DIRECTION ( 'NONE',  ( -0.000000000000000000, 1.000000000000000000, -0.000000000000000000 ) ) ;
#4632 = CARTESIAN_POINT ( 'NONE',  ( 0.000000000000000000, 20.00000000000000000, -6.000000000000000000 ) ) ;
#4633 = EDGE_CURVE ( 'NONE', #3456, #1257, #1631, .T. ) ;
#4634 = LINE ( 'NONE', #4361, #3036 ) ;
#4635 = AXIS2_PLACEMENT_3D ( 'NONE', #218, #640, #2559 ) ;
#4636 = EDGE_LOOP ( 'NONE', ( #3914, #4413, #3159, #1063 ) ) ;
#4637 = CARTESIAN_POINT ( 'NONE',  ( 46.35102051443364957, 13.99999999999999822, -55.25000000000000000 ) ) ;
#4638 = CARTESIAN_POINT ( 'NONE',  ( 0.000000000000000000, 20.00000000000000000, -135.0000000000000000 ) ) ;
#4639 = EDGE_CURVE ( 'NONE', #3087, #2802, #1374, .T. ) ;
#4640 = DIRECTION ( 'NONE',  ( 0.000000000000000000, -1.000000000000000000, 0.000000000000000000 ) ) ;
#4641 = ORIENTED_EDGE ( 'NONE', *, *, #2304, .F. ) ;
#4642 = EDGE_CURVE ( 'NONE', #4119, #1330, #2437, .T. ) ;
#4643 = EDGE_LOOP ( 'NONE', ( #4131, #1672 ) ) ;
#4644 = EDGE_CURVE ( 'NONE', #3258, #2344, #4787, .T. ) ;
#4645 = VECTOR ( 'NONE', #4896, 1000.000000000000000 ) ;
#4646 = CARTESIAN_POINT ( 'NONE',  ( 85.74062590965075970, 19.63093591433594653, -3.126385144967641860 ) ) ;
#4647 = ORIENTED_EDGE ( 'NONE', *, *, #4812, .F. ) ;
#4648 = VERTEX_POINT ( 'NONE', #1519 ) ;
#4649 = DIRECTION ( 'NONE',  ( 0.000000000000000000, 0.000000000000000000, 1.000000000000000000 ) ) ;
#4650 = DIRECTION ( 'NONE',  ( 1.000000000000000000, 0.000000000000000000, 0.000000000000000000 ) ) ;
#4651 = LINE ( 'NONE', #2227, #2926 ) ;
#4652 = AXIS2_PLACEMENT_3D ( 'NONE', #2717, #3486, #4654 ) ;
#4653 = CARTESIAN_POINT ( 'NONE',  ( 34.10952922903808116, 16.00000000000000000, -65.24999999999998579 ) ) ;
#4654 = DIRECTION ( 'NONE',  ( 0.000000000000000000, 0.000000000000000000, -1.000000000000000000 ) ) ;
#4655 = CIRCLE ( 'NONE', #5043, 3.000000000000002665 ) ;
#4656 = AXIS2_PLACEMENT_3D ( 'NONE', #1967, #4677, #716 ) ;
#4657 = CIRCLE ( 'NONE', #3764, 1.500000000000001332 ) ;
#4658 = ORIENTED_EDGE ( 'NONE', *, *, #4933, .T. ) ;
#4659 = FACE_BOUND ( 'NONE', #1493, .T. ) ;
#4660 = DIRECTION ( 'NONE',  ( 0.000000000000000000, 0.000000000000000000, 1.000000000000000000 ) ) ;
#4661 = CARTESIAN_POINT ( 'NONE',  ( 87.82842712474624136, 3.171572875253767076, 0.000000000000000000 ) ) ;
#4662 = CYLINDRICAL_SURFACE ( 'NONE', #4467, 1.500000000000001332 ) ;
#4663 = EDGE_CURVE ( 'NONE', #3506, #4674, #4885, .T. ) ;
#4664 = VECTOR ( 'NONE', #2829, 1000.000000000000000 ) ;
#4665 = AXIS2_PLACEMENT_3D ( 'NONE', #2579, #546, #572 ) ;
#4666 = LINE ( 'NONE', #3519, #4255 ) ;
#4667 = ORIENTED_EDGE ( 'NONE', *, *, #3788, .T. ) ;
#4668 = DIRECTION ( 'NONE',  ( -0.000000000000000000, 1.000000000000000000, -0.000000000000000000 ) ) ;
#4669 = ORIENTED_EDGE ( 'NONE', *, *, #4551, .T. ) ;
#4670 = ADVANCED_FACE ( 'NONE', ( #725 ), #371, .F. ) ;
#4671 = DIRECTION ( 'NONE',  ( -0.000000000000000000, 1.000000000000000000, 0.000000000000000000 ) ) ;
#4672 = ADVANCED_FACE ( 'NONE', ( #294 ), #4630, .F. ) ;
#4673 = DIRECTION ( 'NONE',  ( 0.000000000000000000, 0.000000000000000000, -1.000000000000000000 ) ) ;
#4674 = VERTEX_POINT ( 'NONE', #3517 ) ;
#4675 =( BOUNDED_CURVE ( )  B_SPLINE_CURVE ( 3, ( #2894, #82, #2842, #2384 ),
 .UNSPECIFIED., .F., .F. ) 
 B_SPLINE_CURVE_WITH_KNOTS ( ( 4, 4 ),
 ( 5.052225889838796391, 6.283185307179586232 ),
 .UNSPECIFIED. ) 
 CURVE ( )  GEOMETRIC_REPRESENTATION_ITEM ( )  RATIONAL_B_SPLINE_CURVE ( ( 1.000000000000000000, 0.8776643872851478401, 0.8776643872851478401, 1.000000000000000000 ) ) 
 REPRESENTATION_ITEM ( '' )  );
#4676 = VERTEX_POINT ( 'NONE', #2616 ) ;
#4677 = DIRECTION ( 'NONE',  ( 0.000000000000000000, -1.000000000000000000, 0.000000000000000000 ) ) ;
#4678 = ORIENTED_EDGE ( 'NONE', *, *, #4639, .T. ) ;
#4679 = ORIENTED_EDGE ( 'NONE', *, *, #1041, .F. ) ;
#4680 = LINE ( 'NONE', #2381, #4952 ) ;
#4681 = CARTESIAN_POINT ( 'NONE',  ( 36.10952922903808116, 14.00000000000000000, -77.25000000000000000 ) ) ;
#4682 = DIRECTION ( 'NONE',  ( -1.982541115402065110E-16, 0.000000000000000000, -1.000000000000000000 ) ) ;
#4683 = CARTESIAN_POINT ( 'NONE',  ( 25.00000000000001066, 19.00000000000000000, -53.24999999999999289 ) ) ;
#4684 = ORIENTED_EDGE ( 'NONE', *, *, #406, .F. ) ;
#4685 = VERTEX_POINT ( 'NONE', #3445 ) ;
#4686 = CARTESIAN_POINT ( 'NONE',  ( 28.50000000000001066, 19.00000000000000000, -55.25000000000000000 ) ) ;
#4687 = CARTESIAN_POINT ( 'NONE',  ( 66.19608485336061676, 20.00000000000000000, -67.61279700295335715 ) ) ;
#4688 = CARTESIAN_POINT ( 'NONE',  ( 55.34193818031445744, 20.00000000000000000, -69.87278370505750047 ) ) ;
#4689 = CARTESIAN_POINT ( 'NONE',  ( 25.75574036697774361, 14.53585938833562352, -54.25836851001628958 ) ) ;
#4690 = EDGE_LOOP ( 'NONE', ( #150, #674, #4730, #4618 ) ) ;
#4691 = FACE_OUTER_BOUND ( 'NONE', #2171, .T. ) ;
#4692 = VERTEX_POINT ( 'NONE', #4247 ) ;
#4693 = DIRECTION ( 'NONE',  ( -0.000000000000000000, 1.000000000000000000, -0.000000000000000000 ) ) ;
#4694 = DIRECTION ( 'NONE',  ( -1.000000000000000000, 0.000000000000000000, 0.000000000000000000 ) ) ;
#4695 = CARTESIAN_POINT ( 'NONE',  ( 42.28125426829370781, 19.00000000000000000, -66.29000000000000625 ) ) ;
#4696 = EDGE_CURVE ( 'NONE', #1877, #4507, #3133, .T. ) ;
#4697 = EDGE_LOOP ( 'NONE', ( #102, #36 ) ) ;
#4698 = FACE_OUTER_BOUND ( 'NONE', #5031, .T. ) ;
#4699 = VERTEX_POINT ( 'NONE', #3029 ) ;
#4700 = EDGE_LOOP ( 'NONE', ( #2475, #1178, #1975 ) ) ;
#4701 = DIRECTION ( 'NONE',  ( 1.000000000000000000, -0.000000000000000000, 0.000000000000000000 ) ) ;
#4702 = DIRECTION ( 'NONE',  ( 1.000000000000000000, 0.000000000000000000, -0.000000000000000000 ) ) ;
#4703 = DIRECTION ( 'NONE',  ( 0.000000000000000000, 0.000000000000000000, 1.000000000000000000 ) ) ;
#4704 = CARTESIAN_POINT ( 'NONE',  ( 85.91431373352520495, 18.21589557425452099, -1.085686266471215466 ) ) ;
#4705 = CIRCLE ( 'NONE', #2916, 5.000000000000004441 ) ;
#4706 = ORIENTED_EDGE ( 'NONE', *, *, #4342, .F. ) ;
#4707 = VERTEX_POINT ( 'NONE', #1921 ) ;
#4708 = ADVANCED_FACE ( 'NONE', ( #3490 ), #1544, .F. ) ;
#4709 = ADVANCED_FACE ( 'NONE', ( #2642, #1059 ), #4173, .T. ) ;
#4710 = PLANE ( 'NONE',  #2873 ) ;
#4711 = FACE_BOUND ( 'NONE', #158, .T. ) ;
#4712 = LINE ( 'NONE', #3078, #1543 ) ;
#4713 = VECTOR ( 'NONE', #279, 1000.000000000000000 ) ;
#4714 = ADVANCED_FACE ( 'NONE', ( #699 ), #2679, .T. ) ;
#4715 = EDGE_CURVE ( 'NONE', #1330, #4119, #2353, .T. ) ;
#4716 = AXIS2_PLACEMENT_3D ( 'NONE', #701, #2693, #2667 ) ;
#4717 = CARTESIAN_POINT ( 'NONE',  ( 57.51276751492369499, 19.00000000000000000, -67.61279700295335715 ) ) ;
#4718 = VECTOR ( 'NONE', #4694, 1000.000000000000000 ) ;
#4719 = VERTEX_POINT ( 'NONE', #2078 ) ;
#4720 = CARTESIAN_POINT ( 'NONE',  ( 48.82945017648675190, 20.00000000000000000, -73.63277040716165800 ) ) ;
#4721 = EDGE_LOOP ( 'NONE', ( #495, #1664, #1381, #849 ) ) ;
#4722 = FACE_OUTER_BOUND ( 'NONE', #3173, .T. ) ;
#4723 = CARTESIAN_POINT ( 'NONE',  ( 53.17110884570521989, 19.00000000000000000, -66.11279700295335715 ) ) ;
#4724 = CARTESIAN_POINT ( 'NONE',  ( 64.02525551875139342, 20.00000000000000000, -77.39275710926580132 ) ) ;
#4725 = EDGE_LOOP ( 'NONE', ( #3521, #1256, #3027, #2432, #1822, #390, #2670, #4362 ) ) ;
#4726 = AXIS2_PLACEMENT_3D ( 'NONE', #3624, #4788, #528 ) ;
#4727 = DIRECTION ( 'NONE',  ( -1.000000000000000000, -0.000000000000000000, -0.000000000000000000 ) ) ;
#4728 = AXIS2_PLACEMENT_3D ( 'NONE', #1922, #1133, #2312 ) ;
#4729 = ORIENTED_EDGE ( 'NONE', *, *, #30, .F. ) ;
#4730 = ORIENTED_EDGE ( 'NONE', *, *, #3557, .T. ) ;
#4731 = DIRECTION ( 'NONE',  ( 0.000000000000000000, 0.000000000000000000, -1.000000000000000000 ) ) ;
#4732 = CIRCLE ( 'NONE', #1137, 1.500000000000001332 ) ;
#4733 = DIRECTION ( 'NONE',  ( 0.000000000000000000, -1.000000000000000000, 0.000000000000000000 ) ) ;
#4734 = DIRECTION ( 'NONE',  ( 2.775557561562891351E-15, -1.000000000000000000, 0.000000000000000000 ) ) ;
#4735 = VERTEX_POINT ( 'NONE', #3568 ) ;
#4736 = VERTEX_POINT ( 'NONE', #3998 ) ;
#4737 = TOROIDAL_SURFACE ( 'NONE', #3351, 4.000000000000000000, 2.000000000000000000 ) ;
#4738 = CARTESIAN_POINT ( 'NONE',  ( 74.49999999999987210, 19.00000000000000000, -50.75000000000012790 ) ) ;
#4739 = FACE_BOUND ( 'NONE', #3882, .T. ) ;
#4740 = CARTESIAN_POINT ( 'NONE',  ( 0.000000000000000000, -0.000000000000000000, -134.0000000000000000 ) ) ;
#4741 = DIRECTION ( 'NONE',  ( -1.000000000000000000, 0.000000000000000000, 0.000000000000000000 ) ) ;
#4742 = AXIS2_PLACEMENT_3D ( 'NONE', #1789, #1408, #4546 ) ;
#4743 = ADVANCED_FACE ( 'NONE', ( #3974 ), #2411, .F. ) ;
#4744 = EDGE_CURVE ( 'NONE', #1281, #416, #481, .T. ) ;
#4745 = EDGE_LOOP ( 'NONE', ( #4678, #3780, #2414, #1781 ) ) ;
#4746 = DIRECTION ( 'NONE',  ( 0.000000000000000000, 1.000000000000000000, 0.000000000000000000 ) ) ;
#4747 = ORIENTED_EDGE ( 'NONE', *, *, #1203, .F. ) ;
#4748 = CARTESIAN_POINT ( 'NONE',  ( 48.82945017648675190, 0.000000000000000000, -75.13277040716165800 ) ) ;
#4749 = DIRECTION ( 'NONE',  ( 0.000000000000000000, 1.000000000000000000, 0.000000000000000000 ) ) ;
#4750 = AXIS2_PLACEMENT_3D ( 'NONE', #4800, #2140, #1663 ) ;
#4751 = DIRECTION ( 'NONE',  ( -1.000000000000000000, 0.000000000000000000, -3.469446951953611231E-16 ) ) ;
#4752 = CIRCLE ( 'NONE', #1655, 1.500000000000001332 ) ;
#4753 = ORIENTED_EDGE ( 'NONE', *, *, #1558, .T. ) ;
#4754 = VERTEX_POINT ( 'NONE', #1602 ) ;
#4755 = ORIENTED_EDGE ( 'NONE', *, *, #2929, .T. ) ;
#4756 = CARTESIAN_POINT ( 'NONE',  ( 7.499999999999973355, 20.00000000000000000, -132.5000000000000000 ) ) ;
#4757 = APPLICATION_PROTOCOL_DEFINITION ( 'draft international standard', 'automotive_design', 1998, #329 ) ;
#4758 = DIRECTION ( 'NONE',  ( 0.000000000000000000, -1.000000000000000000, 0.000000000000000000 ) ) ;
#4759 = CARTESIAN_POINT ( 'NONE',  ( 84.72602472857970213, 16.72602472857969858, -2.273975271420359157 ) ) ;
#4760 = EDGE_CURVE ( 'NONE', #4507, #628, #3338, .T. ) ;
#4761 = ORIENTED_EDGE ( 'NONE', *, *, #1611, .F. ) ;
#4762 = ORIENTED_EDGE ( 'NONE', *, *, #998, .T. ) ;
#4763 = AXIS2_PLACEMENT_3D ( 'NONE', #747, #4396, #2683 ) ;
#4764 = CARTESIAN_POINT ( 'NONE',  ( 61.85442618414216298, 20.00000000000000000, -67.61279700295335715 ) ) ;
#4765 = FACE_BOUND ( 'NONE', #130, .T. ) ;
#4766 = FACE_OUTER_BOUND ( 'NONE', #2758, .T. ) ;
#4767 = CARTESIAN_POINT ( 'NONE',  ( 54.00000000000000711, 20.00000000000014921, -6.000000000000000000 ) ) ;
#4768 = ORIENTED_EDGE ( 'NONE', *, *, #710, .F. ) ;
#4769 = ORIENTED_EDGE ( 'NONE', *, *, #1820, .T. ) ;
#4770 = FACE_OUTER_BOUND ( 'NONE', #2984, .T. ) ;
#4771 = ORIENTED_EDGE ( 'NONE', *, *, #3466, .T. ) ;
#4772 = LINE ( 'NONE', #122, #2015 ) ;
#4773 = DIRECTION ( 'NONE',  ( -1.000000000000000000, 0.000000000000000000, -0.000000000000000000 ) ) ;
#4774 = CARTESIAN_POINT ( 'NONE',  ( 48.99999999999998579, 15.00000000000001421, 2.168404344971008868E-16 ) ) ;
#4775 = EDGE_CURVE ( 'NONE', #3295, #1347, #3645, .T. ) ;
#4776 = ORIENTED_EDGE ( 'NONE', *, *, #3438, .T. ) ;
#4777 = CARTESIAN_POINT ( 'NONE',  ( 51.25000000000001421, 14.00000000000000000, -71.75000000000000000 ) ) ;
#4778 = ORIENTED_EDGE ( 'NONE', *, *, #3758, .F. ) ;
#4779 = VERTEX_POINT ( 'NONE', #88 ) ;
#4780 = DIRECTION ( 'NONE',  ( 0.000000000000000000, 0.000000000000000000, -1.000000000000000000 ) ) ;
#4781 = DIRECTION ( 'NONE',  ( 0.000000000000000000, 0.000000000000000000, -1.000000000000000000 ) ) ;
#4782 = DIRECTION ( 'NONE',  ( 1.000000000000000000, 0.000000000000000000, -0.000000000000000000 ) ) ;
#4783 = CARTESIAN_POINT ( 'NONE',  ( 84.41421356237312068, 16.41421356237310292, -2.585786437626961920 ) ) ;
#4784 = ORIENTED_EDGE ( 'NONE', *, *, #4320, .F. ) ;
#4785 = ORIENTED_EDGE ( 'NONE', *, *, #3807, .T. ) ;
#4786 = CARTESIAN_POINT ( 'NONE',  ( 6.000000000000000000, 0.000000000000000000, -1.189524669241239066E-15 ) ) ;
#4787 = B_SPLINE_CURVE_WITH_KNOTS ( 'NONE', 3,
 ( #4218, #3821, #2233, #1497, #3794, #1576, #3870, #3468, #3847, #779, #2334, #1084, #3894, #1900, #348, #1132, #1873, #4608, #398, #5020 ),
 .UNSPECIFIED., .F., .F.,
 ( 4, 2, 2, 2, 2, 2, 2, 2, 2, 4 ),
 ( 0.007990456278740365806, 0.008484281943118251665, 0.008978107607496135789, 0.009471933271874019913, 0.009965758936251904038, 0.01045958460062978816, 0.01070649743281873109, 0.01095341026500767229, 0.01144723592938554947, 0.01194106159376342666 ),
 .UNSPECIFIED. ) ;
#4788 = DIRECTION ( 'NONE',  ( 0.000000000000000000, 1.000000000000000000, 0.000000000000000000 ) ) ;
#4789 = CYLINDRICAL_SURFACE ( 'NONE', #77, 4.999999999999997335 ) ;
#4790 = AXIS2_PLACEMENT_3D ( 'NONE', #1838, #2, #1566 ) ;
#4791 = DIRECTION ( 'NONE',  ( -0.000000000000000000, 1.000000000000000000, -0.000000000000000000 ) ) ;
#4792 = ORIENTED_EDGE ( 'NONE', *, *, #3014, .F. ) ;
#4793 = VECTOR ( 'NONE', #2982, 1000.000000000000000 ) ;
#4794 = ORIENTED_EDGE ( 'NONE', *, *, #4057, .T. ) ;
#4795 = DIRECTION ( 'NONE',  ( 0.000000000000000000, 0.000000000000000000, 1.000000000000000000 ) ) ;
#4796 = ORIENTED_EDGE ( 'NONE', *, *, #3420, .F. ) ;
#4797 = LINE ( 'NONE', #1348, #1697 ) ;
#4798 = CARTESIAN_POINT ( 'NONE',  ( 51.00027951109598945, 20.00000000000000000, -65.35281030084918541 ) ) ;
#4799 = ADVANCED_FACE ( 'NONE', ( #2359, #1978, #2027, #1675, #4359, #3211, #4381, #2847, #3926, #3544, #4409, #114, #3155, #4711, #450, #2435, #1215, #141, #3236, #4765, #2771, #4739, #1266, #2819, #835, #4331, #2745, #2467, #4024, #499 ), #2055, .T. ) ;
#4800 = CARTESIAN_POINT ( 'NONE',  ( 92.00000000000001421, 15.00000000000000000, -7.500000000000000888 ) ) ;
#4801 = VECTOR ( 'NONE', #4930, 1000.000000000000000 ) ;
#4802 = ORIENTED_EDGE ( 'NONE', *, *, #2259, .T. ) ;
#4803 = EDGE_CURVE ( 'NONE', #79, #2167, #1862, .T. ) ;
#4804 = DIRECTION ( 'NONE',  ( 0.000000000000000000, 0.000000000000000000, -1.000000000000000000 ) ) ;
#4805 = ADVANCED_FACE ( 'NONE', ( #1627 ), #3184, .F. ) ;
#4806 = ORIENTED_EDGE ( 'NONE', *, *, #2458, .T. ) ;
#4807 = EDGE_CURVE ( 'NONE', #3708, #4922, #75, .T. ) ;
#4808 = AXIS2_PLACEMENT_3D ( 'NONE', #1653, #1188, #2797 ) ;
#4809 = DIRECTION ( 'NONE',  ( -0.000000000000000000, -1.000000000000000000, -0.000000000000000000 ) ) ;
#4810 = CARTESIAN_POINT ( 'NONE',  ( 40.02502783967819511, 16.00000000000000000, -77.25000000000000000 ) ) ;
#4811 = AXIS2_PLACEMENT_3D ( 'NONE', #4898, #650, #4078 ) ;
#4812 = EDGE_CURVE ( 'NONE', #460, #2489, #2947, .T. ) ;
#4813 = CARTESIAN_POINT ( 'NONE',  ( 86.41421356237313489, 15.00000000000000355, -0.5857864376269128481 ) ) ;
#4814 = ORIENTED_EDGE ( 'NONE', *, *, #1115, .F. ) ;
#4815 = VERTEX_POINT ( 'NONE', #1728 ) ;
#4816 = AXIS2_PLACEMENT_3D ( 'NONE', #813, #4773, #2367 ) ;
#4817 = CARTESIAN_POINT ( 'NONE',  ( 48.17157287525378706, 15.00000000000000000, 0.000000000000000000 ) ) ;
#4818 = AXIS2_PLACEMENT_3D ( 'NONE', #1928, #4281, #3522 ) ;
#4819 = CARTESIAN_POINT ( 'NONE',  ( 24.60725881171361706, 14.12353757994464054, -52.06053275302597427 ) ) ;
#4820 = CARTESIAN_POINT ( 'NONE',  ( 29.99999999999990052, 20.00000000000000000, -50.74999999999981526 ) ) ;
#4821 = CARTESIAN_POINT ( 'NONE',  ( 54.00000000000002132, 14.00000000000000000, -5.000000000000087930 ) ) ;
#4822 = ORIENTED_EDGE ( 'NONE', *, *, #660, .F. ) ;
#4823 = EDGE_CURVE ( 'NONE', #2339, #4962, #1361, .T. ) ;
#4824 = ORIENTED_EDGE ( 'NONE', *, *, #2673, .F. ) ;
#4825 = CARTESIAN_POINT ( 'NONE',  ( 5.999999999999999112, 0.000000000000000000, -6.000000000000000000 ) ) ;
#4826 = ORIENTED_EDGE ( 'NONE', *, *, #4179, .F. ) ;
#4827 = DIRECTION ( 'NONE',  ( -1.000000000000000000, -0.000000000000000000, -0.000000000000000000 ) ) ;
#4828 = EDGE_CURVE ( 'NONE', #890, #4779, #3808, .T. ) ;
#4829 = CARTESIAN_POINT ( 'NONE',  ( 88.25925216946130547, 14.05374569825051090, -15.74329039483105319 ) ) ;
#4830 = AXIS2_PLACEMENT_3D ( 'NONE', #2603, #2990, #1380 ) ;
#4831 = DIRECTION ( 'NONE',  ( 0.000000000000000000, 0.000000000000000000, -1.000000000000000000 ) ) ;
#4832 = ADVANCED_FACE ( 'NONE', ( #3694 ), #4475, .F. ) ;
#4833 = AXIS2_PLACEMENT_3D ( 'NONE', #290, #4477, #1362 ) ;
#4834 = EDGE_CURVE ( 'NONE', #3297, #3903, #4094, .T. ) ;
#4835 = ORIENTED_EDGE ( 'NONE', *, *, #4823, .T. ) ;
#4836 = DIRECTION ( 'NONE',  ( 1.713307136767216603E-16, 0.000000000000000000, -1.000000000000000000 ) ) ;
#4837 = AXIS2_PLACEMENT_3D ( 'NONE', #155, #3724, #4464 ) ;
#4838 = CIRCLE ( 'NONE', #262, 1.500000000000001332 ) ;
#4839 = ORIENTED_EDGE ( 'NONE', *, *, #4803, .F. ) ;
#4840 = FACE_OUTER_BOUND ( 'NONE', #2749, .T. ) ;
#4841 = EDGE_CURVE ( 'NONE', #4335, #3956, #2932, .T. ) ;
#4842 = CARTESIAN_POINT ( 'NONE',  ( 32.10952922903808116, 14.00000000000000000, -67.24999999999998579 ) ) ;
#4843 = DIRECTION ( 'NONE',  ( -2.973811673103097665E-16, 0.000000000000000000, -1.000000000000000000 ) ) ;
#4844 = VERTEX_POINT ( 'NONE', #3738 ) ;
#4845 = CARTESIAN_POINT ( 'NONE',  ( 86.74425963302229547, 14.53585938833562885, -52.24163148998371042 ) ) ;
#4846 =( BOUNDED_SURFACE ( )  B_SPLINE_SURFACE ( 3, 2, ( 
 ( #604, #4147, #2234 ),
 ( #3701, #2160, #3002 ),
 ( #1778, #987, #205 ),
 ( #2927, #2544, #1439 ),
 ( #3339, #4924, #3773 ),
 ( #3366, #3722, #2207 ) ),
 .UNSPECIFIED., .F., .F., .F. ) 
 B_SPLINE_SURFACE_WITH_KNOTS ( ( 4, 2, 4 ),
 ( 3, 3 ),
 ( 0.01564385302928163884, 0.01808855317973864091, 0.02053325333019563950 ),
 ( 0.000000000000000000, 1.000000000000000000 ),
 .UNSPECIFIED. ) 
 GEOMETRIC_REPRESENTATION_ITEM ( )  RATIONAL_B_SPLINE_SURFACE ( (
 ( 1.000000000000000000, 0.7745966692414834043, 1.000000000000000000),
 ( 1.000000000000000000, 0.7746408119903930301, 1.000000000000000000),
 ( 1.000000000000000000, 0.7683703850084324660, 1.000000000000000000),
 ( 1.000000000000000000, 0.7450015168261390208, 1.000000000000000000),
 ( 1.000000000000000000, 0.7279424842291221109, 1.000000000000000000),
 ( 1.000000000000000000, 0.7071067811865475727, 1.000000000000000000) ) ) 
 REPRESENTATION_ITEM ( '' )  SURFACE ( )  );
#4847 = CIRCLE ( 'NONE', #4182, 1.500000000000001332 ) ;
#4848 = DIRECTION ( 'NONE',  ( 0.000000000000000000, -1.000000000000000000, -0.000000000000000000 ) ) ;
#4849 = CARTESIAN_POINT ( 'NONE',  ( 55.34193818031445744, 20.00000000000000000, -78.89275710926580132 ) ) ;
#4850 = CARTESIAN_POINT ( 'NONE',  ( 89.00000000000002842, 14.00000000000000000, -60.25000000000000000 ) ) ;
#4851 = EDGE_LOOP ( 'NONE', ( #2556, #1152, #767, #3643 ) ) ;
#4852 = CARTESIAN_POINT ( 'NONE',  ( 92.00000000000001421, 20.00000000000000000, -2.735906739254850226E-14 ) ) ;
#4853 = ORIENTED_EDGE ( 'NONE', *, *, #2088, .F. ) ;
#4854 = CARTESIAN_POINT ( 'NONE',  ( 86.85865340386189359, 14.47427601284590182, -15.63072376804259456 ) ) ;
#4855 = CARTESIAN_POINT ( 'NONE',  ( 88.58924040623708152, 14.01649239877562358, -17.38497088371130772 ) ) ;
#4856 = DIRECTION ( 'NONE',  ( -1.000000000000000000, -2.775557561562891351E-15, 0.000000000000000000 ) ) ;
#4857 = DIRECTION ( 'NONE',  ( 0.000000000000000000, 0.000000000000000000, -1.000000000000000000 ) ) ;
#4858 = EDGE_CURVE ( 'NONE', #4205, #2192, #808, .T. ) ;
#4859 = ORIENTED_EDGE ( 'NONE', *, *, #466, .T. ) ;
#4860 = ORIENTED_EDGE ( 'NONE', *, *, #1495, .T. ) ;
#4861 = DIRECTION ( 'NONE',  ( -0.000000000000000000, 1.000000000000000000, -0.000000000000000000 ) ) ;
#4862 = DIRECTION ( 'NONE',  ( 0.000000000000000000, -1.000000000000000000, 0.000000000000000000 ) ) ;
#4863 = ORIENTED_EDGE ( 'NONE', *, *, #3203, .F. ) ;
#4864 = DIRECTION ( 'NONE',  ( 0.000000000000000000, 1.000000000000000000, 0.000000000000000000 ) ) ;
#4865 = DIRECTION ( 'NONE',  ( 0.000000000000000000, 0.000000000000000000, 1.000000000000000000 ) ) ;
#4866 = CARTESIAN_POINT ( 'NONE',  ( 64.02525551875139342, 20.00000000000000000, -72.87278370505751468 ) ) ;
#4867 = CARTESIAN_POINT ( 'NONE',  ( 89.00000000000001421, 14.00000000000000000, -9.750000000000001776 ) ) ;
#4868 = ADVANCED_FACE ( 'NONE', ( #1795 ), #1340, .F. ) ;
#4869 = EDGE_CURVE ( 'NONE', #74, #1096, #4071, .T. ) ;
#4870 = ORIENTED_EDGE ( 'NONE', *, *, #3106, .T. ) ;
#4871 = EDGE_CURVE ( 'NONE', #1368, #4378, #169, .T. ) ;
#4872 = CARTESIAN_POINT ( 'NONE',  ( 68.36691418796985431, 0.000000000000000000, -72.87278370505751468 ) ) ;
#4873 = EDGE_LOOP ( 'NONE', ( #3465, #3007, #357, #540 ) ) ;
#4874 = PLANE ( 'NONE',  #2525 ) ;
#4875 = DIRECTION ( 'NONE',  ( -0.000000000000000000, -1.000000000000000000, -0.000000000000000000 ) ) ;
#4876 = AXIS2_PLACEMENT_3D ( 'NONE', #2169, #4861, #3665 ) ;
#4877 = DIRECTION ( 'NONE',  ( 0.000000000000000000, 1.000000000000000000, 0.000000000000000000 ) ) ;
#4878 = ORIENTED_EDGE ( 'NONE', *, *, #4286, .F. ) ;
#4879 =( GEOMETRIC_REPRESENTATION_CONTEXT ( 3 ) GLOBAL_UNCERTAINTY_ASSIGNED_CONTEXT ( ( #1788 ) ) GLOBAL_UNIT_ASSIGNED_CONTEXT ( ( #2811, #1284, #444 ) ) REPRESENTATION_CONTEXT ( 'NONE', 'WORKASPACE' ) );
#4880 = CARTESIAN_POINT ( 'NONE',  ( 29.99999999999990052, 19.00000000000000000, -50.74999999999981526 ) ) ;
#4881 = VERTEX_POINT ( 'NONE', #2328 ) ;
#4882 = EDGE_LOOP ( 'NONE', ( #2866, #3628, #567, #3987 ) ) ;
#4883 = CARTESIAN_POINT ( 'NONE',  ( 4.999999999999999112, 20.00000000000000000, -7.499999999999999112 ) ) ;
#4884 = CARTESIAN_POINT ( 'NONE',  ( 50.38898212496763307, 19.46196161518497192, -2.840644029496204315 ) ) ;
#4885 = CIRCLE ( 'NONE', #4315, 2.000000000000001776 ) ;
#4886 = B_SPLINE_CURVE_WITH_KNOTS ( 'NONE', 3,
 ( #3990, #2735, #2763, #3639, #3945, #31, #1232, #876, #80, #443, #2841, #418, #2428, #796, #4294, #3561, #3614, #2455 ),
 .UNSPECIFIED., .F., .F.,
 ( 4, 2, 2, 2, 2, 2, 2, 2, 4 ),
 ( 0.003885233857693266759, 0.004911539462955041846, 0.005424692265585928305, 0.005681268666901372402, 0.005937845068216816499, 0.006450997870847702959, 0.006964150673478591153, 0.007477303476109477612, 0.007990456278740365806 ),
 .UNSPECIFIED. ) ;
#4887 = VERTEX_POINT ( 'NONE', #2275 ) ;
#4888 = DIRECTION ( 'NONE',  ( 0.000000000000000000, 0.000000000000000000, 1.000000000000000000 ) ) ;
#4889 = DIRECTION ( 'NONE',  ( 1.000000000000000000, 0.000000000000000000, -1.982541115402065110E-16 ) ) ;
#4890 = CARTESIAN_POINT ( 'NONE',  ( 24.24686705368916506, 14.05561219765824355, -52.24902966819610839 ) ) ;
#4891 = AXIS2_PLACEMENT_3D ( 'NONE', #5021, #2360, #4609 ) ;
#4892 = CARTESIAN_POINT ( 'NONE',  ( 55.34193818031445744, 19.00000000000000000, -71.37278370505751468 ) ) ;
#4893 = CARTESIAN_POINT ( 'NONE',  ( 92.00000000000001421, 20.00000000000000000, -7.500000000000000888 ) ) ;
#4894 = ORIENTED_EDGE ( 'NONE', *, *, #4931, .F. ) ;
#4895 = CIRCLE ( 'NONE', #1057, 1.500000000000001332 ) ;
#4896 = DIRECTION ( 'NONE',  ( 1.000000000000000000, 0.000000000000000000, 0.000000000000000000 ) ) ;
#4897 = ORIENTED_EDGE ( 'NONE', *, *, #4489, .F. ) ;
#4898 = CARTESIAN_POINT ( 'NONE',  ( 23.50000000000000355, 19.00000000000000000, -14.75000000000000178 ) ) ;
#4899 = CARTESIAN_POINT ( 'NONE',  ( 46.65862084187751435, 19.00000000000000000, -77.39275710926580132 ) ) ;
#4900 = B_SPLINE_CURVE_WITH_KNOTS ( 'NONE', 3,
 ( #2198, #3403, #1814, #1747, #4884, #665, #688, #2942, #3711, #1357, #4523, #4090 ),
 .UNSPECIFIED., .F., .F.,
 ( 4, 2, 2, 2, 2, 4 ),
 ( -1.254221987671981078E-05, 0.0003438242318080862964, 0.0007001906834928923323, 0.001412923586862503212, 0.002125656490232114525, 0.002838389393601726055 ),
 .UNSPECIFIED. ) ;
#4901 = CARTESIAN_POINT ( 'NONE',  ( 87.81883492635368782, 14.13906641442938472, -52.03040433815762356 ) ) ;
#4902 = EDGE_CURVE ( 'NONE', #2295, #2409, #4651, .T. ) ;
#4903 = ORIENTED_EDGE ( 'NONE', *, *, #4451, .T. ) ;
#4904 = AXIS2_PLACEMENT_3D ( 'NONE', #2950, #1055, #2609 ) ;
#4905 = DIRECTION ( 'NONE',  ( 0.000000000000000000, 0.000000000000000000, 1.000000000000000000 ) ) ;
#4906 = AXIS2_PLACEMENT_3D ( 'NONE', #1695, #465, #2021 ) ;
#4907 = CIRCLE ( 'NONE', #3026, 1.250000000000001110 ) ;
#4908 = VECTOR ( 'NONE', #392, 1000.000000000000000 ) ;
#4909 = ORIENTED_EDGE ( 'NONE', *, *, #3308, .F. ) ;
#4910 = VERTEX_POINT ( 'NONE', #4552 ) ;
#4911 = LINE ( 'NONE', #1019, #4544 ) ;
#4912 = CIRCLE ( 'NONE', #745, 10.49999999999999467 ) ;
#4913 = AXIS2_PLACEMENT_3D ( 'NONE', #1382, #4939, #4503 ) ;
#4914 = DIRECTION ( 'NONE',  ( -1.000000000000000000, 0.000000000000000000, 1.387778780781450211E-15 ) ) ;
#4915 = ORIENTED_EDGE ( 'NONE', *, *, #893, .F. ) ;
#4916 = CARTESIAN_POINT ( 'NONE',  ( 87.33572184186036225, 14.28196708356999522, -51.99999999999997158 ) ) ;
#4917 = FACE_BOUND ( 'NONE', #4479, .T. ) ;
#4918 = CARTESIAN_POINT ( 'NONE',  ( 48.82945017648675190, 20.00000000000000000, -67.61279700295332873 ) ) ;
#4919 = DIRECTION ( 'NONE',  ( 0.000000000000000000, 1.000000000000000000, 0.000000000000000000 ) ) ;
#4920 = EDGE_CURVE ( 'NONE', #3556, #3295, #721, .T. ) ;
#4921 = DIRECTION ( 'NONE',  ( -1.000000000000000000, 0.000000000000000000, 1.734723475976807094E-16 ) ) ;
#4922 = VERTEX_POINT ( 'NONE', #3786 ) ;
#4923 = CARTESIAN_POINT ( 'NONE',  ( 48.82945017648675190, 19.00000000000000000, -69.11279700295332873 ) ) ;
#4924 = CARTESIAN_POINT ( 'NONE',  ( 65.47668641264218081, 14.28639564528553052, -55.25000000001377742 ) ) ;
#4925 = DIRECTION ( 'NONE',  ( 0.000000000000000000, 0.000000000000000000, 1.000000000000000000 ) ) ;
#4926 = CARTESIAN_POINT ( 'NONE',  ( 87.81587919020512345, 14.14156239285313532, -54.46206035520604871 ) ) ;
#4927 = ORIENTED_EDGE ( 'NONE', *, *, #3801, .F. ) ;
#4928 = AXIS2_PLACEMENT_3D ( 'NONE', #1013, #183, #2571 ) ;
#4929 = CYLINDRICAL_SURFACE ( 'NONE', #526, 10.49999999999999467 ) ;
#4930 = DIRECTION ( 'NONE',  ( -0.000000000000000000, 1.000000000000000000, -0.000000000000000000 ) ) ;
#4931 = EDGE_CURVE ( 'NONE', #1744, #3642, #2303, .T. ) ;
#4932 = ORIENTED_EDGE ( 'NONE', *, *, #4492, .F. ) ;
#4933 = EDGE_CURVE ( 'NONE', #2031, #1199, #3746, .T. ) ;
#4934 = ORIENTED_EDGE ( 'NONE', *, *, #2402, .T. ) ;
#4935 = DIRECTION ( 'NONE',  ( 0.000000000000000000, 0.000000000000000000, -1.000000000000000000 ) ) ;
#4936 = EDGE_CURVE ( 'NONE', #4206, #4648, #365, .T. ) ;
#4937 = DIRECTION ( 'NONE',  ( 0.000000000000000000, 0.000000000000000000, -1.000000000000000000 ) ) ;
#4938 = ORIENTED_EDGE ( 'NONE', *, *, #4491, .F. ) ;
#4939 = DIRECTION ( 'NONE',  ( 0.000000000000000000, 1.000000000000000000, 0.000000000000000000 ) ) ;
#4940 = CARTESIAN_POINT ( 'NONE',  ( 25.00000000000001421, 14.23030399291524972, -51.99999999999990763 ) ) ;
#4941 = LINE ( 'NONE', #1103, #2668 ) ;
#4942 = CARTESIAN_POINT ( 'NONE',  ( 68.36691418796985431, 0.000000000000000000, -71.37278370505751468 ) ) ;
#4943 = LINE ( 'NONE', #221, #419 ) ;
#4944 = VERTEX_POINT ( 'NONE', #720 ) ;
#4945 = LINE ( 'NONE', #4872, #2448 ) ;
#4946 = DIRECTION ( 'NONE',  ( 0.000000000000000000, -1.000000000000000000, 0.000000000000000000 ) ) ;
#4947 = FACE_OUTER_BOUND ( 'NONE', #245, .T. ) ;
#4948 = CARTESIAN_POINT ( 'NONE',  ( 88.58960046783690245, 14.01646445374715988, -52.61568936277605957 ) ) ;
#4949 = ORIENTED_EDGE ( 'NONE', *, *, #3270, .F. ) ;
#4950 = CARTESIAN_POINT ( 'NONE',  ( 48.93116466948033860, 18.98312766312548661, -1.265986323710938111 ) ) ;
#4951 = CARTESIAN_POINT ( 'NONE',  ( 0.000000000000000000, 15.00000000000000000, 0.000000000000000000 ) ) ;
#4952 = VECTOR ( 'NONE', #1996, 1000.000000000000000 ) ;
#4953 = AXIS2_PLACEMENT_3D ( 'NONE', #3435, #748, #692 ) ;
#4954 = ORIENTED_EDGE ( 'NONE', *, *, #807, .T. ) ;
#4955 = VERTEX_POINT ( 'NONE', #670 ) ;
#4956 = CARTESIAN_POINT ( 'NONE',  ( 64.02525551875139342, 20.00000000000000000, -62.35281030084921383 ) ) ;
#4957 = VECTOR ( 'NONE', #1061, 1000.000000000000000 ) ;
#4958 = ADVANCED_FACE ( 'NONE', ( #1514 ), #2715, .T. ) ;
#4959 = CARTESIAN_POINT ( 'NONE',  ( 42.31696217265903925, 0.000000000000000000, -72.87278370505748626 ) ) ;
#4960 = EDGE_CURVE ( 'NONE', #595, #1405, #4941, .T. ) ;
#4961 = AXIS2_PLACEMENT_3D ( 'NONE', #4183, #3856, #2191 ) ;
#4962 = VERTEX_POINT ( 'NONE', #1459 ) ;
#4963 = DIRECTION ( 'NONE',  ( -2.973811673103097665E-16, 0.000000000000000000, -1.000000000000000000 ) ) ;
#4964 = FACE_OUTER_BOUND ( 'NONE', #3480, .T. ) ;
#4965 = DIRECTION ( 'NONE',  ( -1.000000000000000000, -0.000000000000000000, -0.000000000000000000 ) ) ;
#4966 = ADVANCED_FACE ( 'NONE', ( #1818 ), #4238, .F. ) ;
#4967 = DIRECTION ( 'NONE',  ( 0.000000000000000000, 1.000000000000000000, 0.000000000000000000 ) ) ;
#4968 = CARTESIAN_POINT ( 'NONE',  ( 59.68359684953292543, 20.00000000000000000, -63.85281030084921383 ) ) ;
#4969 = ORIENTED_EDGE ( 'NONE', *, *, #561, .T. ) ;
#4970 = DIRECTION ( 'NONE',  ( 0.000000000000000000, 0.000000000000000000, -1.000000000000000000 ) ) ;
#4971 = AXIS2_PLACEMENT_3D ( 'NONE', #2615, #3772, #2232 ) ;
#4972 = DIRECTION ( 'NONE',  ( 0.000000000000000000, -1.000000000000000000, 0.000000000000000000 ) ) ;
#4973 = CARTESIAN_POINT ( 'NONE',  ( 63.33333333333324333, 18.33333333333324333, -14.33333333333343518 ) ) ;
#4974 = CARTESIAN_POINT ( 'NONE',  ( 88.11738853889421819, 14.07802939640451001, -52.16004020379146056 ) ) ;
#4975 = EDGE_CURVE ( 'NONE', #4676, #2751, #1694, .T. ) ;
#4976 = ORIENTED_EDGE ( 'NONE', *, *, #5010, .T. ) ;
#4977 = DIRECTION ( 'NONE',  ( 0.000000000000000000, 0.000000000000000000, -1.000000000000000000 ) ) ;
#4978 = AXIS2_PLACEMENT_3D ( 'NONE', #1551, #5003, #784 ) ;
#4979 = CARTESIAN_POINT ( 'NONE',  ( 25.00000000000001066, 19.00000000000000000, -53.24999999999999289 ) ) ;
#4980 = EDGE_CURVE ( 'NONE', #1008, #2324, #1158, .T. ) ;
#4981 = ORIENTED_EDGE ( 'NONE', *, *, #3008, .T. ) ;
#4982 = VECTOR ( 'NONE', #3970, 1000.000000000000000 ) ;
#4983 = EDGE_LOOP ( 'NONE', ( #1230, #1263, #441, #1437 ) ) ;
#4984 = DIRECTION ( 'NONE',  ( -0.000000000000000000, 1.000000000000000000, -0.000000000000000000 ) ) ;
#4985 = FACE_OUTER_BOUND ( 'NONE', #23, .T. ) ;
#4986 = ORIENTED_EDGE ( 'NONE', *, *, #1773, .T. ) ;
#4987 = DIRECTION ( 'NONE',  ( 0.000000000000000000, 0.000000000000000000, 1.000000000000000000 ) ) ;
#4988 = VECTOR ( 'NONE', #948, 1000.000000000000000 ) ;
#4989 = AXIS2_PLACEMENT_3D ( 'NONE', #1868, #5, #1571 ) ;
#4990 = ADVANCED_FACE ( 'NONE', ( #3071 ), #3814, .F. ) ;
#4991 = FACE_OUTER_BOUND ( 'NONE', #608, .T. ) ;
#4992 = CARTESIAN_POINT ( 'NONE',  ( 30.00000000000012434, 19.00000000000000000, -19.24999999999980815 ) ) ;
#4993 = FACE_OUTER_BOUND ( 'NONE', #2818, .T. ) ;
#4994 = CARTESIAN_POINT ( 'NONE',  ( 4.999999999999998224, 15.00000000000000000, -7.499999999999999112 ) ) ;
#4995 = CIRCLE ( 'NONE', #2790, 1.500000000000001332 ) ;
#4996 = VERTEX_POINT ( 'NONE', #1078 ) ;
#4997 = DIRECTION ( 'NONE',  ( 1.000000000000000000, -0.000000000000000000, 0.000000000000000000 ) ) ;
#4998 = CARTESIAN_POINT ( 'NONE',  ( 33.00000000000014211, 19.00000000000000000, -16.24999999999982592 ) ) ;
#4999 = CARTESIAN_POINT ( 'NONE',  ( 87.50000000000001421, 19.00000000000000000, -18.00000000000001066 ) ) ;
#5000 = DIRECTION ( 'NONE',  ( -1.000000000000000000, 0.000000000000000000, -0.000000000000000000 ) ) ;
#5001 = CARTESIAN_POINT ( 'NONE',  ( 88.31698951848694890, 14.04651073324496835, -54.19969273239387064 ) ) ;
#5002 = EDGE_LOOP ( 'NONE', ( #3663, #1023, #2111, #4106 ) ) ;
#5003 = DIRECTION ( 'NONE',  ( 0.000000000000000000, 1.000000000000000000, 0.000000000000000000 ) ) ;
#5004 = CARTESIAN_POINT ( 'NONE',  ( 54.00000000000003553, 8.999999999999991118, -6.000000000000000000 ) ) ;
#5005 = AXIS2_PLACEMENT_3D ( 'NONE', #4079, #1349, #2957 ) ;
#5006 = CARTESIAN_POINT ( 'NONE',  ( 61.25000000000002132, 14.00000000000000000, -59.25000000000000000 ) ) ;
#5007 = AXIS2_PLACEMENT_3D ( 'NONE', #2092, #4083, #4517 ) ;
#5008 = ORIENTED_EDGE ( 'NONE', *, *, #1746, .F. ) ;
#5009 = ORIENTED_EDGE ( 'NONE', *, *, #3466, .F. ) ;
#5010 = EDGE_CURVE ( 'NONE', #3743, #3267, #2658, .T. ) ;
#5011 = CARTESIAN_POINT ( 'NONE',  ( 85.01400055716133863, 17.79515596046255510, -1.985999442838701112 ) ) ;
#5012 = EDGE_LOOP ( 'NONE', ( #1649, #1933 ) ) ;
#5013 = DIRECTION ( 'NONE',  ( 0.000000000000000000, 0.000000000000000000, -1.000000000000000000 ) ) ;
#5014 = DIRECTION ( 'NONE',  ( -0.000000000000000000, 1.000000000000000000, -0.000000000000000000 ) ) ;
#5015 = DIRECTION ( 'NONE',  ( 0.000000000000000000, 0.000000000000000000, 1.000000000000000000 ) ) ;
#5016 = DIRECTION ( 'NONE',  ( -0.000000000000000000, 1.000000000000000000, -0.000000000000000000 ) ) ;
#5017 = ORIENTED_EDGE ( 'NONE', *, *, #194, .T. ) ;
#5018 = EDGE_CURVE ( 'NONE', #67, #1581, #340, .T. ) ;
#5019 = LINE ( 'NONE', #347, #4420 ) ;
#5020 = CARTESIAN_POINT ( 'NONE',  ( 25.00000000000001421, 14.23030399291523551, -18.00000000000015277 ) ) ;
#5021 = CARTESIAN_POINT ( 'NONE',  ( 55.34193818031445744, 0.000000000000000000, -71.37278370505751468 ) ) ;
#5022 = FACE_OUTER_BOUND ( 'NONE', #1904, .T. ) ;
#5023 = CARTESIAN_POINT ( 'NONE',  ( 5.000000000000000000, 15.00000000000000000, -9.912705577010326536E-16 ) ) ;
#5024 = ADVANCED_FACE ( 'NONE', ( #4190 ), #314, .F. ) ;
#5025 = EDGE_CURVE ( 'NONE', #3824, #1330, #3462, .T. ) ;
#5026 = ADVANCED_FACE ( 'NONE', ( #4625 ), #2684, .F. ) ;
#5027 = EDGE_LOOP ( 'NONE', ( #1600, #4356 ) ) ;
#5028 = CARTESIAN_POINT ( 'NONE',  ( 61.85442618414216298, 19.00000000000000000, -66.11279700295335715 ) ) ;
#5029 = FACE_OUTER_BOUND ( 'NONE', #3123, .T. ) ;
#5030 = LINE ( 'NONE', #4568, #4801 ) ;
#5031 = EDGE_LOOP ( 'NONE', ( #3323, #1451 ) ) ;
#5032 = ADVANCED_BREP_SHAPE_REPRESENTATION ( 'GB_Top_Display_Shell_3.0_stp', ( #867, #3164 ), #4879 ) ;
#5033 = VERTEX_POINT ( 'NONE', #2045 ) ;
#5034 = VECTOR ( 'NONE', #4963, 1000.000000000000000 ) ;
#5035 = CARTESIAN_POINT ( 'NONE',  ( 51.00027951109598945, 19.00000000000000000, -78.89275710926580132 ) ) ;
#5036 = ORIENTED_EDGE ( 'NONE', *, *, #2321, .F. ) ;
#5037 = AXIS2_PLACEMENT_3D ( 'NONE', #44, #4597, #3163 ) ;
#5038 = CARTESIAN_POINT ( 'NONE',  ( 49.58578643762689353, 16.06806363747541866, -0.5857864376269137363 ) ) ;
#5039 = CYLINDRICAL_SURFACE ( 'NONE', #4516, 1.500000000000001332 ) ;
#5040 = DIRECTION ( 'NONE',  ( 0.000000000000000000, -1.000000000000000000, 0.000000000000000000 ) ) ;
#5041 = PLANE ( 'NONE',  #4089 ) ;
#5042 = CYLINDRICAL_SURFACE ( 'NONE', #2782, 1.500000000000001332 ) ;
#5043 = AXIS2_PLACEMENT_3D ( 'NONE', #3256, #3206, #4020 ) ;
#5044 = ADVANCED_FACE ( 'NONE', ( #3919 ), #3510, .T. ) ;
#5045 = ORIENTED_EDGE ( 'NONE', *, *, #1835, .F. ) ;
#5046 = EDGE_CURVE ( 'NONE', #2272, #2802, #2754, .T. ) ;
#5047 = FACE_BOUND ( 'NONE', #1963, .T. ) ;
#5048 = DIRECTION ( 'NONE',  ( 1.000000000000000000, 0.000000000000000000, -7.189697298024360726E-15 ) ) ;
#5049 = DIRECTION ( 'NONE',  ( -7.049035076985118725E-15, 0.000000000000000000, -1.000000000000000000 ) ) ;
#5050 = DIRECTION ( 'NONE',  ( 1.000000000000000000, 0.000000000000000000, 0.000000000000000000 ) ) ;
#5051 = CARTESIAN_POINT ( 'NONE',  ( 59.68359684953292543, 20.00000000000000000, -69.87278370505750047 ) ) ;
#5052 = AXIS2_PLACEMENT_3D ( 'NONE', #913, #38, #1291 ) ;
#5053 = ORIENTED_EDGE ( 'NONE', *, *, #4841, .T. ) ;
#5054 = LINE ( 'NONE', #1139, #573 ) ;
#5055 = CARTESIAN_POINT ( 'NONE',  ( 37.97530350344057837, 0.000000000000000000, -69.87278370505747205 ) ) ;
#5056 = LINE ( 'NONE', #1988, #2461 ) ;
#5057 = ORIENTED_EDGE ( 'NONE', *, *, #4110, .T. ) ;
#5058 = VECTOR ( 'NONE', #548, 1000.000000000000000 ) ;
#5059 = EDGE_LOOP ( 'NONE', ( #3891, #3501, #317, #1833 ) ) ;
#5060 = LINE ( 'NONE', #2322, #3606 ) ;
#5061 = VERTEX_POINT ( 'NONE', #1943 ) ;
ENDSEC;
END-ISO-10303-21;
